================================================================================
apps/web — RONDA 8b (REQ-181..196, REQ-208)
Recuperación de contraseña · verificación de correo · invitación por enlace
firmado · contacto público · preferencias y baja de un clic
================================================================================
Fecha: 2026-09-06
Ámbito: apps/web/** (no se tocó apps/api, apps/worker ni packages/*).
Compuerta de cierre (2 pasadas): typecheck + lint + test + test:coverage,
build y test:e2e:full. Salida REAL, en primer plano, sin recortes de los
resultados.
================================================================================

################ PASADA 1 ################

$ npm run -w apps/web typecheck

> @atiende/web@0.1.0 typecheck
> tsc -b --noEmit

exit=0

$ npm run -w apps/web lint

> @atiende/web@0.1.0 lint
> eslint .

exit=0

$ npm run -w apps/web test

> @atiende/web@0.1.0 test
> NODE_OPTIONS=--no-experimental-webstorage vitest run


 RUN  v4.1.11 /Users/javiercamaraportepetit/Documents/Codex/atiende-licitaciones-staging/apps/web

Error: Not implemented: HTMLCanvasElement.prototype.getContext (without installing the canvas npm package)
    at module.exports (/Users/javiercamaraportepetit/Documents/Codex/atiende-licitaciones-staging/node_modules/jsdom/lib/jsdom/browser/not-implemented.js:9:17)
    at HTMLCanvasElementImpl.getContext (/Users/javiercamaraportepetit/Documents/Codex/atiende-licitaciones-staging/node_modules/jsdom/lib/jsdom/living/nodes/HTMLCanvasElement-impl.js:42:5)
    at HTMLCanvasElement.getContext (/Users/javiercamaraportepetit/Documents/Codex/atiende-licitaciones-staging/node_modules/jsdom/lib/jsdom/living/generated/HTMLCanvasElement.js:131:58)
    at /Users/javiercamaraportepetit/Documents/Codex/atiende-licitaciones-staging/node_modules/axe-core/axe.js:17088:49
    at Object.get (/Users/javiercamaraportepetit/Documents/Codex/atiende-licitaciones-staging/node_modules/axe-core/axe.js:11246:23)
    at _isIconLigature (/Users/javiercamaraportepetit/Documents/Codex/atiende-licitaciones-staging/node_modules/axe-core/axe.js:17087:41)
    at /Users/javiercamaraportepetit/Documents/Codex/atiende-licitaciones-staging/node_modules/axe-core/axe.js:28725:54
    at Array.some (<anonymous>)
    at hasRealTextChildren (/Users/javiercamaraportepetit/Documents/Codex/atiende-licitaciones-staging/node_modules/axe-core/axe.js:28724:35)
    at Rule.colorContrastMatches [as matches] (/Users/javiercamaraportepetit/Documents/Codex/atiende-licitaciones-staging/node_modules/axe-core/axe.js:28686:12) [90mundefined[39m
Error: Not implemented: HTMLCanvasElement.prototype.getContext (without installing the canvas npm package)
    at module.exports (/Users/javiercamaraportepetit/Documents/Codex/atiende-licitaciones-staging/node_modules/jsdom/lib/jsdom/browser/not-implemented.js:9:17)
    at HTMLCanvasElementImpl.getContext (/Users/javiercamaraportepetit/Documents/Codex/atiende-licitaciones-staging/node_modules/jsdom/lib/jsdom/living/nodes/HTMLCanvasElement-impl.js:42:5)
    at HTMLCanvasElement.getContext (/Users/javiercamaraportepetit/Documents/Codex/atiende-licitaciones-staging/node_modules/jsdom/lib/jsdom/living/generated/HTMLCanvasElement.js:131:58)
    at /Users/javiercamaraportepetit/Documents/Codex/atiende-licitaciones-staging/node_modules/axe-core/axe.js:17088:49
    at Object.get (/Users/javiercamaraportepetit/Documents/Codex/atiende-licitaciones-staging/node_modules/axe-core/axe.js:11246:23)
    at _isIconLigature (/Users/javiercamaraportepetit/Documents/Codex/atiende-licitaciones-staging/node_modules/axe-core/axe.js:17087:41)
    at /Users/javiercamaraportepetit/Documents/Codex/atiende-licitaciones-staging/node_modules/axe-core/axe.js:28725:54
    at Array.some (<anonymous>)
    at hasRealTextChildren (/Users/javiercamaraportepetit/Documents/Codex/atiende-licitaciones-staging/node_modules/axe-core/axe.js:28724:35)
    at Rule.colorContrastMatches [as matches] (/Users/javiercamaraportepetit/Documents/Codex/atiende-licitaciones-staging/node_modules/axe-core/axe.js:28686:12) [90mundefined[39m
Error: Not implemented: HTMLCanvasElement.prototype.getContext (without installing the canvas npm package)
    at module.exports (/Users/javiercamaraportepetit/Documents/Codex/atiende-licitaciones-staging/node_modules/jsdom/lib/jsdom/browser/not-implemented.js:9:17)
    at HTMLCanvasElementImpl.getContext (/Users/javiercamaraportepetit/Documents/Codex/atiende-licitaciones-staging/node_modules/jsdom/lib/jsdom/living/nodes/HTMLCanvasElement-impl.js:42:5)
    at HTMLCanvasElement.getContext (/Users/javiercamaraportepetit/Documents/Codex/atiende-licitaciones-staging/node_modules/jsdom/lib/jsdom/living/generated/HTMLCanvasElement.js:131:58)
    at /Users/javiercamaraportepetit/Documents/Codex/atiende-licitaciones-staging/node_modules/axe-core/axe.js:17088:49
    at Object.get (/Users/javiercamaraportepetit/Documents/Codex/atiende-licitaciones-staging/node_modules/axe-core/axe.js:11246:23)
    at _isIconLigature (/Users/javiercamaraportepetit/Documents/Codex/atiende-licitaciones-staging/node_modules/axe-core/axe.js:17087:41)
    at /Users/javiercamaraportepetit/Documents/Codex/atiende-licitaciones-staging/node_modules/axe-core/axe.js:28725:54
    at Array.some (<anonymous>)
    at hasRealTextChildren (/Users/javiercamaraportepetit/Documents/Codex/atiende-licitaciones-staging/node_modules/axe-core/axe.js:28724:35)
    at Rule.colorContrastMatches [as matches] (/Users/javiercamaraportepetit/Documents/Codex/atiende-licitaciones-staging/node_modules/axe-core/axe.js:28686:12) [90mundefined[39m
Error: Not implemented: HTMLCanvasElement.prototype.getContext (without installing the canvas npm package)
    at module.exports (/Users/javiercamaraportepetit/Documents/Codex/atiende-licitaciones-staging/node_modules/jsdom/lib/jsdom/browser/not-implemented.js:9:17)
    at HTMLCanvasElementImpl.getContext (/Users/javiercamaraportepetit/Documents/Codex/atiende-licitaciones-staging/node_modules/jsdom/lib/jsdom/living/nodes/HTMLCanvasElement-impl.js:42:5)
    at HTMLCanvasElement.getContext (/Users/javiercamaraportepetit/Documents/Codex/atiende-licitaciones-staging/node_modules/jsdom/lib/jsdom/living/generated/HTMLCanvasElement.js:131:58)
    at /Users/javiercamaraportepetit/Documents/Codex/atiende-licitaciones-staging/node_modules/axe-core/axe.js:17088:49
    at Object.get (/Users/javiercamaraportepetit/Documents/Codex/atiende-licitaciones-staging/node_modules/axe-core/axe.js:11246:23)
    at _isIconLigature (/Users/javiercamaraportepetit/Documents/Codex/atiende-licitaciones-staging/node_modules/axe-core/axe.js:17087:41)
    at /Users/javiercamaraportepetit/Documents/Codex/atiende-licitaciones-staging/node_modules/axe-core/axe.js:28725:54
    at Array.some (<anonymous>)
    at hasRealTextChildren (/Users/javiercamaraportepetit/Documents/Codex/atiende-licitaciones-staging/node_modules/axe-core/axe.js:28724:35)
    at Rule.colorContrastMatches [as matches] (/Users/javiercamaraportepetit/Documents/Codex/atiende-licitaciones-staging/node_modules/axe-core/axe.js:28686:12) [90mundefined[39m
Error: Not implemented: HTMLCanvasElement.prototype.getContext (without installing the canvas npm package)
    at module.exports (/Users/javiercamaraportepetit/Documents/Codex/atiende-licitaciones-staging/node_modules/jsdom/lib/jsdom/browser/not-implemented.js:9:17)
    at HTMLCanvasElementImpl.getContext (/Users/javiercamaraportepetit/Documents/Codex/atiende-licitaciones-staging/node_modules/jsdom/lib/jsdom/living/nodes/HTMLCanvasElement-impl.js:42:5)
    at HTMLCanvasElement.getContext (/Users/javiercamaraportepetit/Documents/Codex/atiende-licitaciones-staging/node_modules/jsdom/lib/jsdom/living/generated/HTMLCanvasElement.js:131:58)
    at /Users/javiercamaraportepetit/Documents/Codex/atiende-licitaciones-staging/node_modules/axe-core/axe.js:17088:49
    at Object.get (/Users/javiercamaraportepetit/Documents/Codex/atiende-licitaciones-staging/node_modules/axe-core/axe.js:11246:23)
    at _isIconLigature (/Users/javiercamaraportepetit/Documents/Codex/atiende-licitaciones-staging/node_modules/axe-core/axe.js:17087:41)
    at /Users/javiercamaraportepetit/Documents/Codex/atiende-licitaciones-staging/node_modules/axe-core/axe.js:28725:54
    at Array.some (<anonymous>)
    at hasRealTextChildren (/Users/javiercamaraportepetit/Documents/Codex/atiende-licitaciones-staging/node_modules/axe-core/axe.js:28724:35)
    at Rule.colorContrastMatches [as matches] (/Users/javiercamaraportepetit/Documents/Codex/atiende-licitaciones-staging/node_modules/axe-core/axe.js:28686:12) [90mundefined[39m
Error: Not implemented: HTMLCanvasElement.prototype.getContext (without installing the canvas npm package)
    at module.exports (/Users/javiercamaraportepetit/Documents/Codex/atiende-licitaciones-staging/node_modules/jsdom/lib/jsdom/browser/not-implemented.js:9:17)
    at HTMLCanvasElementImpl.getContext (/Users/javiercamaraportepetit/Documents/Codex/atiende-licitaciones-staging/node_modules/jsdom/lib/jsdom/living/nodes/HTMLCanvasElement-impl.js:42:5)
    at HTMLCanvasElement.getContext (/Users/javiercamaraportepetit/Documents/Codex/atiende-licitaciones-staging/node_modules/jsdom/lib/jsdom/living/generated/HTMLCanvasElement.js:131:58)
    at /Users/javiercamaraportepetit/Documents/Codex/atiende-licitaciones-staging/node_modules/axe-core/axe.js:17088:49
    at Object.get (/Users/javiercamaraportepetit/Documents/Codex/atiende-licitaciones-staging/node_modules/axe-core/axe.js:11246:23)
    at _isIconLigature (/Users/javiercamaraportepetit/Documents/Codex/atiende-licitaciones-staging/node_modules/axe-core/axe.js:17087:41)
    at /Users/javiercamaraportepetit/Documents/Codex/atiende-licitaciones-staging/node_modules/axe-core/axe.js:28725:54
    at Array.some (<anonymous>)
    at hasRealTextChildren (/Users/javiercamaraportepetit/Documents/Codex/atiende-licitaciones-staging/node_modules/axe-core/axe.js:28724:35)
    at Rule.colorContrastMatches [as matches] (/Users/javiercamaraportepetit/Documents/Codex/atiende-licitaciones-staging/node_modules/axe-core/axe.js:28686:12) [90mundefined[39m
Error: Not implemented: HTMLCanvasElement.prototype.getContext (without installing the canvas npm package)
    at module.exports (/Users/javiercamaraportepetit/Documents/Codex/atiende-licitaciones-staging/node_modules/jsdom/lib/jsdom/browser/not-implemented.js:9:17)
    at HTMLCanvasElementImpl.getContext (/Users/javiercamaraportepetit/Documents/Codex/atiende-licitaciones-staging/node_modules/jsdom/lib/jsdom/living/nodes/HTMLCanvasElement-impl.js:42:5)
    at HTMLCanvasElement.getContext (/Users/javiercamaraportepetit/Documents/Codex/atiende-licitaciones-staging/node_modules/jsdom/lib/jsdom/living/generated/HTMLCanvasElement.js:131:58)
    at /Users/javiercamaraportepetit/Documents/Codex/atiende-licitaciones-staging/node_modules/axe-core/axe.js:17088:49
    at Object.get (/Users/javiercamaraportepetit/Documents/Codex/atiende-licitaciones-staging/node_modules/axe-core/axe.js:11246:23)
    at _isIconLigature (/Users/javiercamaraportepetit/Documents/Codex/atiende-licitaciones-staging/node_modules/axe-core/axe.js:17087:41)
    at /Users/javiercamaraportepetit/Documents/Codex/atiende-licitaciones-staging/node_modules/axe-core/axe.js:28725:54
    at Array.some (<anonymous>)
    at hasRealTextChildren (/Users/javiercamaraportepetit/Documents/Codex/atiende-licitaciones-staging/node_modules/axe-core/axe.js:28724:35)
    at Rule.colorContrastMatches [as matches] (/Users/javiercamaraportepetit/Documents/Codex/atiende-licitaciones-staging/node_modules/axe-core/axe.js:28686:12) [90mundefined[39m
Error: Not implemented: HTMLCanvasElement.prototype.getContext (without installing the canvas npm package)
    at module.exports (/Users/javiercamaraportepetit/Documents/Codex/atiende-licitaciones-staging/node_modules/jsdom/lib/jsdom/browser/not-implemented.js:9:17)
    at HTMLCanvasElementImpl.getContext (/Users/javiercamaraportepetit/Documents/Codex/atiende-licitaciones-staging/node_modules/jsdom/lib/jsdom/living/nodes/HTMLCanvasElement-impl.js:42:5)
    at HTMLCanvasElement.getContext (/Users/javiercamaraportepetit/Documents/Codex/atiende-licitaciones-staging/node_modules/jsdom/lib/jsdom/living/generated/HTMLCanvasElement.js:131:58)
    at /Users/javiercamaraportepetit/Documents/Codex/atiende-licitaciones-staging/node_modules/axe-core/axe.js:17088:49
    at Object.get (/Users/javiercamaraportepetit/Documents/Codex/atiende-licitaciones-staging/node_modules/axe-core/axe.js:11246:23)
    at _isIconLigature (/Users/javiercamaraportepetit/Documents/Codex/atiende-licitaciones-staging/node_modules/axe-core/axe.js:17087:41)
    at /Users/javiercamaraportepetit/Documents/Codex/atiende-licitaciones-staging/node_modules/axe-core/axe.js:28725:54
    at Array.some (<anonymous>)
    at hasRealTextChildren (/Users/javiercamaraportepetit/Documents/Codex/atiende-licitaciones-staging/node_modules/axe-core/axe.js:28724:35)
    at Rule.colorContrastMatches [as matches] (/Users/javiercamaraportepetit/Documents/Codex/atiende-licitaciones-staging/node_modules/axe-core/axe.js:28686:12) [90mundefined[39m
Error: Not implemented: HTMLCanvasElement.prototype.getContext (without installing the canvas npm package)
    at module.exports (/Users/javiercamaraportepetit/Documents/Codex/atiende-licitaciones-staging/node_modules/jsdom/lib/jsdom/browser/not-implemented.js:9:17)
    at HTMLCanvasElementImpl.getContext (/Users/javiercamaraportepetit/Documents/Codex/atiende-licitaciones-staging/node_modules/jsdom/lib/jsdom/living/nodes/HTMLCanvasElement-impl.js:42:5)
    at HTMLCanvasElement.getContext (/Users/javiercamaraportepetit/Documents/Codex/atiende-licitaciones-staging/node_modules/jsdom/lib/jsdom/living/generated/HTMLCanvasElement.js:131:58)
    at /Users/javiercamaraportepetit/Documents/Codex/atiende-licitaciones-staging/node_modules/axe-core/axe.js:17088:49
    at Object.get (/Users/javiercamaraportepetit/Documents/Codex/atiende-licitaciones-staging/node_modules/axe-core/axe.js:11246:23)
    at _isIconLigature (/Users/javiercamaraportepetit/Documents/Codex/atiende-licitaciones-staging/node_modules/axe-core/axe.js:17087:41)
    at /Users/javiercamaraportepetit/Documents/Codex/atiende-licitaciones-staging/node_modules/axe-core/axe.js:28725:54
    at Array.some (<anonymous>)
    at hasRealTextChildren (/Users/javiercamaraportepetit/Documents/Codex/atiende-licitaciones-staging/node_modules/axe-core/axe.js:28724:35)
    at Rule.colorContrastMatches [as matches] (/Users/javiercamaraportepetit/Documents/Codex/atiende-licitaciones-staging/node_modules/axe-core/axe.js:28686:12) [90mundefined[39m
Error: Not implemented: HTMLCanvasElement.prototype.getContext (without installing the canvas npm package)
    at module.exports (/Users/javiercamaraportepetit/Documents/Codex/atiende-licitaciones-staging/node_modules/jsdom/lib/jsdom/browser/not-implemented.js:9:17)
    at HTMLCanvasElementImpl.getContext (/Users/javiercamaraportepetit/Documents/Codex/atiende-licitaciones-staging/node_modules/jsdom/lib/jsdom/living/nodes/HTMLCanvasElement-impl.js:42:5)
    at HTMLCanvasElement.getContext (/Users/javiercamaraportepetit/Documents/Codex/atiende-licitaciones-staging/node_modules/jsdom/lib/jsdom/living/generated/HTMLCanvasElement.js:131:58)
    at /Users/javiercamaraportepetit/Documents/Codex/atiende-licitaciones-staging/node_modules/axe-core/axe.js:17088:49
    at Object.get (/Users/javiercamaraportepetit/Documents/Codex/atiende-licitaciones-staging/node_modules/axe-core/axe.js:11246:23)
    at _isIconLigature (/Users/javiercamaraportepetit/Documents/Codex/atiende-licitaciones-staging/node_modules/axe-core/axe.js:17087:41)
    at /Users/javiercamaraportepetit/Documents/Codex/atiende-licitaciones-staging/node_modules/axe-core/axe.js:28725:54
    at Array.some (<anonymous>)
    at hasRealTextChildren (/Users/javiercamaraportepetit/Documents/Codex/atiende-licitaciones-staging/node_modules/axe-core/axe.js:28724:35)
    at Rule.colorContrastMatches [as matches] (/Users/javiercamaraportepetit/Documents/Codex/atiende-licitaciones-staging/node_modules/axe-core/axe.js:28686:12) [90mundefined[39m
Error: Not implemented: HTMLCanvasElement.prototype.getContext (without installing the canvas npm package)
    at module.exports (/Users/javiercamaraportepetit/Documents/Codex/atiende-licitaciones-staging/node_modules/jsdom/lib/jsdom/browser/not-implemented.js:9:17)
    at HTMLCanvasElementImpl.getContext (/Users/javiercamaraportepetit/Documents/Codex/atiende-licitaciones-staging/node_modules/jsdom/lib/jsdom/living/nodes/HTMLCanvasElement-impl.js:42:5)
    at HTMLCanvasElement.getContext (/Users/javiercamaraportepetit/Documents/Codex/atiende-licitaciones-staging/node_modules/jsdom/lib/jsdom/living/generated/HTMLCanvasElement.js:131:58)
    at /Users/javiercamaraportepetit/Documents/Codex/atiende-licitaciones-staging/node_modules/axe-core/axe.js:17088:49
    at Object.get (/Users/javiercamaraportepetit/Documents/Codex/atiende-licitaciones-staging/node_modules/axe-core/axe.js:11246:23)
    at _isIconLigature (/Users/javiercamaraportepetit/Documents/Codex/atiende-licitaciones-staging/node_modules/axe-core/axe.js:17087:41)
    at /Users/javiercamaraportepetit/Documents/Codex/atiende-licitaciones-staging/node_modules/axe-core/axe.js:28725:54
    at Array.some (<anonymous>)
    at hasRealTextChildren (/Users/javiercamaraportepetit/Documents/Codex/atiende-licitaciones-staging/node_modules/axe-core/axe.js:28724:35)
    at Rule.colorContrastMatches [as matches] (/Users/javiercamaraportepetit/Documents/Codex/atiende-licitaciones-staging/node_modules/axe-core/axe.js:28686:12) [90mundefined[39m
Error: Not implemented: HTMLCanvasElement.prototype.getContext (without installing the canvas npm package)
    at module.exports (/Users/javiercamaraportepetit/Documents/Codex/atiende-licitaciones-staging/node_modules/jsdom/lib/jsdom/browser/not-implemented.js:9:17)
    at HTMLCanvasElementImpl.getContext (/Users/javiercamaraportepetit/Documents/Codex/atiende-licitaciones-staging/node_modules/jsdom/lib/jsdom/living/nodes/HTMLCanvasElement-impl.js:42:5)
    at HTMLCanvasElement.getContext (/Users/javiercamaraportepetit/Documents/Codex/atiende-licitaciones-staging/node_modules/jsdom/lib/jsdom/living/generated/HTMLCanvasElement.js:131:58)
    at /Users/javiercamaraportepetit/Documents/Codex/atiende-licitaciones-staging/node_modules/axe-core/axe.js:17088:49
    at Object.get (/Users/javiercamaraportepetit/Documents/Codex/atiende-licitaciones-staging/node_modules/axe-core/axe.js:11246:23)
    at _isIconLigature (/Users/javiercamaraportepetit/Documents/Codex/atiende-licitaciones-staging/node_modules/axe-core/axe.js:17087:41)
    at /Users/javiercamaraportepetit/Documents/Codex/atiende-licitaciones-staging/node_modules/axe-core/axe.js:28725:54
    at Array.some (<anonymous>)
    at hasRealTextChildren (/Users/javiercamaraportepetit/Documents/Codex/atiende-licitaciones-staging/node_modules/axe-core/axe.js:28724:35)
    at Rule.colorContrastMatches [as matches] (/Users/javiercamaraportepetit/Documents/Codex/atiende-licitaciones-staging/node_modules/axe-core/axe.js:28686:12) [90mundefined[39m

 Test Files  46 passed (46)
      Tests  225 passed (225)
   Start at  17:49:35
   Duration  41.90s (transform 2.67s, setup 8.47s, import 12.76s, tests 186.00s, environment 12.60s)

exit=0

$ npm run -w apps/web test:coverage

> @atiende/web@0.1.0 test:coverage
> NODE_OPTIONS=--no-experimental-webstorage vitest run --coverage


 RUN  v4.1.11 /Users/javiercamaraportepetit/Documents/Codex/atiende-licitaciones-staging/apps/web
      Coverage enabled with v8

Error: Not implemented: HTMLCanvasElement.prototype.getContext (without installing the canvas npm package)
    at module.exports (/Users/javiercamaraportepetit/Documents/Codex/atiende-licitaciones-staging/node_modules/jsdom/lib/jsdom/browser/not-implemented.js:9:17)
    at HTMLCanvasElementImpl.getContext (/Users/javiercamaraportepetit/Documents/Codex/atiende-licitaciones-staging/node_modules/jsdom/lib/jsdom/living/nodes/HTMLCanvasElement-impl.js:42:5)
    at HTMLCanvasElement.getContext (/Users/javiercamaraportepetit/Documents/Codex/atiende-licitaciones-staging/node_modules/jsdom/lib/jsdom/living/generated/HTMLCanvasElement.js:131:58)
    at /Users/javiercamaraportepetit/Documents/Codex/atiende-licitaciones-staging/node_modules/axe-core/axe.js:17088:49
    at Object.get (/Users/javiercamaraportepetit/Documents/Codex/atiende-licitaciones-staging/node_modules/axe-core/axe.js:11246:23)
    at _isIconLigature (/Users/javiercamaraportepetit/Documents/Codex/atiende-licitaciones-staging/node_modules/axe-core/axe.js:17087:41)
    at /Users/javiercamaraportepetit/Documents/Codex/atiende-licitaciones-staging/node_modules/axe-core/axe.js:28725:54
    at Array.some (<anonymous>)
    at hasRealTextChildren (/Users/javiercamaraportepetit/Documents/Codex/atiende-licitaciones-staging/node_modules/axe-core/axe.js:28724:35)
    at Rule.colorContrastMatches [as matches] (/Users/javiercamaraportepetit/Documents/Codex/atiende-licitaciones-staging/node_modules/axe-core/axe.js:28686:12) [90mundefined[39m
Error: Not implemented: HTMLCanvasElement.prototype.getContext (without installing the canvas npm package)
    at module.exports (/Users/javiercamaraportepetit/Documents/Codex/atiende-licitaciones-staging/node_modules/jsdom/lib/jsdom/browser/not-implemented.js:9:17)
    at HTMLCanvasElementImpl.getContext (/Users/javiercamaraportepetit/Documents/Codex/atiende-licitaciones-staging/node_modules/jsdom/lib/jsdom/living/nodes/HTMLCanvasElement-impl.js:42:5)
    at HTMLCanvasElement.getContext (/Users/javiercamaraportepetit/Documents/Codex/atiende-licitaciones-staging/node_modules/jsdom/lib/jsdom/living/generated/HTMLCanvasElement.js:131:58)
    at /Users/javiercamaraportepetit/Documents/Codex/atiende-licitaciones-staging/node_modules/axe-core/axe.js:17088:49
    at Object.get (/Users/javiercamaraportepetit/Documents/Codex/atiende-licitaciones-staging/node_modules/axe-core/axe.js:11246:23)
    at _isIconLigature (/Users/javiercamaraportepetit/Documents/Codex/atiende-licitaciones-staging/node_modules/axe-core/axe.js:17087:41)
    at /Users/javiercamaraportepetit/Documents/Codex/atiende-licitaciones-staging/node_modules/axe-core/axe.js:28725:54
    at Array.some (<anonymous>)
    at hasRealTextChildren (/Users/javiercamaraportepetit/Documents/Codex/atiende-licitaciones-staging/node_modules/axe-core/axe.js:28724:35)
    at Rule.colorContrastMatches [as matches] (/Users/javiercamaraportepetit/Documents/Codex/atiende-licitaciones-staging/node_modules/axe-core/axe.js:28686:12) [90mundefined[39m
Error: Not implemented: HTMLCanvasElement.prototype.getContext (without installing the canvas npm package)
    at module.exports (/Users/javiercamaraportepetit/Documents/Codex/atiende-licitaciones-staging/node_modules/jsdom/lib/jsdom/browser/not-implemented.js:9:17)
    at HTMLCanvasElementImpl.getContext (/Users/javiercamaraportepetit/Documents/Codex/atiende-licitaciones-staging/node_modules/jsdom/lib/jsdom/living/nodes/HTMLCanvasElement-impl.js:42:5)
    at HTMLCanvasElement.getContext (/Users/javiercamaraportepetit/Documents/Codex/atiende-licitaciones-staging/node_modules/jsdom/lib/jsdom/living/generated/HTMLCanvasElement.js:131:58)
    at /Users/javiercamaraportepetit/Documents/Codex/atiende-licitaciones-staging/node_modules/axe-core/axe.js:17088:49
    at Object.get (/Users/javiercamaraportepetit/Documents/Codex/atiende-licitaciones-staging/node_modules/axe-core/axe.js:11246:23)
    at _isIconLigature (/Users/javiercamaraportepetit/Documents/Codex/atiende-licitaciones-staging/node_modules/axe-core/axe.js:17087:41)
    at /Users/javiercamaraportepetit/Documents/Codex/atiende-licitaciones-staging/node_modules/axe-core/axe.js:28725:54
    at Array.some (<anonymous>)
    at hasRealTextChildren (/Users/javiercamaraportepetit/Documents/Codex/atiende-licitaciones-staging/node_modules/axe-core/axe.js:28724:35)
    at Rule.colorContrastMatches [as matches] (/Users/javiercamaraportepetit/Documents/Codex/atiende-licitaciones-staging/node_modules/axe-core/axe.js:28686:12) [90mundefined[39m
Error: Not implemented: HTMLCanvasElement.prototype.getContext (without installing the canvas npm package)
    at module.exports (/Users/javiercamaraportepetit/Documents/Codex/atiende-licitaciones-staging/node_modules/jsdom/lib/jsdom/browser/not-implemented.js:9:17)
    at HTMLCanvasElementImpl.getContext (/Users/javiercamaraportepetit/Documents/Codex/atiende-licitaciones-staging/node_modules/jsdom/lib/jsdom/living/nodes/HTMLCanvasElement-impl.js:42:5)
    at HTMLCanvasElement.getContext (/Users/javiercamaraportepetit/Documents/Codex/atiende-licitaciones-staging/node_modules/jsdom/lib/jsdom/living/generated/HTMLCanvasElement.js:131:58)
    at /Users/javiercamaraportepetit/Documents/Codex/atiende-licitaciones-staging/node_modules/axe-core/axe.js:17088:49
    at Object.get (/Users/javiercamaraportepetit/Documents/Codex/atiende-licitaciones-staging/node_modules/axe-core/axe.js:11246:23)
    at _isIconLigature (/Users/javiercamaraportepetit/Documents/Codex/atiende-licitaciones-staging/node_modules/axe-core/axe.js:17087:41)
    at /Users/javiercamaraportepetit/Documents/Codex/atiende-licitaciones-staging/node_modules/axe-core/axe.js:28725:54
    at Array.some (<anonymous>)
    at hasRealTextChildren (/Users/javiercamaraportepetit/Documents/Codex/atiende-licitaciones-staging/node_modules/axe-core/axe.js:28724:35)
    at Rule.colorContrastMatches [as matches] (/Users/javiercamaraportepetit/Documents/Codex/atiende-licitaciones-staging/node_modules/axe-core/axe.js:28686:12) [90mundefined[39m
Error: Not implemented: HTMLCanvasElement.prototype.getContext (without installing the canvas npm package)
    at module.exports (/Users/javiercamaraportepetit/Documents/Codex/atiende-licitaciones-staging/node_modules/jsdom/lib/jsdom/browser/not-implemented.js:9:17)
    at HTMLCanvasElementImpl.getContext (/Users/javiercamaraportepetit/Documents/Codex/atiende-licitaciones-staging/node_modules/jsdom/lib/jsdom/living/nodes/HTMLCanvasElement-impl.js:42:5)
    at HTMLCanvasElement.getContext (/Users/javiercamaraportepetit/Documents/Codex/atiende-licitaciones-staging/node_modules/jsdom/lib/jsdom/living/generated/HTMLCanvasElement.js:131:58)
    at /Users/javiercamaraportepetit/Documents/Codex/atiende-licitaciones-staging/node_modules/axe-core/axe.js:17088:49
    at Object.get (/Users/javiercamaraportepetit/Documents/Codex/atiende-licitaciones-staging/node_modules/axe-core/axe.js:11246:23)
    at _isIconLigature (/Users/javiercamaraportepetit/Documents/Codex/atiende-licitaciones-staging/node_modules/axe-core/axe.js:17087:41)
    at /Users/javiercamaraportepetit/Documents/Codex/atiende-licitaciones-staging/node_modules/axe-core/axe.js:28725:54
    at Array.some (<anonymous>)
    at hasRealTextChildren (/Users/javiercamaraportepetit/Documents/Codex/atiende-licitaciones-staging/node_modules/axe-core/axe.js:28724:35)
    at Rule.colorContrastMatches [as matches] (/Users/javiercamaraportepetit/Documents/Codex/atiende-licitaciones-staging/node_modules/axe-core/axe.js:28686:12) [90mundefined[39m
Error: Not implemented: HTMLCanvasElement.prototype.getContext (without installing the canvas npm package)
    at module.exports (/Users/javiercamaraportepetit/Documents/Codex/atiende-licitaciones-staging/node_modules/jsdom/lib/jsdom/browser/not-implemented.js:9:17)
    at HTMLCanvasElementImpl.getContext (/Users/javiercamaraportepetit/Documents/Codex/atiende-licitaciones-staging/node_modules/jsdom/lib/jsdom/living/nodes/HTMLCanvasElement-impl.js:42:5)
    at HTMLCanvasElement.getContext (/Users/javiercamaraportepetit/Documents/Codex/atiende-licitaciones-staging/node_modules/jsdom/lib/jsdom/living/generated/HTMLCanvasElement.js:131:58)
    at /Users/javiercamaraportepetit/Documents/Codex/atiende-licitaciones-staging/node_modules/axe-core/axe.js:17088:49
    at Object.get (/Users/javiercamaraportepetit/Documents/Codex/atiende-licitaciones-staging/node_modules/axe-core/axe.js:11246:23)
    at _isIconLigature (/Users/javiercamaraportepetit/Documents/Codex/atiende-licitaciones-staging/node_modules/axe-core/axe.js:17087:41)
    at /Users/javiercamaraportepetit/Documents/Codex/atiende-licitaciones-staging/node_modules/axe-core/axe.js:28725:54
    at Array.some (<anonymous>)
    at hasRealTextChildren (/Users/javiercamaraportepetit/Documents/Codex/atiende-licitaciones-staging/node_modules/axe-core/axe.js:28724:35)
    at Rule.colorContrastMatches [as matches] (/Users/javiercamaraportepetit/Documents/Codex/atiende-licitaciones-staging/node_modules/axe-core/axe.js:28686:12) [90mundefined[39m
Error: Not implemented: HTMLCanvasElement.prototype.getContext (without installing the canvas npm package)
    at module.exports (/Users/javiercamaraportepetit/Documents/Codex/atiende-licitaciones-staging/node_modules/jsdom/lib/jsdom/browser/not-implemented.js:9:17)
    at HTMLCanvasElementImpl.getContext (/Users/javiercamaraportepetit/Documents/Codex/atiende-licitaciones-staging/node_modules/jsdom/lib/jsdom/living/nodes/HTMLCanvasElement-impl.js:42:5)
    at HTMLCanvasElement.getContext (/Users/javiercamaraportepetit/Documents/Codex/atiende-licitaciones-staging/node_modules/jsdom/lib/jsdom/living/generated/HTMLCanvasElement.js:131:58)
    at /Users/javiercamaraportepetit/Documents/Codex/atiende-licitaciones-staging/node_modules/axe-core/axe.js:17088:49
    at Object.get (/Users/javiercamaraportepetit/Documents/Codex/atiende-licitaciones-staging/node_modules/axe-core/axe.js:11246:23)
    at _isIconLigature (/Users/javiercamaraportepetit/Documents/Codex/atiende-licitaciones-staging/node_modules/axe-core/axe.js:17087:41)
    at /Users/javiercamaraportepetit/Documents/Codex/atiende-licitaciones-staging/node_modules/axe-core/axe.js:28725:54
    at Array.some (<anonymous>)
    at hasRealTextChildren (/Users/javiercamaraportepetit/Documents/Codex/atiende-licitaciones-staging/node_modules/axe-core/axe.js:28724:35)
    at Rule.colorContrastMatches [as matches] (/Users/javiercamaraportepetit/Documents/Codex/atiende-licitaciones-staging/node_modules/axe-core/axe.js:28686:12) [90mundefined[39m
Error: Not implemented: HTMLCanvasElement.prototype.getContext (without installing the canvas npm package)
    at module.exports (/Users/javiercamaraportepetit/Documents/Codex/atiende-licitaciones-staging/node_modules/jsdom/lib/jsdom/browser/not-implemented.js:9:17)
    at HTMLCanvasElementImpl.getContext (/Users/javiercamaraportepetit/Documents/Codex/atiende-licitaciones-staging/node_modules/jsdom/lib/jsdom/living/nodes/HTMLCanvasElement-impl.js:42:5)
    at HTMLCanvasElement.getContext (/Users/javiercamaraportepetit/Documents/Codex/atiende-licitaciones-staging/node_modules/jsdom/lib/jsdom/living/generated/HTMLCanvasElement.js:131:58)
    at /Users/javiercamaraportepetit/Documents/Codex/atiende-licitaciones-staging/node_modules/axe-core/axe.js:17088:49
    at Object.get (/Users/javiercamaraportepetit/Documents/Codex/atiende-licitaciones-staging/node_modules/axe-core/axe.js:11246:23)
    at _isIconLigature (/Users/javiercamaraportepetit/Documents/Codex/atiende-licitaciones-staging/node_modules/axe-core/axe.js:17087:41)
    at /Users/javiercamaraportepetit/Documents/Codex/atiende-licitaciones-staging/node_modules/axe-core/axe.js:28725:54
    at Array.some (<anonymous>)
    at hasRealTextChildren (/Users/javiercamaraportepetit/Documents/Codex/atiende-licitaciones-staging/node_modules/axe-core/axe.js:28724:35)
    at Rule.colorContrastMatches [as matches] (/Users/javiercamaraportepetit/Documents/Codex/atiende-licitaciones-staging/node_modules/axe-core/axe.js:28686:12) [90mundefined[39m
Error: Not implemented: HTMLCanvasElement.prototype.getContext (without installing the canvas npm package)
    at module.exports (/Users/javiercamaraportepetit/Documents/Codex/atiende-licitaciones-staging/node_modules/jsdom/lib/jsdom/browser/not-implemented.js:9:17)
    at HTMLCanvasElementImpl.getContext (/Users/javiercamaraportepetit/Documents/Codex/atiende-licitaciones-staging/node_modules/jsdom/lib/jsdom/living/nodes/HTMLCanvasElement-impl.js:42:5)
    at HTMLCanvasElement.getContext (/Users/javiercamaraportepetit/Documents/Codex/atiende-licitaciones-staging/node_modules/jsdom/lib/jsdom/living/generated/HTMLCanvasElement.js:131:58)
    at /Users/javiercamaraportepetit/Documents/Codex/atiende-licitaciones-staging/node_modules/axe-core/axe.js:17088:49
    at Object.get (/Users/javiercamaraportepetit/Documents/Codex/atiende-licitaciones-staging/node_modules/axe-core/axe.js:11246:23)
    at _isIconLigature (/Users/javiercamaraportepetit/Documents/Codex/atiende-licitaciones-staging/node_modules/axe-core/axe.js:17087:41)
    at /Users/javiercamaraportepetit/Documents/Codex/atiende-licitaciones-staging/node_modules/axe-core/axe.js:28725:54
    at Array.some (<anonymous>)
    at hasRealTextChildren (/Users/javiercamaraportepetit/Documents/Codex/atiende-licitaciones-staging/node_modules/axe-core/axe.js:28724:35)
    at Rule.colorContrastMatches [as matches] (/Users/javiercamaraportepetit/Documents/Codex/atiende-licitaciones-staging/node_modules/axe-core/axe.js:28686:12) [90mundefined[39m
Error: Not implemented: HTMLCanvasElement.prototype.getContext (without installing the canvas npm package)
    at module.exports (/Users/javiercamaraportepetit/Documents/Codex/atiende-licitaciones-staging/node_modules/jsdom/lib/jsdom/browser/not-implemented.js:9:17)
    at HTMLCanvasElementImpl.getContext (/Users/javiercamaraportepetit/Documents/Codex/atiende-licitaciones-staging/node_modules/jsdom/lib/jsdom/living/nodes/HTMLCanvasElement-impl.js:42:5)
    at HTMLCanvasElement.getContext (/Users/javiercamaraportepetit/Documents/Codex/atiende-licitaciones-staging/node_modules/jsdom/lib/jsdom/living/generated/HTMLCanvasElement.js:131:58)
    at /Users/javiercamaraportepetit/Documents/Codex/atiende-licitaciones-staging/node_modules/axe-core/axe.js:17088:49
    at Object.get (/Users/javiercamaraportepetit/Documents/Codex/atiende-licitaciones-staging/node_modules/axe-core/axe.js:11246:23)
    at _isIconLigature (/Users/javiercamaraportepetit/Documents/Codex/atiende-licitaciones-staging/node_modules/axe-core/axe.js:17087:41)
    at /Users/javiercamaraportepetit/Documents/Codex/atiende-licitaciones-staging/node_modules/axe-core/axe.js:28725:54
    at Array.some (<anonymous>)
    at hasRealTextChildren (/Users/javiercamaraportepetit/Documents/Codex/atiende-licitaciones-staging/node_modules/axe-core/axe.js:28724:35)
    at Rule.colorContrastMatches [as matches] (/Users/javiercamaraportepetit/Documents/Codex/atiende-licitaciones-staging/node_modules/axe-core/axe.js:28686:12) [90mundefined[39m
Error: Not implemented: HTMLCanvasElement.prototype.getContext (without installing the canvas npm package)
    at module.exports (/Users/javiercamaraportepetit/Documents/Codex/atiende-licitaciones-staging/node_modules/jsdom/lib/jsdom/browser/not-implemented.js:9:17)
    at HTMLCanvasElementImpl.getContext (/Users/javiercamaraportepetit/Documents/Codex/atiende-licitaciones-staging/node_modules/jsdom/lib/jsdom/living/nodes/HTMLCanvasElement-impl.js:42:5)
    at HTMLCanvasElement.getContext (/Users/javiercamaraportepetit/Documents/Codex/atiende-licitaciones-staging/node_modules/jsdom/lib/jsdom/living/generated/HTMLCanvasElement.js:131:58)
    at /Users/javiercamaraportepetit/Documents/Codex/atiende-licitaciones-staging/node_modules/axe-core/axe.js:17088:49
    at Object.get (/Users/javiercamaraportepetit/Documents/Codex/atiende-licitaciones-staging/node_modules/axe-core/axe.js:11246:23)
    at _isIconLigature (/Users/javiercamaraportepetit/Documents/Codex/atiende-licitaciones-staging/node_modules/axe-core/axe.js:17087:41)
    at /Users/javiercamaraportepetit/Documents/Codex/atiende-licitaciones-staging/node_modules/axe-core/axe.js:28725:54
    at Array.some (<anonymous>)
    at hasRealTextChildren (/Users/javiercamaraportepetit/Documents/Codex/atiende-licitaciones-staging/node_modules/axe-core/axe.js:28724:35)
    at Rule.colorContrastMatches [as matches] (/Users/javiercamaraportepetit/Documents/Codex/atiende-licitaciones-staging/node_modules/axe-core/axe.js:28686:12) [90mundefined[39m
Error: Not implemented: HTMLCanvasElement.prototype.getContext (without installing the canvas npm package)
    at module.exports (/Users/javiercamaraportepetit/Documents/Codex/atiende-licitaciones-staging/node_modules/jsdom/lib/jsdom/browser/not-implemented.js:9:17)
    at HTMLCanvasElementImpl.getContext (/Users/javiercamaraportepetit/Documents/Codex/atiende-licitaciones-staging/node_modules/jsdom/lib/jsdom/living/nodes/HTMLCanvasElement-impl.js:42:5)
    at HTMLCanvasElement.getContext (/Users/javiercamaraportepetit/Documents/Codex/atiende-licitaciones-staging/node_modules/jsdom/lib/jsdom/living/generated/HTMLCanvasElement.js:131:58)
    at /Users/javiercamaraportepetit/Documents/Codex/atiende-licitaciones-staging/node_modules/axe-core/axe.js:17088:49
    at Object.get (/Users/javiercamaraportepetit/Documents/Codex/atiende-licitaciones-staging/node_modules/axe-core/axe.js:11246:23)
    at _isIconLigature (/Users/javiercamaraportepetit/Documents/Codex/atiende-licitaciones-staging/node_modules/axe-core/axe.js:17087:41)
    at /Users/javiercamaraportepetit/Documents/Codex/atiende-licitaciones-staging/node_modules/axe-core/axe.js:28725:54
    at Array.some (<anonymous>)
    at hasRealTextChildren (/Users/javiercamaraportepetit/Documents/Codex/atiende-licitaciones-staging/node_modules/axe-core/axe.js:28724:35)
    at Rule.colorContrastMatches [as matches] (/Users/javiercamaraportepetit/Documents/Codex/atiende-licitaciones-staging/node_modules/axe-core/axe.js:28686:12) [90mundefined[39m

 Test Files  46 passed (46)
      Tests  225 passed (225)
   Start at  17:50:24
   Duration  92.90s (transform 1.28s, setup 5.43s, import 7.85s, tests 244.87s, environment 7.92s)

 % Coverage report from v8
-------------------|---------|----------|---------|---------|-------------------
File               | % Stmts | % Branch | % Funcs | % Lines | Uncovered Line #s 
-------------------|---------|----------|---------|---------|-------------------
[33;1mAll files         [0m | [33;1m  62.46[0m | [33;1m   54.09[0m | [33;1m  50.75[0m | [33;1m  65.87[0m | [31;1m                 [0m 
[31;1m src              [0m | [31;1m      0[0m | [31;1m       0[0m | [31;1m      0[0m | [31;1m      0[0m | [31;1m                 [0m 
[31;1m  App.tsx         [0m | [31;1m      0[0m | [31;1m       0[0m | [31;1m      0[0m | [31;1m      0[0m | [31;1m14-109           [0m 
[33;1m src/components   [0m | [33;1m  78.18[0m | [33;1m   77.08[0m | [33;1m  78.94[0m | [32;1m  80.76[0m | [31;1m                 [0m 
[31;1m  SkipLink.tsx    [0m | [31;1m  22.22[0m | [31;1m       0[0m | [33;1m     50[0m | [31;1m     25[0m | [31;1m19-24            [0m 
[32;1m  StepUpDialog.tsx[0m | [32;1m  82.35[0m | [32;1m   86.95[0m | [33;1m     60[0m | [32;1m  82.35[0m | [31;1m65,83-92         [0m 
[32;1m  ...eSelector.tsx[0m | [32;1m   92.3[0m | [33;1m   66.66[0m | [32;1m  88.88[0m | [32;1m  95.83[0m | [31;1m41               [0m 
[33;1m ...omponents/auth[0m | [33;1m  72.91[0m | [33;1m   76.92[0m | [33;1m  66.66[0m | [33;1m  72.91[0m | [31;1m                 [0m 
[31;1m  RequireAuth.tsx [0m | [31;1m      0[0m | [31;1m       0[0m | [31;1m      0[0m | [31;1m      0[0m | [31;1m14-63            [0m 
[32;1m  ...ationForm.tsx[0m | [32;1m  89.47[0m | [32;1m     100[0m | [33;1m     60[0m | [32;1m  89.47[0m | [31;1m72,95            [0m 
[32;1m ...ents/dashboard[0m | [32;1m     90[0m | [32;1m   86.66[0m | [32;1m   87.5[0m | [32;1m     90[0m | [31;1m                 [0m 
[33;1m  ActivityFeed.tsx[0m | [33;1m     50[0m | [32;1m    92.3[0m | [33;1m     50[0m | [33;1m     50[0m | [31;1m43               [0m 
[32;1m  AlertsList.tsx  [0m | [32;1m    100[0m | [33;1m   76.47[0m | [32;1m    100[0m | [32;1m    100[0m | [33;1m37-38,51-53      [0m 
[32;1m  ...klistCard.tsx[0m | [32;1m    100[0m | [32;1m      90[0m | [32;1m    100[0m | [32;1m    100[0m | [33;1m29               [0m 
[33;1m ...nts/expediente[0m | [33;1m     70[0m | [33;1m   66.66[0m | [33;1m  66.66[0m | [32;1m  85.71[0m | [31;1m                 [0m 
[33;1m  TenderSelect.tsx[0m | [33;1m     70[0m | [33;1m   66.66[0m | [33;1m  66.66[0m | [32;1m  85.71[0m | [31;1m32               [0m 
[33;1m ...ponents/layout[0m | [33;1m  67.34[0m | [33;1m   53.57[0m | [33;1m     60[0m | [33;1m  69.76[0m | [31;1m                 [0m 
[33;1m  AppShell.tsx    [0m | [33;1m     75[0m | [32;1m     100[0m | [33;1m  66.66[0m | [33;1m     75[0m | [31;1m54               [0m 
[32;1m  ...nSwitcher.tsx[0m | [32;1m     80[0m | [31;1m      40[0m | [33;1m     50[0m | [32;1m     80[0m | [31;1m57               [0m 
[32;1m  SidebarNav.tsx  [0m | [32;1m     80[0m | [33;1m   66.66[0m | [33;1m  63.63[0m | [32;1m  85.71[0m | [31;1m42,56,75         [0m 
[31;1m  UserMenu.tsx    [0m | [31;1m  35.71[0m | [31;1m      25[0m | [31;1m  33.33[0m | [31;1m  33.33[0m | [31;1m30-50            [0m 
[32;1m src/components/ui[0m | [32;1m  88.83[0m | [33;1m   64.91[0m | [33;1m  73.84[0m | [32;1m  88.47[0m | [31;1m                 [0m 
[32;1m  card.tsx        [0m | [32;1m  94.73[0m | [32;1m     100[0m | [32;1m  83.33[0m | [32;1m  94.44[0m | [31;1m54               [0m 
[33;1m  ...down-menu.tsx[0m | [33;1m  73.33[0m | [31;1m       0[0m | [31;1m      0[0m | [33;1m  73.33[0m | [31;1m...85,108,130,142[0m 
[32;1m  form.tsx        [0m | [32;1m  94.59[0m | [33;1m   78.57[0m | [32;1m    100[0m | [32;1m  94.44[0m | [31;1m45,48            [0m 
[31;1m  scroll-area.tsx [0m | [31;1m      0[0m | [31;1m       0[0m | [31;1m      0[0m | [31;1m      0[0m | [31;1m6-36             [0m 
[32;1m  select.tsx      [0m | [32;1m  93.33[0m | [32;1m     100[0m | [33;1m     75[0m | [32;1m  93.33[0m | [31;1m77               [0m 
[31;1m  separator.tsx   [0m | [31;1m      0[0m | [31;1m       0[0m | [31;1m      0[0m | [31;1m      0[0m | [31;1m6-22             [0m 
[32;1m  sheet.tsx       [0m | [32;1m     95[0m | [32;1m     100[0m | [32;1m     80[0m | [32;1m  94.73[0m | [31;1m90               [0m 
[32;1m  table.tsx       [0m | [32;1m  91.66[0m | [32;1m     100[0m | [33;1m     75[0m | [32;1m  91.66[0m | [31;1m25,60            [0m 
[32;1m  tooltip.tsx     [0m | [32;1m  83.33[0m | [31;1m       0[0m | [31;1m      0[0m | [32;1m  83.33[0m | [31;1m13               [0m 
[33;1m src/hooks        [0m | [33;1m   68.3[0m | [33;1m   73.33[0m | [33;1m   60.9[0m | [33;1m  69.31[0m | [31;1m                 [0m 
[31;1m  use-mobile.ts   [0m | [31;1m      0[0m | [31;1m       0[0m | [31;1m      0[0m | [31;1m      0[0m | [31;1m3-19             [0m 
[32;1m  ...nChecklist.ts[0m | [32;1m   87.5[0m | [32;1m   83.33[0m | [33;1m  66.66[0m | [32;1m  85.71[0m | [31;1m49-55            [0m 
[31;1m  useAdmin.ts     [0m | [31;1m  27.77[0m | [31;1m       0[0m | [31;1m  29.16[0m | [31;1m  28.57[0m | [31;1m23-67,103-106    [0m 
[32;1m  useAuth.tsx     [0m | [32;1m  85.71[0m | [33;1m    62.5[0m | [32;1m  90.47[0m | [32;1m  91.25[0m | [31;1m93-95,120-122,227[0m 
[33;1m  useCompany.ts   [0m | [33;1m  52.94[0m | [32;1m     100[0m | [33;1m  52.38[0m | [33;1m  52.94[0m | [31;1m...98-111,128-129[0m 
[32;1m  useDashboard.ts [0m | [32;1m  96.66[0m | [32;1m     100[0m | [32;1m  93.33[0m | [32;1m  96.29[0m | [31;1m68               [0m 
[33;1m  useExpediente.ts[0m | [33;1m  60.34[0m | [32;1m      90[0m | [33;1m  50.72[0m | [33;1m  60.34[0m | [31;1m...59-260,268-269[0m 
[31;1m  useGoNoGo.ts    [0m | [31;1m      0[0m | [31;1m       0[0m | [31;1m      0[0m | [31;1m      0[0m | [31;1m7-20             [0m 
[33;1m  useMatching.ts  [0m | [33;1m     50[0m | [31;1m       0[0m | [33;1m     50[0m | [33;1m     50[0m | [31;1m16-19            [0m 
[33;1m  ...emberships.ts[0m | [33;1m  68.75[0m | [32;1m     100[0m | [33;1m     50[0m | [33;1m  68.75[0m | [31;1m25-26,34-35,48   [0m 
[32;1m  useTenders.ts   [0m | [32;1m     80[0m | [33;1m   66.66[0m | [32;1m  81.81[0m | [32;1m     80[0m | [31;1m35-38            [0m 
[32;1m  useTwoFactor.ts [0m | [32;1m   87.5[0m | [33;1m   66.66[0m | [32;1m    100[0m | [32;1m    100[0m | [33;1m40,68            [0m 
[32;1m src/lib          [0m | [32;1m  85.24[0m | [33;1m   77.96[0m | [32;1m     95[0m | [32;1m  88.99[0m | [31;1m                 [0m 
[33;1m  datetime.ts     [0m | [33;1m  54.54[0m | [31;1m   41.66[0m | [33;1m  66.66[0m | [33;1m  68.75[0m | [31;1m39-43            [0m 
[32;1m  ...eMarkdown.tsx[0m | [32;1m  85.18[0m | [33;1m      70[0m | [32;1m    100[0m | [32;1m  85.71[0m | [31;1m19-31            [0m 
[33;1m src/lib/api      [0m | [33;1m  72.03[0m | [33;1m   56.48[0m | [33;1m  63.93[0m | [33;1m  74.87[0m | [31;1m                 [0m 
[31;1m  admin.ts        [0m | [31;1m  14.28[0m | [31;1m       0[0m | [31;1m  23.07[0m | [31;1m  17.14[0m | [31;1m30-74,109-123    [0m 
[32;1m  agents.ts       [0m | [32;1m    100[0m | [33;1m      50[0m | [32;1m    100[0m | [32;1m    100[0m | [33;1m11               [0m 
[33;1m  audit.ts        [0m | [33;1m   64.7[0m | [33;1m   53.33[0m | [32;1m    100[0m | [32;1m    100[0m | [33;1m23-30            [0m 
[32;1m  client.ts       [0m | [32;1m   97.5[0m | [32;1m   91.66[0m | [32;1m    100[0m | [32;1m  97.14[0m | [31;1m70               [0m 
[33;1m  company.ts      [0m | [33;1m  58.62[0m | [32;1m     100[0m | [33;1m  56.25[0m | [33;1m  58.62[0m | [31;1m...05,125-126,142[0m 
[31;1m  expediente.ts   [0m | [31;1m  40.57[0m | [31;1m      35[0m | [31;1m  42.85[0m | [31;1m   38.8[0m | [31;1m...47-248,289-301[0m 
[31;1m  go-no-go.ts     [0m | [31;1m      0[0m | [32;1m     100[0m | [31;1m      0[0m | [31;1m      0[0m | [31;1m6-17             [0m 
[32;1m  google.ts       [0m | [32;1m  91.66[0m | [33;1m      50[0m | [32;1m    100[0m | [32;1m    100[0m | [33;1m44-46            [0m 
[32;1m  http.ts         [0m | [32;1m  81.81[0m | [33;1m   69.23[0m | [32;1m  83.33[0m | [32;1m  86.66[0m | [31;1m106-112          [0m 
[33;1m  matching.ts     [0m | [33;1m     50[0m | [32;1m     100[0m | [33;1m     50[0m | [33;1m     50[0m | [31;1m5-6              [0m 
[33;1m  organizations.ts[0m | [33;1m  58.33[0m | [32;1m     100[0m | [33;1m     50[0m | [33;1m  58.33[0m | [31;1m27-32,65-69      [0m 
[33;1m  session.ts      [0m | [33;1m  76.92[0m | [32;1m     100[0m | [33;1m     75[0m | [32;1m   82.6[0m | [31;1m38,69-70,85      [0m 
[33;1m  tenders.ts      [0m | [33;1m     75[0m | [33;1m   54.54[0m | [32;1m     80[0m | [32;1m   87.5[0m | [31;1m46-47            [0m 
[31;1m src/lib/security [0m | [31;1m      0[0m | [32;1m     100[0m | [31;1m      0[0m | [31;1m      0[0m | [31;1m                 [0m 
[31;1m  csp.ts          [0m | [31;1m      0[0m | [32;1m     100[0m | [31;1m      0[0m | [31;1m      0[0m | [31;1m29-54            [0m 
[31;1m src/mocks        [0m | [31;1m      0[0m | [32;1m     100[0m | [31;1m      0[0m | [31;1m      0[0m | [31;1m                 [0m 
[31;1m  browser.ts      [0m | [31;1m      0[0m | [32;1m     100[0m | [32;1m    100[0m | [31;1m      0[0m | [31;1m9                [0m 
[31;1m  demoFixtures.ts [0m | [31;1m      0[0m | [32;1m     100[0m | [31;1m      0[0m | [31;1m      0[0m | [31;1m9-157            [0m 
[31;1m  demoHandlers.ts [0m | [31;1m      0[0m | [32;1m     100[0m | [31;1m      0[0m | [31;1m      0[0m | [31;1m11-16            [0m 
[32;1m src/pages        [0m | [32;1m  81.08[0m | [33;1m    75.9[0m | [33;1m   70.4[0m | [32;1m  83.27[0m | [31;1m                 [0m 
[32;1m  ...acionPage.tsx[0m | [32;1m   93.1[0m | [32;1m   85.29[0m | [32;1m  88.23[0m | [32;1m  92.85[0m | [31;1m46-47,140,287    [0m 
[31;1m  DemoPage.tsx    [0m | [31;1m  31.11[0m | [31;1m   34.61[0m | [31;1m  17.64[0m | [31;1m  35.13[0m | [31;1m29-36,67-89,139  [0m 
[32;1m  LandingPage.tsx [0m | [32;1m  93.75[0m | [32;1m     100[0m | [32;1m   87.5[0m | [32;1m  93.75[0m | [31;1m503,578-582      [0m 
[32;1m  LoginPage.tsx   [0m | [32;1m  88.88[0m | [32;1m   84.61[0m | [32;1m  85.71[0m | [32;1m  88.88[0m | [31;1m57,108,126       [0m 
[31;1m  NotFoundPage.tsx[0m | [31;1m      0[0m | [32;1m     100[0m | [31;1m      0[0m | [31;1m      0[0m | [31;1m7                [0m 
[32;1m  PanelPage.tsx   [0m | [32;1m  83.33[0m | [33;1m      75[0m | [33;1m     50[0m | [32;1m  83.33[0m | [31;1m117-123          [0m 
[32;1m  ...sBajaPage.tsx[0m | [32;1m  91.48[0m | [33;1m   79.41[0m | [32;1m   87.5[0m | [32;1m  95.23[0m | [31;1m90,186           [0m 
[33;1m  ...oticePage.tsx[0m | [33;1m     75[0m | [32;1m    87.5[0m | [33;1m  66.66[0m | [33;1m     75[0m | [31;1m51               [0m 
[32;1m  RegistroPage.tsx[0m | [32;1m  96.66[0m | [32;1m   93.33[0m | [32;1m   87.5[0m | [32;1m  96.66[0m | [31;1m193              [0m 
[32;1m  ...ccesoPage.tsx[0m | [32;1m  83.33[0m | [32;1m     100[0m | [32;1m     80[0m | [32;1m  83.33[0m | [31;1m54,133-134       [0m 
[31;1m  ...odulePage.tsx[0m | [31;1m      0[0m | [31;1m       0[0m | [31;1m      0[0m | [31;1m      0[0m | [31;1m29-38            [0m 
[32;1m src/pages/auth   [0m | [32;1m  90.71[0m | [32;1m   91.73[0m | [32;1m  85.29[0m | [32;1m  93.02[0m | [31;1m                 [0m 
[32;1m  ...acionPage.tsx[0m | [32;1m  94.59[0m | [32;1m    93.1[0m | [32;1m  83.33[0m | [32;1m    100[0m | [33;1m61-63            [0m 
[32;1m  ...lbackPage.tsx[0m | [32;1m     85[0m | [32;1m   83.33[0m | [32;1m  88.88[0m | [32;1m  86.44[0m | [31;1m...97,160-161,201[0m 
[32;1m  ...swordPage.tsx[0m | [32;1m  84.21[0m | [32;1m     100[0m | [33;1m     60[0m | [32;1m  84.21[0m | [31;1m94-95,117        [0m 
[32;1m  ...swordPage.tsx[0m | [32;1m  93.54[0m | [32;1m   95.45[0m | [32;1m  85.71[0m | [32;1m  96.66[0m | [31;1m168              [0m 
[32;1m  ...orreoPage.tsx[0m | [32;1m  96.77[0m | [32;1m    90.9[0m | [32;1m    100[0m | [32;1m    100[0m | [33;1m69-71            [0m 
[31;1m ...ges/backoffice[0m | [31;1m   48.9[0m | [33;1m      50[0m | [31;1m   37.5[0m | [31;1m  49.24[0m | [31;1m                 [0m 
[32;1m  ...entasPage.tsx[0m | [32;1m  82.75[0m | [32;1m      80[0m | [33;1m  69.23[0m | [32;1m  85.18[0m | [31;1m66,85,160-175    [0m 
[32;1m  ...fficePage.tsx[0m | [32;1m  86.36[0m | [32;1m   88.46[0m | [32;1m  81.81[0m | [32;1m     90[0m | [31;1m53,72            [0m 
[33;1m  ...toriaPage.tsx[0m | [33;1m  54.54[0m | [32;1m      80[0m | [31;1m  28.57[0m | [33;1m  54.54[0m | [31;1m46-64,100        [0m 
[31;1m  ...toresPage.tsx[0m | [31;1m      0[0m | [31;1m       0[0m | [31;1m      0[0m | [31;1m      0[0m | [31;1m21-45            [0m 
[31;1m  CostosPage.tsx  [0m | [31;1m      0[0m | [31;1m       0[0m | [31;1m      0[0m | [31;1m      0[0m | [31;1m18-49            [0m 
[31;1m  ...entesPage.tsx[0m | [31;1m      0[0m | [31;1m       0[0m | [31;1m      0[0m | [31;1m      0[0m | [31;1m23-147           [0m 
[31;1m  JobsPage.tsx    [0m | [31;1m      0[0m | [31;1m       0[0m | [31;1m      0[0m | [31;1m      0[0m | [31;1m18-89            [0m 
[31;1m  ...ionesPage.tsx[0m | [31;1m      0[0m | [31;1m       0[0m | [31;1m      0[0m | [31;1m      0[0m | [31;1m21-44            [0m 
[33;1m  ...RolesPage.tsx[0m | [33;1m  58.06[0m | [33;1m   78.94[0m | [31;1m  46.66[0m | [33;1m     60[0m | [31;1m...52-154,185-187[0m 
[31;1m .../convocatorias[0m | [31;1m  24.61[0m | [31;1m   27.92[0m | [31;1m  20.68[0m | [31;1m  26.78[0m | [31;1m                 [0m 
[31;1m  ...tallePage.tsx[0m | [31;1m  33.33[0m | [31;1m   38.09[0m | [31;1m     25[0m | [31;1m  38.09[0m | [31;1m31-70,109        [0m 
[31;1m  ...ientoPage.tsx[0m | [31;1m      0[0m | [31;1m       0[0m | [31;1m      0[0m | [31;1m      0[0m | [31;1m19-142           [0m 
[32;1m  ...scuraPage.tsx[0m | [32;1m   87.5[0m | [32;1m   93.75[0m | [32;1m     80[0m | [32;1m   87.5[0m | [31;1m72               [0m 
[31;1m  MatchingPage.tsx[0m | [31;1m      0[0m | [31;1m       0[0m | [31;1m      0[0m | [31;1m      0[0m | [31;1m14-95            [0m 
[31;1m src/pages/empresa[0m | [31;1m  28.94[0m | [31;1m    20.1[0m | [31;1m  31.81[0m | [31;1m  28.65[0m | [31;1m                 [0m 
[31;1m  ...nciasPage.tsx[0m | [31;1m      0[0m | [31;1m       0[0m | [31;1m      0[0m | [31;1m      0[0m | [31;1m27-227           [0m 
[31;1m  ...zadosPage.tsx[0m | [31;1m      0[0m | [31;1m       0[0m | [31;1m      0[0m | [31;1m      0[0m | [31;1m21-144           [0m 
[31;1m  ...dadesPage.tsx[0m | [31;1m      0[0m | [31;1m       0[0m | [31;1m      0[0m | [31;1m      0[0m | [31;1m22-293           [0m 
[32;1m  ...badasPage.tsx[0m | [32;1m  83.33[0m | [33;1m   76.92[0m | [32;1m     84[0m | [32;1m     85[0m | [31;1m...10,124-129,212[0m 
[31;1m src/pages/entrega[0m | [31;1m  45.68[0m | [31;1m   46.19[0m | [33;1m     50[0m | [31;1m  47.27[0m | [31;1m                 [0m 
[31;1m  EntregasPage.tsx[0m | [31;1m  43.75[0m | [31;1m   46.87[0m | [31;1m  36.36[0m | [31;1m  48.27[0m | [31;1m...,46-59,108,152[0m 
[31;1m  ...gablePage.tsx[0m | [31;1m  33.33[0m | [33;1m      65[0m | [33;1m  57.14[0m | [31;1m  34.28[0m | [31;1m39-43,48-68,109  [0m 
[33;1m  ...ientoPage.tsx[0m | [33;1m  56.25[0m | [31;1m   39.28[0m | [33;1m  54.54[0m | [33;1m  56.52[0m | [31;1m...52-266,350,371[0m 
[31;1m ...ges/evaluacion[0m | [31;1m  21.11[0m | [31;1m   15.29[0m | [31;1m  12.82[0m | [31;1m  22.35[0m | [31;1m                 [0m 
[31;1m  ...BasesPage.tsx[0m | [31;1m  29.68[0m | [31;1m   23.63[0m | [31;1m  18.51[0m | [31;1m   32.2[0m | [31;1m...42-157,199-348[0m 
[31;1m  GoNoGoPage.tsx  [0m | [31;1m      0[0m | [31;1m       0[0m | [31;1m      0[0m | [31;1m      0[0m | [31;1m25-184           [0m 
[31;1m ...ges/onboarding[0m | [31;1m  49.45[0m | [33;1m   68.96[0m | [33;1m     50[0m | [33;1m  51.76[0m | [31;1m                 [0m 
[31;1m  ...rdingPage.tsx[0m | [31;1m  49.45[0m | [33;1m   68.96[0m | [33;1m     50[0m | [33;1m  51.76[0m | [31;1m...87,350,374-484[0m 
[31;1m ...es/preparacion[0m | [31;1m  44.16[0m | [33;1m   58.39[0m | [31;1m  20.16[0m | [33;1m  54.89[0m | [31;1m                 [0m 
[32;1m  ...ionesPage.tsx[0m | [32;1m   87.5[0m | [32;1m   82.35[0m | [33;1m     75[0m | [32;1m   87.5[0m | [31;1m72               [0m 
[31;1m  ...entalPage.tsx[0m | [31;1m     26[0m | [33;1m   58.69[0m | [31;1m    8.1[0m | [31;1m  38.23[0m | [31;1m52-65,82-160,197 [0m 
[32;1m  ...ientePage.tsx[0m | [32;1m   87.5[0m | [31;1m   44.44[0m | [33;1m     60[0m | [32;1m    100[0m | [33;1m62-107           [0m 
[31;1m  ...ccionPage.tsx[0m | [31;1m  36.36[0m | [31;1m   46.39[0m | [31;1m  15.15[0m | [31;1m  46.98[0m | [31;1m...93,316,345-367[0m 
[33;1m  RevisionPage.tsx[0m | [33;1m  62.22[0m | [33;1m   72.13[0m | [33;1m     50[0m | [33;1m  62.22[0m | [31;1m...80,102,201-214[0m 
[32;1m src/test         [0m | [32;1m    100[0m | [32;1m   95.45[0m | [32;1m    100[0m | [32;1m    100[0m | [33;1m                 [0m 
[32;1m  ...eAuthMocks.ts[0m | [32;1m    100[0m | [32;1m      95[0m | [32;1m    100[0m | [32;1m    100[0m | [33;1m64               [0m 
-------------------|---------|----------|---------|---------|-------------------

=============================== Coverage summary ===============================
[33;1mStatements   : 62.46% ( 1882/3013 )[0m
[33;1mBranches     : 54.09% ( 1110/2052 )[0m
[33;1mFunctions    : 50.75% ( 570/1123 )[0m
[33;1mLines        : 65.87% ( 1809/2746 )[0m
================================================================================
exit=0

################ PASADA 2 ################

$ npm run -w apps/web typecheck

> @atiende/web@0.1.0 typecheck
> tsc -b --noEmit

exit=0

$ npm run -w apps/web lint

> @atiende/web@0.1.0 lint
> eslint .

exit=0

$ npm run -w apps/web test

> @atiende/web@0.1.0 test
> NODE_OPTIONS=--no-experimental-webstorage vitest run


 RUN  v4.1.11 /Users/javiercamaraportepetit/Documents/Codex/atiende-licitaciones-staging/apps/web

Error: Not implemented: HTMLCanvasElement.prototype.getContext (without installing the canvas npm package)
    at module.exports (/Users/javiercamaraportepetit/Documents/Codex/atiende-licitaciones-staging/node_modules/jsdom/lib/jsdom/browser/not-implemented.js:9:17)
    at HTMLCanvasElementImpl.getContext (/Users/javiercamaraportepetit/Documents/Codex/atiende-licitaciones-staging/node_modules/jsdom/lib/jsdom/living/nodes/HTMLCanvasElement-impl.js:42:5)
    at HTMLCanvasElement.getContext (/Users/javiercamaraportepetit/Documents/Codex/atiende-licitaciones-staging/node_modules/jsdom/lib/jsdom/living/generated/HTMLCanvasElement.js:131:58)
    at /Users/javiercamaraportepetit/Documents/Codex/atiende-licitaciones-staging/node_modules/axe-core/axe.js:17088:49
    at Object.get (/Users/javiercamaraportepetit/Documents/Codex/atiende-licitaciones-staging/node_modules/axe-core/axe.js:11246:23)
    at _isIconLigature (/Users/javiercamaraportepetit/Documents/Codex/atiende-licitaciones-staging/node_modules/axe-core/axe.js:17087:41)
    at /Users/javiercamaraportepetit/Documents/Codex/atiende-licitaciones-staging/node_modules/axe-core/axe.js:28725:54
    at Array.some (<anonymous>)
    at hasRealTextChildren (/Users/javiercamaraportepetit/Documents/Codex/atiende-licitaciones-staging/node_modules/axe-core/axe.js:28724:35)
    at Rule.colorContrastMatches [as matches] (/Users/javiercamaraportepetit/Documents/Codex/atiende-licitaciones-staging/node_modules/axe-core/axe.js:28686:12) [90mundefined[39m
Error: Not implemented: HTMLCanvasElement.prototype.getContext (without installing the canvas npm package)
    at module.exports (/Users/javiercamaraportepetit/Documents/Codex/atiende-licitaciones-staging/node_modules/jsdom/lib/jsdom/browser/not-implemented.js:9:17)
    at HTMLCanvasElementImpl.getContext (/Users/javiercamaraportepetit/Documents/Codex/atiende-licitaciones-staging/node_modules/jsdom/lib/jsdom/living/nodes/HTMLCanvasElement-impl.js:42:5)
    at HTMLCanvasElement.getContext (/Users/javiercamaraportepetit/Documents/Codex/atiende-licitaciones-staging/node_modules/jsdom/lib/jsdom/living/generated/HTMLCanvasElement.js:131:58)
    at /Users/javiercamaraportepetit/Documents/Codex/atiende-licitaciones-staging/node_modules/axe-core/axe.js:17088:49
    at Object.get (/Users/javiercamaraportepetit/Documents/Codex/atiende-licitaciones-staging/node_modules/axe-core/axe.js:11246:23)
    at _isIconLigature (/Users/javiercamaraportepetit/Documents/Codex/atiende-licitaciones-staging/node_modules/axe-core/axe.js:17087:41)
    at /Users/javiercamaraportepetit/Documents/Codex/atiende-licitaciones-staging/node_modules/axe-core/axe.js:28725:54
    at Array.some (<anonymous>)
    at hasRealTextChildren (/Users/javiercamaraportepetit/Documents/Codex/atiende-licitaciones-staging/node_modules/axe-core/axe.js:28724:35)
    at Rule.colorContrastMatches [as matches] (/Users/javiercamaraportepetit/Documents/Codex/atiende-licitaciones-staging/node_modules/axe-core/axe.js:28686:12) [90mundefined[39m
Error: Not implemented: HTMLCanvasElement.prototype.getContext (without installing the canvas npm package)
    at module.exports (/Users/javiercamaraportepetit/Documents/Codex/atiende-licitaciones-staging/node_modules/jsdom/lib/jsdom/browser/not-implemented.js:9:17)
    at HTMLCanvasElementImpl.getContext (/Users/javiercamaraportepetit/Documents/Codex/atiende-licitaciones-staging/node_modules/jsdom/lib/jsdom/living/nodes/HTMLCanvasElement-impl.js:42:5)
    at HTMLCanvasElement.getContext (/Users/javiercamaraportepetit/Documents/Codex/atiende-licitaciones-staging/node_modules/jsdom/lib/jsdom/living/generated/HTMLCanvasElement.js:131:58)
    at /Users/javiercamaraportepetit/Documents/Codex/atiende-licitaciones-staging/node_modules/axe-core/axe.js:17088:49
    at Object.get (/Users/javiercamaraportepetit/Documents/Codex/atiende-licitaciones-staging/node_modules/axe-core/axe.js:11246:23)
    at _isIconLigature (/Users/javiercamaraportepetit/Documents/Codex/atiende-licitaciones-staging/node_modules/axe-core/axe.js:17087:41)
    at /Users/javiercamaraportepetit/Documents/Codex/atiende-licitaciones-staging/node_modules/axe-core/axe.js:28725:54
    at Array.some (<anonymous>)
    at hasRealTextChildren (/Users/javiercamaraportepetit/Documents/Codex/atiende-licitaciones-staging/node_modules/axe-core/axe.js:28724:35)
    at Rule.colorContrastMatches [as matches] (/Users/javiercamaraportepetit/Documents/Codex/atiende-licitaciones-staging/node_modules/axe-core/axe.js:28686:12) [90mundefined[39m
Error: Not implemented: HTMLCanvasElement.prototype.getContext (without installing the canvas npm package)
    at module.exports (/Users/javiercamaraportepetit/Documents/Codex/atiende-licitaciones-staging/node_modules/jsdom/lib/jsdom/browser/not-implemented.js:9:17)
    at HTMLCanvasElementImpl.getContext (/Users/javiercamaraportepetit/Documents/Codex/atiende-licitaciones-staging/node_modules/jsdom/lib/jsdom/living/nodes/HTMLCanvasElement-impl.js:42:5)
    at HTMLCanvasElement.getContext (/Users/javiercamaraportepetit/Documents/Codex/atiende-licitaciones-staging/node_modules/jsdom/lib/jsdom/living/generated/HTMLCanvasElement.js:131:58)
    at /Users/javiercamaraportepetit/Documents/Codex/atiende-licitaciones-staging/node_modules/axe-core/axe.js:17088:49
    at Object.get (/Users/javiercamaraportepetit/Documents/Codex/atiende-licitaciones-staging/node_modules/axe-core/axe.js:11246:23)
    at _isIconLigature (/Users/javiercamaraportepetit/Documents/Codex/atiende-licitaciones-staging/node_modules/axe-core/axe.js:17087:41)
    at /Users/javiercamaraportepetit/Documents/Codex/atiende-licitaciones-staging/node_modules/axe-core/axe.js:28725:54
    at Array.some (<anonymous>)
    at hasRealTextChildren (/Users/javiercamaraportepetit/Documents/Codex/atiende-licitaciones-staging/node_modules/axe-core/axe.js:28724:35)
    at Rule.colorContrastMatches [as matches] (/Users/javiercamaraportepetit/Documents/Codex/atiende-licitaciones-staging/node_modules/axe-core/axe.js:28686:12) [90mundefined[39m
Error: Not implemented: HTMLCanvasElement.prototype.getContext (without installing the canvas npm package)
    at module.exports (/Users/javiercamaraportepetit/Documents/Codex/atiende-licitaciones-staging/node_modules/jsdom/lib/jsdom/browser/not-implemented.js:9:17)
    at HTMLCanvasElementImpl.getContext (/Users/javiercamaraportepetit/Documents/Codex/atiende-licitaciones-staging/node_modules/jsdom/lib/jsdom/living/nodes/HTMLCanvasElement-impl.js:42:5)
    at HTMLCanvasElement.getContext (/Users/javiercamaraportepetit/Documents/Codex/atiende-licitaciones-staging/node_modules/jsdom/lib/jsdom/living/generated/HTMLCanvasElement.js:131:58)
    at /Users/javiercamaraportepetit/Documents/Codex/atiende-licitaciones-staging/node_modules/axe-core/axe.js:17088:49
    at Object.get (/Users/javiercamaraportepetit/Documents/Codex/atiende-licitaciones-staging/node_modules/axe-core/axe.js:11246:23)
    at _isIconLigature (/Users/javiercamaraportepetit/Documents/Codex/atiende-licitaciones-staging/node_modules/axe-core/axe.js:17087:41)
    at /Users/javiercamaraportepetit/Documents/Codex/atiende-licitaciones-staging/node_modules/axe-core/axe.js:28725:54
    at Array.some (<anonymous>)
    at hasRealTextChildren (/Users/javiercamaraportepetit/Documents/Codex/atiende-licitaciones-staging/node_modules/axe-core/axe.js:28724:35)
    at Rule.colorContrastMatches [as matches] (/Users/javiercamaraportepetit/Documents/Codex/atiende-licitaciones-staging/node_modules/axe-core/axe.js:28686:12) [90mundefined[39m
Error: Not implemented: HTMLCanvasElement.prototype.getContext (without installing the canvas npm package)
    at module.exports (/Users/javiercamaraportepetit/Documents/Codex/atiende-licitaciones-staging/node_modules/jsdom/lib/jsdom/browser/not-implemented.js:9:17)
    at HTMLCanvasElementImpl.getContext (/Users/javiercamaraportepetit/Documents/Codex/atiende-licitaciones-staging/node_modules/jsdom/lib/jsdom/living/nodes/HTMLCanvasElement-impl.js:42:5)
    at HTMLCanvasElement.getContext (/Users/javiercamaraportepetit/Documents/Codex/atiende-licitaciones-staging/node_modules/jsdom/lib/jsdom/living/generated/HTMLCanvasElement.js:131:58)
    at /Users/javiercamaraportepetit/Documents/Codex/atiende-licitaciones-staging/node_modules/axe-core/axe.js:17088:49
    at Object.get (/Users/javiercamaraportepetit/Documents/Codex/atiende-licitaciones-staging/node_modules/axe-core/axe.js:11246:23)
    at _isIconLigature (/Users/javiercamaraportepetit/Documents/Codex/atiende-licitaciones-staging/node_modules/axe-core/axe.js:17087:41)
    at /Users/javiercamaraportepetit/Documents/Codex/atiende-licitaciones-staging/node_modules/axe-core/axe.js:28725:54
    at Array.some (<anonymous>)
    at hasRealTextChildren (/Users/javiercamaraportepetit/Documents/Codex/atiende-licitaciones-staging/node_modules/axe-core/axe.js:28724:35)
    at Rule.colorContrastMatches [as matches] (/Users/javiercamaraportepetit/Documents/Codex/atiende-licitaciones-staging/node_modules/axe-core/axe.js:28686:12) [90mundefined[39m
Error: Not implemented: HTMLCanvasElement.prototype.getContext (without installing the canvas npm package)
    at module.exports (/Users/javiercamaraportepetit/Documents/Codex/atiende-licitaciones-staging/node_modules/jsdom/lib/jsdom/browser/not-implemented.js:9:17)
    at HTMLCanvasElementImpl.getContext (/Users/javiercamaraportepetit/Documents/Codex/atiende-licitaciones-staging/node_modules/jsdom/lib/jsdom/living/nodes/HTMLCanvasElement-impl.js:42:5)
    at HTMLCanvasElement.getContext (/Users/javiercamaraportepetit/Documents/Codex/atiende-licitaciones-staging/node_modules/jsdom/lib/jsdom/living/generated/HTMLCanvasElement.js:131:58)
    at /Users/javiercamaraportepetit/Documents/Codex/atiende-licitaciones-staging/node_modules/axe-core/axe.js:17088:49
    at Object.get (/Users/javiercamaraportepetit/Documents/Codex/atiende-licitaciones-staging/node_modules/axe-core/axe.js:11246:23)
    at _isIconLigature (/Users/javiercamaraportepetit/Documents/Codex/atiende-licitaciones-staging/node_modules/axe-core/axe.js:17087:41)
    at /Users/javiercamaraportepetit/Documents/Codex/atiende-licitaciones-staging/node_modules/axe-core/axe.js:28725:54
    at Array.some (<anonymous>)
    at hasRealTextChildren (/Users/javiercamaraportepetit/Documents/Codex/atiende-licitaciones-staging/node_modules/axe-core/axe.js:28724:35)
    at Rule.colorContrastMatches [as matches] (/Users/javiercamaraportepetit/Documents/Codex/atiende-licitaciones-staging/node_modules/axe-core/axe.js:28686:12) [90mundefined[39m
Error: Not implemented: HTMLCanvasElement.prototype.getContext (without installing the canvas npm package)
    at module.exports (/Users/javiercamaraportepetit/Documents/Codex/atiende-licitaciones-staging/node_modules/jsdom/lib/jsdom/browser/not-implemented.js:9:17)
    at HTMLCanvasElementImpl.getContext (/Users/javiercamaraportepetit/Documents/Codex/atiende-licitaciones-staging/node_modules/jsdom/lib/jsdom/living/nodes/HTMLCanvasElement-impl.js:42:5)
    at HTMLCanvasElement.getContext (/Users/javiercamaraportepetit/Documents/Codex/atiende-licitaciones-staging/node_modules/jsdom/lib/jsdom/living/generated/HTMLCanvasElement.js:131:58)
    at /Users/javiercamaraportepetit/Documents/Codex/atiende-licitaciones-staging/node_modules/axe-core/axe.js:17088:49
    at Object.get (/Users/javiercamaraportepetit/Documents/Codex/atiende-licitaciones-staging/node_modules/axe-core/axe.js:11246:23)
    at _isIconLigature (/Users/javiercamaraportepetit/Documents/Codex/atiende-licitaciones-staging/node_modules/axe-core/axe.js:17087:41)
    at /Users/javiercamaraportepetit/Documents/Codex/atiende-licitaciones-staging/node_modules/axe-core/axe.js:28725:54
    at Array.some (<anonymous>)
    at hasRealTextChildren (/Users/javiercamaraportepetit/Documents/Codex/atiende-licitaciones-staging/node_modules/axe-core/axe.js:28724:35)
    at Rule.colorContrastMatches [as matches] (/Users/javiercamaraportepetit/Documents/Codex/atiende-licitaciones-staging/node_modules/axe-core/axe.js:28686:12) [90mundefined[39m
Error: Not implemented: HTMLCanvasElement.prototype.getContext (without installing the canvas npm package)
    at module.exports (/Users/javiercamaraportepetit/Documents/Codex/atiende-licitaciones-staging/node_modules/jsdom/lib/jsdom/browser/not-implemented.js:9:17)
    at HTMLCanvasElementImpl.getContext (/Users/javiercamaraportepetit/Documents/Codex/atiende-licitaciones-staging/node_modules/jsdom/lib/jsdom/living/nodes/HTMLCanvasElement-impl.js:42:5)
    at HTMLCanvasElement.getContext (/Users/javiercamaraportepetit/Documents/Codex/atiende-licitaciones-staging/node_modules/jsdom/lib/jsdom/living/generated/HTMLCanvasElement.js:131:58)
    at /Users/javiercamaraportepetit/Documents/Codex/atiende-licitaciones-staging/node_modules/axe-core/axe.js:17088:49
    at Object.get (/Users/javiercamaraportepetit/Documents/Codex/atiende-licitaciones-staging/node_modules/axe-core/axe.js:11246:23)
    at _isIconLigature (/Users/javiercamaraportepetit/Documents/Codex/atiende-licitaciones-staging/node_modules/axe-core/axe.js:17087:41)
    at /Users/javiercamaraportepetit/Documents/Codex/atiende-licitaciones-staging/node_modules/axe-core/axe.js:28725:54
    at Array.some (<anonymous>)
    at hasRealTextChildren (/Users/javiercamaraportepetit/Documents/Codex/atiende-licitaciones-staging/node_modules/axe-core/axe.js:28724:35)
    at Rule.colorContrastMatches [as matches] (/Users/javiercamaraportepetit/Documents/Codex/atiende-licitaciones-staging/node_modules/axe-core/axe.js:28686:12) [90mundefined[39m
Error: Not implemented: HTMLCanvasElement.prototype.getContext (without installing the canvas npm package)
    at module.exports (/Users/javiercamaraportepetit/Documents/Codex/atiende-licitaciones-staging/node_modules/jsdom/lib/jsdom/browser/not-implemented.js:9:17)
    at HTMLCanvasElementImpl.getContext (/Users/javiercamaraportepetit/Documents/Codex/atiende-licitaciones-staging/node_modules/jsdom/lib/jsdom/living/nodes/HTMLCanvasElement-impl.js:42:5)
    at HTMLCanvasElement.getContext (/Users/javiercamaraportepetit/Documents/Codex/atiende-licitaciones-staging/node_modules/jsdom/lib/jsdom/living/generated/HTMLCanvasElement.js:131:58)
    at /Users/javiercamaraportepetit/Documents/Codex/atiende-licitaciones-staging/node_modules/axe-core/axe.js:17088:49
    at Object.get (/Users/javiercamaraportepetit/Documents/Codex/atiende-licitaciones-staging/node_modules/axe-core/axe.js:11246:23)
    at _isIconLigature (/Users/javiercamaraportepetit/Documents/Codex/atiende-licitaciones-staging/node_modules/axe-core/axe.js:17087:41)
    at /Users/javiercamaraportepetit/Documents/Codex/atiende-licitaciones-staging/node_modules/axe-core/axe.js:28725:54
    at Array.some (<anonymous>)
    at hasRealTextChildren (/Users/javiercamaraportepetit/Documents/Codex/atiende-licitaciones-staging/node_modules/axe-core/axe.js:28724:35)
    at Rule.colorContrastMatches [as matches] (/Users/javiercamaraportepetit/Documents/Codex/atiende-licitaciones-staging/node_modules/axe-core/axe.js:28686:12) [90mundefined[39m
Error: Not implemented: HTMLCanvasElement.prototype.getContext (without installing the canvas npm package)
    at module.exports (/Users/javiercamaraportepetit/Documents/Codex/atiende-licitaciones-staging/node_modules/jsdom/lib/jsdom/browser/not-implemented.js:9:17)
    at HTMLCanvasElementImpl.getContext (/Users/javiercamaraportepetit/Documents/Codex/atiende-licitaciones-staging/node_modules/jsdom/lib/jsdom/living/nodes/HTMLCanvasElement-impl.js:42:5)
    at HTMLCanvasElement.getContext (/Users/javiercamaraportepetit/Documents/Codex/atiende-licitaciones-staging/node_modules/jsdom/lib/jsdom/living/generated/HTMLCanvasElement.js:131:58)
    at /Users/javiercamaraportepetit/Documents/Codex/atiende-licitaciones-staging/node_modules/axe-core/axe.js:17088:49
    at Object.get (/Users/javiercamaraportepetit/Documents/Codex/atiende-licitaciones-staging/node_modules/axe-core/axe.js:11246:23)
    at _isIconLigature (/Users/javiercamaraportepetit/Documents/Codex/atiende-licitaciones-staging/node_modules/axe-core/axe.js:17087:41)
    at /Users/javiercamaraportepetit/Documents/Codex/atiende-licitaciones-staging/node_modules/axe-core/axe.js:28725:54
    at Array.some (<anonymous>)
    at hasRealTextChildren (/Users/javiercamaraportepetit/Documents/Codex/atiende-licitaciones-staging/node_modules/axe-core/axe.js:28724:35)
    at Rule.colorContrastMatches [as matches] (/Users/javiercamaraportepetit/Documents/Codex/atiende-licitaciones-staging/node_modules/axe-core/axe.js:28686:12) [90mundefined[39m
Error: Not implemented: HTMLCanvasElement.prototype.getContext (without installing the canvas npm package)
    at module.exports (/Users/javiercamaraportepetit/Documents/Codex/atiende-licitaciones-staging/node_modules/jsdom/lib/jsdom/browser/not-implemented.js:9:17)
    at HTMLCanvasElementImpl.getContext (/Users/javiercamaraportepetit/Documents/Codex/atiende-licitaciones-staging/node_modules/jsdom/lib/jsdom/living/nodes/HTMLCanvasElement-impl.js:42:5)
    at HTMLCanvasElement.getContext (/Users/javiercamaraportepetit/Documents/Codex/atiende-licitaciones-staging/node_modules/jsdom/lib/jsdom/living/generated/HTMLCanvasElement.js:131:58)
    at /Users/javiercamaraportepetit/Documents/Codex/atiende-licitaciones-staging/node_modules/axe-core/axe.js:17088:49
    at Object.get (/Users/javiercamaraportepetit/Documents/Codex/atiende-licitaciones-staging/node_modules/axe-core/axe.js:11246:23)
    at _isIconLigature (/Users/javiercamaraportepetit/Documents/Codex/atiende-licitaciones-staging/node_modules/axe-core/axe.js:17087:41)
    at /Users/javiercamaraportepetit/Documents/Codex/atiende-licitaciones-staging/node_modules/axe-core/axe.js:28725:54
    at Array.some (<anonymous>)
    at hasRealTextChildren (/Users/javiercamaraportepetit/Documents/Codex/atiende-licitaciones-staging/node_modules/axe-core/axe.js:28724:35)
    at Rule.colorContrastMatches [as matches] (/Users/javiercamaraportepetit/Documents/Codex/atiende-licitaciones-staging/node_modules/axe-core/axe.js:28686:12) [90mundefined[39m

 Test Files  46 passed (46)
      Tests  225 passed (225)
   Start at  17:52:14
   Duration  42.09s (transform 2.55s, setup 7.25s, import 12.96s, tests 191.68s, environment 11.72s)

exit=0

$ npm run -w apps/web test:coverage

> @atiende/web@0.1.0 test:coverage
> NODE_OPTIONS=--no-experimental-webstorage vitest run --coverage


 RUN  v4.1.11 /Users/javiercamaraportepetit/Documents/Codex/atiende-licitaciones-staging/apps/web
      Coverage enabled with v8

Error: Not implemented: HTMLCanvasElement.prototype.getContext (without installing the canvas npm package)
    at module.exports (/Users/javiercamaraportepetit/Documents/Codex/atiende-licitaciones-staging/node_modules/jsdom/lib/jsdom/browser/not-implemented.js:9:17)
    at HTMLCanvasElementImpl.getContext (/Users/javiercamaraportepetit/Documents/Codex/atiende-licitaciones-staging/node_modules/jsdom/lib/jsdom/living/nodes/HTMLCanvasElement-impl.js:42:5)
    at HTMLCanvasElement.getContext (/Users/javiercamaraportepetit/Documents/Codex/atiende-licitaciones-staging/node_modules/jsdom/lib/jsdom/living/generated/HTMLCanvasElement.js:131:58)
    at /Users/javiercamaraportepetit/Documents/Codex/atiende-licitaciones-staging/node_modules/axe-core/axe.js:17088:49
    at Object.get (/Users/javiercamaraportepetit/Documents/Codex/atiende-licitaciones-staging/node_modules/axe-core/axe.js:11246:23)
    at _isIconLigature (/Users/javiercamaraportepetit/Documents/Codex/atiende-licitaciones-staging/node_modules/axe-core/axe.js:17087:41)
    at /Users/javiercamaraportepetit/Documents/Codex/atiende-licitaciones-staging/node_modules/axe-core/axe.js:28725:54
    at Array.some (<anonymous>)
    at hasRealTextChildren (/Users/javiercamaraportepetit/Documents/Codex/atiende-licitaciones-staging/node_modules/axe-core/axe.js:28724:35)
    at Rule.colorContrastMatches [as matches] (/Users/javiercamaraportepetit/Documents/Codex/atiende-licitaciones-staging/node_modules/axe-core/axe.js:28686:12) [90mundefined[39m
Error: Not implemented: HTMLCanvasElement.prototype.getContext (without installing the canvas npm package)
    at module.exports (/Users/javiercamaraportepetit/Documents/Codex/atiende-licitaciones-staging/node_modules/jsdom/lib/jsdom/browser/not-implemented.js:9:17)
    at HTMLCanvasElementImpl.getContext (/Users/javiercamaraportepetit/Documents/Codex/atiende-licitaciones-staging/node_modules/jsdom/lib/jsdom/living/nodes/HTMLCanvasElement-impl.js:42:5)
    at HTMLCanvasElement.getContext (/Users/javiercamaraportepetit/Documents/Codex/atiende-licitaciones-staging/node_modules/jsdom/lib/jsdom/living/generated/HTMLCanvasElement.js:131:58)
    at /Users/javiercamaraportepetit/Documents/Codex/atiende-licitaciones-staging/node_modules/axe-core/axe.js:17088:49
    at Object.get (/Users/javiercamaraportepetit/Documents/Codex/atiende-licitaciones-staging/node_modules/axe-core/axe.js:11246:23)
    at _isIconLigature (/Users/javiercamaraportepetit/Documents/Codex/atiende-licitaciones-staging/node_modules/axe-core/axe.js:17087:41)
    at /Users/javiercamaraportepetit/Documents/Codex/atiende-licitaciones-staging/node_modules/axe-core/axe.js:28725:54
    at Array.some (<anonymous>)
    at hasRealTextChildren (/Users/javiercamaraportepetit/Documents/Codex/atiende-licitaciones-staging/node_modules/axe-core/axe.js:28724:35)
    at Rule.colorContrastMatches [as matches] (/Users/javiercamaraportepetit/Documents/Codex/atiende-licitaciones-staging/node_modules/axe-core/axe.js:28686:12) [90mundefined[39m
Error: Not implemented: HTMLCanvasElement.prototype.getContext (without installing the canvas npm package)
    at module.exports (/Users/javiercamaraportepetit/Documents/Codex/atiende-licitaciones-staging/node_modules/jsdom/lib/jsdom/browser/not-implemented.js:9:17)
    at HTMLCanvasElementImpl.getContext (/Users/javiercamaraportepetit/Documents/Codex/atiende-licitaciones-staging/node_modules/jsdom/lib/jsdom/living/nodes/HTMLCanvasElement-impl.js:42:5)
    at HTMLCanvasElement.getContext (/Users/javiercamaraportepetit/Documents/Codex/atiende-licitaciones-staging/node_modules/jsdom/lib/jsdom/living/generated/HTMLCanvasElement.js:131:58)
    at /Users/javiercamaraportepetit/Documents/Codex/atiende-licitaciones-staging/node_modules/axe-core/axe.js:17088:49
    at Object.get (/Users/javiercamaraportepetit/Documents/Codex/atiende-licitaciones-staging/node_modules/axe-core/axe.js:11246:23)
    at _isIconLigature (/Users/javiercamaraportepetit/Documents/Codex/atiende-licitaciones-staging/node_modules/axe-core/axe.js:17087:41)
    at /Users/javiercamaraportepetit/Documents/Codex/atiende-licitaciones-staging/node_modules/axe-core/axe.js:28725:54
    at Array.some (<anonymous>)
    at hasRealTextChildren (/Users/javiercamaraportepetit/Documents/Codex/atiende-licitaciones-staging/node_modules/axe-core/axe.js:28724:35)
    at Rule.colorContrastMatches [as matches] (/Users/javiercamaraportepetit/Documents/Codex/atiende-licitaciones-staging/node_modules/axe-core/axe.js:28686:12) [90mundefined[39m
Error: Not implemented: HTMLCanvasElement.prototype.getContext (without installing the canvas npm package)
    at module.exports (/Users/javiercamaraportepetit/Documents/Codex/atiende-licitaciones-staging/node_modules/jsdom/lib/jsdom/browser/not-implemented.js:9:17)
    at HTMLCanvasElementImpl.getContext (/Users/javiercamaraportepetit/Documents/Codex/atiende-licitaciones-staging/node_modules/jsdom/lib/jsdom/living/nodes/HTMLCanvasElement-impl.js:42:5)
    at HTMLCanvasElement.getContext (/Users/javiercamaraportepetit/Documents/Codex/atiende-licitaciones-staging/node_modules/jsdom/lib/jsdom/living/generated/HTMLCanvasElement.js:131:58)
    at /Users/javiercamaraportepetit/Documents/Codex/atiende-licitaciones-staging/node_modules/axe-core/axe.js:17088:49
    at Object.get (/Users/javiercamaraportepetit/Documents/Codex/atiende-licitaciones-staging/node_modules/axe-core/axe.js:11246:23)
    at _isIconLigature (/Users/javiercamaraportepetit/Documents/Codex/atiende-licitaciones-staging/node_modules/axe-core/axe.js:17087:41)
    at /Users/javiercamaraportepetit/Documents/Codex/atiende-licitaciones-staging/node_modules/axe-core/axe.js:28725:54
    at Array.some (<anonymous>)
    at hasRealTextChildren (/Users/javiercamaraportepetit/Documents/Codex/atiende-licitaciones-staging/node_modules/axe-core/axe.js:28724:35)
    at Rule.colorContrastMatches [as matches] (/Users/javiercamaraportepetit/Documents/Codex/atiende-licitaciones-staging/node_modules/axe-core/axe.js:28686:12) [90mundefined[39m
Error: Not implemented: HTMLCanvasElement.prototype.getContext (without installing the canvas npm package)
    at module.exports (/Users/javiercamaraportepetit/Documents/Codex/atiende-licitaciones-staging/node_modules/jsdom/lib/jsdom/browser/not-implemented.js:9:17)
    at HTMLCanvasElementImpl.getContext (/Users/javiercamaraportepetit/Documents/Codex/atiende-licitaciones-staging/node_modules/jsdom/lib/jsdom/living/nodes/HTMLCanvasElement-impl.js:42:5)
    at HTMLCanvasElement.getContext (/Users/javiercamaraportepetit/Documents/Codex/atiende-licitaciones-staging/node_modules/jsdom/lib/jsdom/living/generated/HTMLCanvasElement.js:131:58)
    at /Users/javiercamaraportepetit/Documents/Codex/atiende-licitaciones-staging/node_modules/axe-core/axe.js:17088:49
    at Object.get (/Users/javiercamaraportepetit/Documents/Codex/atiende-licitaciones-staging/node_modules/axe-core/axe.js:11246:23)
    at _isIconLigature (/Users/javiercamaraportepetit/Documents/Codex/atiende-licitaciones-staging/node_modules/axe-core/axe.js:17087:41)
    at /Users/javiercamaraportepetit/Documents/Codex/atiende-licitaciones-staging/node_modules/axe-core/axe.js:28725:54
    at Array.some (<anonymous>)
    at hasRealTextChildren (/Users/javiercamaraportepetit/Documents/Codex/atiende-licitaciones-staging/node_modules/axe-core/axe.js:28724:35)
    at Rule.colorContrastMatches [as matches] (/Users/javiercamaraportepetit/Documents/Codex/atiende-licitaciones-staging/node_modules/axe-core/axe.js:28686:12) [90mundefined[39m
Error: Not implemented: HTMLCanvasElement.prototype.getContext (without installing the canvas npm package)
    at module.exports (/Users/javiercamaraportepetit/Documents/Codex/atiende-licitaciones-staging/node_modules/jsdom/lib/jsdom/browser/not-implemented.js:9:17)
    at HTMLCanvasElementImpl.getContext (/Users/javiercamaraportepetit/Documents/Codex/atiende-licitaciones-staging/node_modules/jsdom/lib/jsdom/living/nodes/HTMLCanvasElement-impl.js:42:5)
    at HTMLCanvasElement.getContext (/Users/javiercamaraportepetit/Documents/Codex/atiende-licitaciones-staging/node_modules/jsdom/lib/jsdom/living/generated/HTMLCanvasElement.js:131:58)
    at /Users/javiercamaraportepetit/Documents/Codex/atiende-licitaciones-staging/node_modules/axe-core/axe.js:17088:49
    at Object.get (/Users/javiercamaraportepetit/Documents/Codex/atiende-licitaciones-staging/node_modules/axe-core/axe.js:11246:23)
    at _isIconLigature (/Users/javiercamaraportepetit/Documents/Codex/atiende-licitaciones-staging/node_modules/axe-core/axe.js:17087:41)
    at /Users/javiercamaraportepetit/Documents/Codex/atiende-licitaciones-staging/node_modules/axe-core/axe.js:28725:54
    at Array.some (<anonymous>)
    at hasRealTextChildren (/Users/javiercamaraportepetit/Documents/Codex/atiende-licitaciones-staging/node_modules/axe-core/axe.js:28724:35)
    at Rule.colorContrastMatches [as matches] (/Users/javiercamaraportepetit/Documents/Codex/atiende-licitaciones-staging/node_modules/axe-core/axe.js:28686:12) [90mundefined[39m
Error: Not implemented: HTMLCanvasElement.prototype.getContext (without installing the canvas npm package)
    at module.exports (/Users/javiercamaraportepetit/Documents/Codex/atiende-licitaciones-staging/node_modules/jsdom/lib/jsdom/browser/not-implemented.js:9:17)
    at HTMLCanvasElementImpl.getContext (/Users/javiercamaraportepetit/Documents/Codex/atiende-licitaciones-staging/node_modules/jsdom/lib/jsdom/living/nodes/HTMLCanvasElement-impl.js:42:5)
    at HTMLCanvasElement.getContext (/Users/javiercamaraportepetit/Documents/Codex/atiende-licitaciones-staging/node_modules/jsdom/lib/jsdom/living/generated/HTMLCanvasElement.js:131:58)
    at /Users/javiercamaraportepetit/Documents/Codex/atiende-licitaciones-staging/node_modules/axe-core/axe.js:17088:49
    at Object.get (/Users/javiercamaraportepetit/Documents/Codex/atiende-licitaciones-staging/node_modules/axe-core/axe.js:11246:23)
    at _isIconLigature (/Users/javiercamaraportepetit/Documents/Codex/atiende-licitaciones-staging/node_modules/axe-core/axe.js:17087:41)
    at /Users/javiercamaraportepetit/Documents/Codex/atiende-licitaciones-staging/node_modules/axe-core/axe.js:28725:54
    at Array.some (<anonymous>)
    at hasRealTextChildren (/Users/javiercamaraportepetit/Documents/Codex/atiende-licitaciones-staging/node_modules/axe-core/axe.js:28724:35)
    at Rule.colorContrastMatches [as matches] (/Users/javiercamaraportepetit/Documents/Codex/atiende-licitaciones-staging/node_modules/axe-core/axe.js:28686:12) [90mundefined[39m
Error: Not implemented: HTMLCanvasElement.prototype.getContext (without installing the canvas npm package)
    at module.exports (/Users/javiercamaraportepetit/Documents/Codex/atiende-licitaciones-staging/node_modules/jsdom/lib/jsdom/browser/not-implemented.js:9:17)
    at HTMLCanvasElementImpl.getContext (/Users/javiercamaraportepetit/Documents/Codex/atiende-licitaciones-staging/node_modules/jsdom/lib/jsdom/living/nodes/HTMLCanvasElement-impl.js:42:5)
    at HTMLCanvasElement.getContext (/Users/javiercamaraportepetit/Documents/Codex/atiende-licitaciones-staging/node_modules/jsdom/lib/jsdom/living/generated/HTMLCanvasElement.js:131:58)
    at /Users/javiercamaraportepetit/Documents/Codex/atiende-licitaciones-staging/node_modules/axe-core/axe.js:17088:49
    at Object.get (/Users/javiercamaraportepetit/Documents/Codex/atiende-licitaciones-staging/node_modules/axe-core/axe.js:11246:23)
    at _isIconLigature (/Users/javiercamaraportepetit/Documents/Codex/atiende-licitaciones-staging/node_modules/axe-core/axe.js:17087:41)
    at /Users/javiercamaraportepetit/Documents/Codex/atiende-licitaciones-staging/node_modules/axe-core/axe.js:28725:54
    at Array.some (<anonymous>)
    at hasRealTextChildren (/Users/javiercamaraportepetit/Documents/Codex/atiende-licitaciones-staging/node_modules/axe-core/axe.js:28724:35)
    at Rule.colorContrastMatches [as matches] (/Users/javiercamaraportepetit/Documents/Codex/atiende-licitaciones-staging/node_modules/axe-core/axe.js:28686:12) [90mundefined[39m
Error: Not implemented: HTMLCanvasElement.prototype.getContext (without installing the canvas npm package)
    at module.exports (/Users/javiercamaraportepetit/Documents/Codex/atiende-licitaciones-staging/node_modules/jsdom/lib/jsdom/browser/not-implemented.js:9:17)
    at HTMLCanvasElementImpl.getContext (/Users/javiercamaraportepetit/Documents/Codex/atiende-licitaciones-staging/node_modules/jsdom/lib/jsdom/living/nodes/HTMLCanvasElement-impl.js:42:5)
    at HTMLCanvasElement.getContext (/Users/javiercamaraportepetit/Documents/Codex/atiende-licitaciones-staging/node_modules/jsdom/lib/jsdom/living/generated/HTMLCanvasElement.js:131:58)
    at /Users/javiercamaraportepetit/Documents/Codex/atiende-licitaciones-staging/node_modules/axe-core/axe.js:17088:49
    at Object.get (/Users/javiercamaraportepetit/Documents/Codex/atiende-licitaciones-staging/node_modules/axe-core/axe.js:11246:23)
    at _isIconLigature (/Users/javiercamaraportepetit/Documents/Codex/atiende-licitaciones-staging/node_modules/axe-core/axe.js:17087:41)
    at /Users/javiercamaraportepetit/Documents/Codex/atiende-licitaciones-staging/node_modules/axe-core/axe.js:28725:54
    at Array.some (<anonymous>)
    at hasRealTextChildren (/Users/javiercamaraportepetit/Documents/Codex/atiende-licitaciones-staging/node_modules/axe-core/axe.js:28724:35)
    at Rule.colorContrastMatches [as matches] (/Users/javiercamaraportepetit/Documents/Codex/atiende-licitaciones-staging/node_modules/axe-core/axe.js:28686:12) [90mundefined[39m
Error: Not implemented: HTMLCanvasElement.prototype.getContext (without installing the canvas npm package)
    at module.exports (/Users/javiercamaraportepetit/Documents/Codex/atiende-licitaciones-staging/node_modules/jsdom/lib/jsdom/browser/not-implemented.js:9:17)
    at HTMLCanvasElementImpl.getContext (/Users/javiercamaraportepetit/Documents/Codex/atiende-licitaciones-staging/node_modules/jsdom/lib/jsdom/living/nodes/HTMLCanvasElement-impl.js:42:5)
    at HTMLCanvasElement.getContext (/Users/javiercamaraportepetit/Documents/Codex/atiende-licitaciones-staging/node_modules/jsdom/lib/jsdom/living/generated/HTMLCanvasElement.js:131:58)
    at /Users/javiercamaraportepetit/Documents/Codex/atiende-licitaciones-staging/node_modules/axe-core/axe.js:17088:49
    at Object.get (/Users/javiercamaraportepetit/Documents/Codex/atiende-licitaciones-staging/node_modules/axe-core/axe.js:11246:23)
    at _isIconLigature (/Users/javiercamaraportepetit/Documents/Codex/atiende-licitaciones-staging/node_modules/axe-core/axe.js:17087:41)
    at /Users/javiercamaraportepetit/Documents/Codex/atiende-licitaciones-staging/node_modules/axe-core/axe.js:28725:54
    at Array.some (<anonymous>)
    at hasRealTextChildren (/Users/javiercamaraportepetit/Documents/Codex/atiende-licitaciones-staging/node_modules/axe-core/axe.js:28724:35)
    at Rule.colorContrastMatches [as matches] (/Users/javiercamaraportepetit/Documents/Codex/atiende-licitaciones-staging/node_modules/axe-core/axe.js:28686:12) [90mundefined[39m
Error: Not implemented: HTMLCanvasElement.prototype.getContext (without installing the canvas npm package)
    at module.exports (/Users/javiercamaraportepetit/Documents/Codex/atiende-licitaciones-staging/node_modules/jsdom/lib/jsdom/browser/not-implemented.js:9:17)
    at HTMLCanvasElementImpl.getContext (/Users/javiercamaraportepetit/Documents/Codex/atiende-licitaciones-staging/node_modules/jsdom/lib/jsdom/living/nodes/HTMLCanvasElement-impl.js:42:5)
    at HTMLCanvasElement.getContext (/Users/javiercamaraportepetit/Documents/Codex/atiende-licitaciones-staging/node_modules/jsdom/lib/jsdom/living/generated/HTMLCanvasElement.js:131:58)
    at /Users/javiercamaraportepetit/Documents/Codex/atiende-licitaciones-staging/node_modules/axe-core/axe.js:17088:49
    at Object.get (/Users/javiercamaraportepetit/Documents/Codex/atiende-licitaciones-staging/node_modules/axe-core/axe.js:11246:23)
    at _isIconLigature (/Users/javiercamaraportepetit/Documents/Codex/atiende-licitaciones-staging/node_modules/axe-core/axe.js:17087:41)
    at /Users/javiercamaraportepetit/Documents/Codex/atiende-licitaciones-staging/node_modules/axe-core/axe.js:28725:54
    at Array.some (<anonymous>)
    at hasRealTextChildren (/Users/javiercamaraportepetit/Documents/Codex/atiende-licitaciones-staging/node_modules/axe-core/axe.js:28724:35)
    at Rule.colorContrastMatches [as matches] (/Users/javiercamaraportepetit/Documents/Codex/atiende-licitaciones-staging/node_modules/axe-core/axe.js:28686:12) [90mundefined[39m
Error: Not implemented: HTMLCanvasElement.prototype.getContext (without installing the canvas npm package)
    at module.exports (/Users/javiercamaraportepetit/Documents/Codex/atiende-licitaciones-staging/node_modules/jsdom/lib/jsdom/browser/not-implemented.js:9:17)
    at HTMLCanvasElementImpl.getContext (/Users/javiercamaraportepetit/Documents/Codex/atiende-licitaciones-staging/node_modules/jsdom/lib/jsdom/living/nodes/HTMLCanvasElement-impl.js:42:5)
    at HTMLCanvasElement.getContext (/Users/javiercamaraportepetit/Documents/Codex/atiende-licitaciones-staging/node_modules/jsdom/lib/jsdom/living/generated/HTMLCanvasElement.js:131:58)
    at /Users/javiercamaraportepetit/Documents/Codex/atiende-licitaciones-staging/node_modules/axe-core/axe.js:17088:49
    at Object.get (/Users/javiercamaraportepetit/Documents/Codex/atiende-licitaciones-staging/node_modules/axe-core/axe.js:11246:23)
    at _isIconLigature (/Users/javiercamaraportepetit/Documents/Codex/atiende-licitaciones-staging/node_modules/axe-core/axe.js:17087:41)
    at /Users/javiercamaraportepetit/Documents/Codex/atiende-licitaciones-staging/node_modules/axe-core/axe.js:28725:54
    at Array.some (<anonymous>)
    at hasRealTextChildren (/Users/javiercamaraportepetit/Documents/Codex/atiende-licitaciones-staging/node_modules/axe-core/axe.js:28724:35)
    at Rule.colorContrastMatches [as matches] (/Users/javiercamaraportepetit/Documents/Codex/atiende-licitaciones-staging/node_modules/axe-core/axe.js:28686:12) [90mundefined[39m

 Test Files  46 passed (46)
      Tests  225 passed (225)
   Start at  17:53:02
   Duration  88.18s (transform 879ms, setup 4.19s, import 6.06s, tests 240.21s, environment 6.89s)

 % Coverage report from v8
-------------------|---------|----------|---------|---------|-------------------
File               | % Stmts | % Branch | % Funcs | % Lines | Uncovered Line #s 
-------------------|---------|----------|---------|---------|-------------------
[33;1mAll files         [0m | [33;1m  62.46[0m | [33;1m   54.09[0m | [33;1m  50.75[0m | [33;1m  65.87[0m | [31;1m                 [0m 
[31;1m src              [0m | [31;1m      0[0m | [31;1m       0[0m | [31;1m      0[0m | [31;1m      0[0m | [31;1m                 [0m 
[31;1m  App.tsx         [0m | [31;1m      0[0m | [31;1m       0[0m | [31;1m      0[0m | [31;1m      0[0m | [31;1m14-109           [0m 
[33;1m src/components   [0m | [33;1m  78.18[0m | [33;1m   77.08[0m | [33;1m  78.94[0m | [32;1m  80.76[0m | [31;1m                 [0m 
[31;1m  SkipLink.tsx    [0m | [31;1m  22.22[0m | [31;1m       0[0m | [33;1m     50[0m | [31;1m     25[0m | [31;1m19-24            [0m 
[32;1m  StepUpDialog.tsx[0m | [32;1m  82.35[0m | [32;1m   86.95[0m | [33;1m     60[0m | [32;1m  82.35[0m | [31;1m65,83-92         [0m 
[32;1m  ...eSelector.tsx[0m | [32;1m   92.3[0m | [33;1m   66.66[0m | [32;1m  88.88[0m | [32;1m  95.83[0m | [31;1m41               [0m 
[33;1m ...omponents/auth[0m | [33;1m  72.91[0m | [33;1m   76.92[0m | [33;1m  66.66[0m | [33;1m  72.91[0m | [31;1m                 [0m 
[31;1m  RequireAuth.tsx [0m | [31;1m      0[0m | [31;1m       0[0m | [31;1m      0[0m | [31;1m      0[0m | [31;1m14-63            [0m 
[32;1m  ...ationForm.tsx[0m | [32;1m  89.47[0m | [32;1m     100[0m | [33;1m     60[0m | [32;1m  89.47[0m | [31;1m72,95            [0m 
[32;1m ...ents/dashboard[0m | [32;1m     90[0m | [32;1m   86.66[0m | [32;1m   87.5[0m | [32;1m     90[0m | [31;1m                 [0m 
[33;1m  ActivityFeed.tsx[0m | [33;1m     50[0m | [32;1m    92.3[0m | [33;1m     50[0m | [33;1m     50[0m | [31;1m43               [0m 
[32;1m  AlertsList.tsx  [0m | [32;1m    100[0m | [33;1m   76.47[0m | [32;1m    100[0m | [32;1m    100[0m | [33;1m37-38,51-53      [0m 
[32;1m  ...klistCard.tsx[0m | [32;1m    100[0m | [32;1m      90[0m | [32;1m    100[0m | [32;1m    100[0m | [33;1m29               [0m 
[33;1m ...nts/expediente[0m | [33;1m     70[0m | [33;1m   66.66[0m | [33;1m  66.66[0m | [32;1m  85.71[0m | [31;1m                 [0m 
[33;1m  TenderSelect.tsx[0m | [33;1m     70[0m | [33;1m   66.66[0m | [33;1m  66.66[0m | [32;1m  85.71[0m | [31;1m32               [0m 
[33;1m ...ponents/layout[0m | [33;1m  67.34[0m | [33;1m   53.57[0m | [33;1m     60[0m | [33;1m  69.76[0m | [31;1m                 [0m 
[33;1m  AppShell.tsx    [0m | [33;1m     75[0m | [32;1m     100[0m | [33;1m  66.66[0m | [33;1m     75[0m | [31;1m54               [0m 
[32;1m  ...nSwitcher.tsx[0m | [32;1m     80[0m | [31;1m      40[0m | [33;1m     50[0m | [32;1m     80[0m | [31;1m57               [0m 
[32;1m  SidebarNav.tsx  [0m | [32;1m     80[0m | [33;1m   66.66[0m | [33;1m  63.63[0m | [32;1m  85.71[0m | [31;1m42,56,75         [0m 
[31;1m  UserMenu.tsx    [0m | [31;1m  35.71[0m | [31;1m      25[0m | [31;1m  33.33[0m | [31;1m  33.33[0m | [31;1m30-50            [0m 
[32;1m src/components/ui[0m | [32;1m  88.83[0m | [33;1m   64.91[0m | [33;1m  73.84[0m | [32;1m  88.47[0m | [31;1m                 [0m 
[32;1m  card.tsx        [0m | [32;1m  94.73[0m | [32;1m     100[0m | [32;1m  83.33[0m | [32;1m  94.44[0m | [31;1m54               [0m 
[33;1m  ...down-menu.tsx[0m | [33;1m  73.33[0m | [31;1m       0[0m | [31;1m      0[0m | [33;1m  73.33[0m | [31;1m...85,108,130,142[0m 
[32;1m  form.tsx        [0m | [32;1m  94.59[0m | [33;1m   78.57[0m | [32;1m    100[0m | [32;1m  94.44[0m | [31;1m45,48            [0m 
[31;1m  scroll-area.tsx [0m | [31;1m      0[0m | [31;1m       0[0m | [31;1m      0[0m | [31;1m      0[0m | [31;1m6-36             [0m 
[32;1m  select.tsx      [0m | [32;1m  93.33[0m | [32;1m     100[0m | [33;1m     75[0m | [32;1m  93.33[0m | [31;1m77               [0m 
[31;1m  separator.tsx   [0m | [31;1m      0[0m | [31;1m       0[0m | [31;1m      0[0m | [31;1m      0[0m | [31;1m6-22             [0m 
[32;1m  sheet.tsx       [0m | [32;1m     95[0m | [32;1m     100[0m | [32;1m     80[0m | [32;1m  94.73[0m | [31;1m90               [0m 
[32;1m  table.tsx       [0m | [32;1m  91.66[0m | [32;1m     100[0m | [33;1m     75[0m | [32;1m  91.66[0m | [31;1m25,60            [0m 
[32;1m  tooltip.tsx     [0m | [32;1m  83.33[0m | [31;1m       0[0m | [31;1m      0[0m | [32;1m  83.33[0m | [31;1m13               [0m 
[33;1m src/hooks        [0m | [33;1m   68.3[0m | [33;1m   73.33[0m | [33;1m   60.9[0m | [33;1m  69.31[0m | [31;1m                 [0m 
[31;1m  use-mobile.ts   [0m | [31;1m      0[0m | [31;1m       0[0m | [31;1m      0[0m | [31;1m      0[0m | [31;1m3-19             [0m 
[32;1m  ...nChecklist.ts[0m | [32;1m   87.5[0m | [32;1m   83.33[0m | [33;1m  66.66[0m | [32;1m  85.71[0m | [31;1m49-55            [0m 
[31;1m  useAdmin.ts     [0m | [31;1m  27.77[0m | [31;1m       0[0m | [31;1m  29.16[0m | [31;1m  28.57[0m | [31;1m23-67,103-106    [0m 
[32;1m  useAuth.tsx     [0m | [32;1m  85.71[0m | [33;1m    62.5[0m | [32;1m  90.47[0m | [32;1m  91.25[0m | [31;1m93-95,120-122,227[0m 
[33;1m  useCompany.ts   [0m | [33;1m  52.94[0m | [32;1m     100[0m | [33;1m  52.38[0m | [33;1m  52.94[0m | [31;1m...98-111,128-129[0m 
[32;1m  useDashboard.ts [0m | [32;1m  96.66[0m | [32;1m     100[0m | [32;1m  93.33[0m | [32;1m  96.29[0m | [31;1m68               [0m 
[33;1m  useExpediente.ts[0m | [33;1m  60.34[0m | [32;1m      90[0m | [33;1m  50.72[0m | [33;1m  60.34[0m | [31;1m...59-260,268-269[0m 
[31;1m  useGoNoGo.ts    [0m | [31;1m      0[0m | [31;1m       0[0m | [31;1m      0[0m | [31;1m      0[0m | [31;1m7-20             [0m 
[33;1m  useMatching.ts  [0m | [33;1m     50[0m | [31;1m       0[0m | [33;1m     50[0m | [33;1m     50[0m | [31;1m16-19            [0m 
[33;1m  ...emberships.ts[0m | [33;1m  68.75[0m | [32;1m     100[0m | [33;1m     50[0m | [33;1m  68.75[0m | [31;1m25-26,34-35,48   [0m 
[32;1m  useTenders.ts   [0m | [32;1m     80[0m | [33;1m   66.66[0m | [32;1m  81.81[0m | [32;1m     80[0m | [31;1m35-38            [0m 
[32;1m  useTwoFactor.ts [0m | [32;1m   87.5[0m | [33;1m   66.66[0m | [32;1m    100[0m | [32;1m    100[0m | [33;1m40,68            [0m 
[32;1m src/lib          [0m | [32;1m  85.24[0m | [33;1m   77.96[0m | [32;1m     95[0m | [32;1m  88.99[0m | [31;1m                 [0m 
[33;1m  datetime.ts     [0m | [33;1m  54.54[0m | [31;1m   41.66[0m | [33;1m  66.66[0m | [33;1m  68.75[0m | [31;1m39-43            [0m 
[32;1m  ...eMarkdown.tsx[0m | [32;1m  85.18[0m | [33;1m      70[0m | [32;1m    100[0m | [32;1m  85.71[0m | [31;1m19-31            [0m 
[33;1m src/lib/api      [0m | [33;1m  72.03[0m | [33;1m   56.48[0m | [33;1m  63.93[0m | [33;1m  74.87[0m | [31;1m                 [0m 
[31;1m  admin.ts        [0m | [31;1m  14.28[0m | [31;1m       0[0m | [31;1m  23.07[0m | [31;1m  17.14[0m | [31;1m30-74,109-123    [0m 
[32;1m  agents.ts       [0m | [32;1m    100[0m | [33;1m      50[0m | [32;1m    100[0m | [32;1m    100[0m | [33;1m11               [0m 
[33;1m  audit.ts        [0m | [33;1m   64.7[0m | [33;1m   53.33[0m | [32;1m    100[0m | [32;1m    100[0m | [33;1m23-30            [0m 
[32;1m  client.ts       [0m | [32;1m   97.5[0m | [32;1m   91.66[0m | [32;1m    100[0m | [32;1m  97.14[0m | [31;1m70               [0m 
[33;1m  company.ts      [0m | [33;1m  58.62[0m | [32;1m     100[0m | [33;1m  56.25[0m | [33;1m  58.62[0m | [31;1m...05,125-126,142[0m 
[31;1m  expediente.ts   [0m | [31;1m  40.57[0m | [31;1m      35[0m | [31;1m  42.85[0m | [31;1m   38.8[0m | [31;1m...47-248,289-301[0m 
[31;1m  go-no-go.ts     [0m | [31;1m      0[0m | [32;1m     100[0m | [31;1m      0[0m | [31;1m      0[0m | [31;1m6-17             [0m 
[32;1m  google.ts       [0m | [32;1m  91.66[0m | [33;1m      50[0m | [32;1m    100[0m | [32;1m    100[0m | [33;1m44-46            [0m 
[32;1m  http.ts         [0m | [32;1m  81.81[0m | [33;1m   69.23[0m | [32;1m  83.33[0m | [32;1m  86.66[0m | [31;1m106-112          [0m 
[33;1m  matching.ts     [0m | [33;1m     50[0m | [32;1m     100[0m | [33;1m     50[0m | [33;1m     50[0m | [31;1m5-6              [0m 
[33;1m  organizations.ts[0m | [33;1m  58.33[0m | [32;1m     100[0m | [33;1m     50[0m | [33;1m  58.33[0m | [31;1m27-32,65-69      [0m 
[33;1m  session.ts      [0m | [33;1m  76.92[0m | [32;1m     100[0m | [33;1m     75[0m | [32;1m   82.6[0m | [31;1m38,69-70,85      [0m 
[33;1m  tenders.ts      [0m | [33;1m     75[0m | [33;1m   54.54[0m | [32;1m     80[0m | [32;1m   87.5[0m | [31;1m46-47            [0m 
[31;1m src/lib/security [0m | [31;1m      0[0m | [32;1m     100[0m | [31;1m      0[0m | [31;1m      0[0m | [31;1m                 [0m 
[31;1m  csp.ts          [0m | [31;1m      0[0m | [32;1m     100[0m | [31;1m      0[0m | [31;1m      0[0m | [31;1m29-54            [0m 
[31;1m src/mocks        [0m | [31;1m      0[0m | [32;1m     100[0m | [31;1m      0[0m | [31;1m      0[0m | [31;1m                 [0m 
[31;1m  browser.ts      [0m | [31;1m      0[0m | [32;1m     100[0m | [32;1m    100[0m | [31;1m      0[0m | [31;1m9                [0m 
[31;1m  demoFixtures.ts [0m | [31;1m      0[0m | [32;1m     100[0m | [31;1m      0[0m | [31;1m      0[0m | [31;1m9-157            [0m 
[31;1m  demoHandlers.ts [0m | [31;1m      0[0m | [32;1m     100[0m | [31;1m      0[0m | [31;1m      0[0m | [31;1m11-16            [0m 
[32;1m src/pages        [0m | [32;1m  81.08[0m | [33;1m    75.9[0m | [33;1m   70.4[0m | [32;1m  83.27[0m | [31;1m                 [0m 
[32;1m  ...acionPage.tsx[0m | [32;1m   93.1[0m | [32;1m   85.29[0m | [32;1m  88.23[0m | [32;1m  92.85[0m | [31;1m46-47,140,287    [0m 
[31;1m  DemoPage.tsx    [0m | [31;1m  31.11[0m | [31;1m   34.61[0m | [31;1m  17.64[0m | [31;1m  35.13[0m | [31;1m29-36,67-89,139  [0m 
[32;1m  LandingPage.tsx [0m | [32;1m  93.75[0m | [32;1m     100[0m | [32;1m   87.5[0m | [32;1m  93.75[0m | [31;1m503,578-582      [0m 
[32;1m  LoginPage.tsx   [0m | [32;1m  88.88[0m | [32;1m   84.61[0m | [32;1m  85.71[0m | [32;1m  88.88[0m | [31;1m57,108,126       [0m 
[31;1m  NotFoundPage.tsx[0m | [31;1m      0[0m | [32;1m     100[0m | [31;1m      0[0m | [31;1m      0[0m | [31;1m7                [0m 
[32;1m  PanelPage.tsx   [0m | [32;1m  83.33[0m | [33;1m      75[0m | [33;1m     50[0m | [32;1m  83.33[0m | [31;1m117-123          [0m 
[32;1m  ...sBajaPage.tsx[0m | [32;1m  91.48[0m | [33;1m   79.41[0m | [32;1m   87.5[0m | [32;1m  95.23[0m | [31;1m90,186           [0m 
[33;1m  ...oticePage.tsx[0m | [33;1m     75[0m | [32;1m    87.5[0m | [33;1m  66.66[0m | [33;1m     75[0m | [31;1m51               [0m 
[32;1m  RegistroPage.tsx[0m | [32;1m  96.66[0m | [32;1m   93.33[0m | [32;1m   87.5[0m | [32;1m  96.66[0m | [31;1m193              [0m 
[32;1m  ...ccesoPage.tsx[0m | [32;1m  83.33[0m | [32;1m     100[0m | [32;1m     80[0m | [32;1m  83.33[0m | [31;1m54,133-134       [0m 
[31;1m  ...odulePage.tsx[0m | [31;1m      0[0m | [31;1m       0[0m | [31;1m      0[0m | [31;1m      0[0m | [31;1m29-38            [0m 
[32;1m src/pages/auth   [0m | [32;1m  90.71[0m | [32;1m   91.73[0m | [32;1m  85.29[0m | [32;1m  93.02[0m | [31;1m                 [0m 
[32;1m  ...acionPage.tsx[0m | [32;1m  94.59[0m | [32;1m    93.1[0m | [32;1m  83.33[0m | [32;1m    100[0m | [33;1m61-63            [0m 
[32;1m  ...lbackPage.tsx[0m | [32;1m     85[0m | [32;1m   83.33[0m | [32;1m  88.88[0m | [32;1m  86.44[0m | [31;1m...97,160-161,201[0m 
[32;1m  ...swordPage.tsx[0m | [32;1m  84.21[0m | [32;1m     100[0m | [33;1m     60[0m | [32;1m  84.21[0m | [31;1m94-95,117        [0m 
[32;1m  ...swordPage.tsx[0m | [32;1m  93.54[0m | [32;1m   95.45[0m | [32;1m  85.71[0m | [32;1m  96.66[0m | [31;1m168              [0m 
[32;1m  ...orreoPage.tsx[0m | [32;1m  96.77[0m | [32;1m    90.9[0m | [32;1m    100[0m | [32;1m    100[0m | [33;1m69-71            [0m 
[31;1m ...ges/backoffice[0m | [31;1m   48.9[0m | [33;1m      50[0m | [31;1m   37.5[0m | [31;1m  49.24[0m | [31;1m                 [0m 
[32;1m  ...entasPage.tsx[0m | [32;1m  82.75[0m | [32;1m      80[0m | [33;1m  69.23[0m | [32;1m  85.18[0m | [31;1m66,85,160-175    [0m 
[32;1m  ...fficePage.tsx[0m | [32;1m  86.36[0m | [32;1m   88.46[0m | [32;1m  81.81[0m | [32;1m     90[0m | [31;1m53,72            [0m 
[33;1m  ...toriaPage.tsx[0m | [33;1m  54.54[0m | [32;1m      80[0m | [31;1m  28.57[0m | [33;1m  54.54[0m | [31;1m46-64,100        [0m 
[31;1m  ...toresPage.tsx[0m | [31;1m      0[0m | [31;1m       0[0m | [31;1m      0[0m | [31;1m      0[0m | [31;1m21-45            [0m 
[31;1m  CostosPage.tsx  [0m | [31;1m      0[0m | [31;1m       0[0m | [31;1m      0[0m | [31;1m      0[0m | [31;1m18-49            [0m 
[31;1m  ...entesPage.tsx[0m | [31;1m      0[0m | [31;1m       0[0m | [31;1m      0[0m | [31;1m      0[0m | [31;1m23-147           [0m 
[31;1m  JobsPage.tsx    [0m | [31;1m      0[0m | [31;1m       0[0m | [31;1m      0[0m | [31;1m      0[0m | [31;1m18-89            [0m 
[31;1m  ...ionesPage.tsx[0m | [31;1m      0[0m | [31;1m       0[0m | [31;1m      0[0m | [31;1m      0[0m | [31;1m21-44            [0m 
[33;1m  ...RolesPage.tsx[0m | [33;1m  58.06[0m | [33;1m   78.94[0m | [31;1m  46.66[0m | [33;1m     60[0m | [31;1m...52-154,185-187[0m 
[31;1m .../convocatorias[0m | [31;1m  24.61[0m | [31;1m   27.92[0m | [31;1m  20.68[0m | [31;1m  26.78[0m | [31;1m                 [0m 
[31;1m  ...tallePage.tsx[0m | [31;1m  33.33[0m | [31;1m   38.09[0m | [31;1m     25[0m | [31;1m  38.09[0m | [31;1m31-70,109        [0m 
[31;1m  ...ientoPage.tsx[0m | [31;1m      0[0m | [31;1m       0[0m | [31;1m      0[0m | [31;1m      0[0m | [31;1m19-142           [0m 
[32;1m  ...scuraPage.tsx[0m | [32;1m   87.5[0m | [32;1m   93.75[0m | [32;1m     80[0m | [32;1m   87.5[0m | [31;1m72               [0m 
[31;1m  MatchingPage.tsx[0m | [31;1m      0[0m | [31;1m       0[0m | [31;1m      0[0m | [31;1m      0[0m | [31;1m14-95            [0m 
[31;1m src/pages/empresa[0m | [31;1m  28.94[0m | [31;1m    20.1[0m | [31;1m  31.81[0m | [31;1m  28.65[0m | [31;1m                 [0m 
[31;1m  ...nciasPage.tsx[0m | [31;1m      0[0m | [31;1m       0[0m | [31;1m      0[0m | [31;1m      0[0m | [31;1m27-227           [0m 
[31;1m  ...zadosPage.tsx[0m | [31;1m      0[0m | [31;1m       0[0m | [31;1m      0[0m | [31;1m      0[0m | [31;1m21-144           [0m 
[31;1m  ...dadesPage.tsx[0m | [31;1m      0[0m | [31;1m       0[0m | [31;1m      0[0m | [31;1m      0[0m | [31;1m22-293           [0m 
[32;1m  ...badasPage.tsx[0m | [32;1m  83.33[0m | [33;1m   76.92[0m | [32;1m     84[0m | [32;1m     85[0m | [31;1m...10,124-129,212[0m 
[31;1m src/pages/entrega[0m | [31;1m  45.68[0m | [31;1m   46.19[0m | [33;1m     50[0m | [31;1m  47.27[0m | [31;1m                 [0m 
[31;1m  EntregasPage.tsx[0m | [31;1m  43.75[0m | [31;1m   46.87[0m | [31;1m  36.36[0m | [31;1m  48.27[0m | [31;1m...,46-59,108,152[0m 
[31;1m  ...gablePage.tsx[0m | [31;1m  33.33[0m | [33;1m      65[0m | [33;1m  57.14[0m | [31;1m  34.28[0m | [31;1m39-43,48-68,109  [0m 
[33;1m  ...ientoPage.tsx[0m | [33;1m  56.25[0m | [31;1m   39.28[0m | [33;1m  54.54[0m | [33;1m  56.52[0m | [31;1m...52-266,350,371[0m 
[31;1m ...ges/evaluacion[0m | [31;1m  21.11[0m | [31;1m   15.29[0m | [31;1m  12.82[0m | [31;1m  22.35[0m | [31;1m                 [0m 
[31;1m  ...BasesPage.tsx[0m | [31;1m  29.68[0m | [31;1m   23.63[0m | [31;1m  18.51[0m | [31;1m   32.2[0m | [31;1m...42-157,199-348[0m 
[31;1m  GoNoGoPage.tsx  [0m | [31;1m      0[0m | [31;1m       0[0m | [31;1m      0[0m | [31;1m      0[0m | [31;1m25-184           [0m 
[31;1m ...ges/onboarding[0m | [31;1m  49.45[0m | [33;1m   68.96[0m | [33;1m     50[0m | [33;1m  51.76[0m | [31;1m                 [0m 
[31;1m  ...rdingPage.tsx[0m | [31;1m  49.45[0m | [33;1m   68.96[0m | [33;1m     50[0m | [33;1m  51.76[0m | [31;1m...87,350,374-484[0m 
[31;1m ...es/preparacion[0m | [31;1m  44.16[0m | [33;1m   58.39[0m | [31;1m  20.16[0m | [33;1m  54.89[0m | [31;1m                 [0m 
[32;1m  ...ionesPage.tsx[0m | [32;1m   87.5[0m | [32;1m   82.35[0m | [33;1m     75[0m | [32;1m   87.5[0m | [31;1m72               [0m 
[31;1m  ...entalPage.tsx[0m | [31;1m     26[0m | [33;1m   58.69[0m | [31;1m    8.1[0m | [31;1m  38.23[0m | [31;1m52-65,82-160,197 [0m 
[32;1m  ...ientePage.tsx[0m | [32;1m   87.5[0m | [31;1m   44.44[0m | [33;1m     60[0m | [32;1m    100[0m | [33;1m62-107           [0m 
[31;1m  ...ccionPage.tsx[0m | [31;1m  36.36[0m | [31;1m   46.39[0m | [31;1m  15.15[0m | [31;1m  46.98[0m | [31;1m...93,316,345-367[0m 
[33;1m  RevisionPage.tsx[0m | [33;1m  62.22[0m | [33;1m   72.13[0m | [33;1m     50[0m | [33;1m  62.22[0m | [31;1m...80,102,201-214[0m 
[32;1m src/test         [0m | [32;1m    100[0m | [32;1m   95.45[0m | [32;1m    100[0m | [32;1m    100[0m | [33;1m                 [0m 
[32;1m  ...eAuthMocks.ts[0m | [32;1m    100[0m | [32;1m      95[0m | [32;1m    100[0m | [32;1m    100[0m | [33;1m64               [0m 
-------------------|---------|----------|---------|---------|-------------------

=============================== Coverage summary ===============================
[33;1mStatements   : 62.46% ( 1882/3013 )[0m
[33;1mBranches     : 54.09% ( 1110/2052 )[0m
[33;1mFunctions    : 50.75% ( 570/1123 )[0m
[33;1mLines        : 65.87% ( 1809/2746 )[0m
================================================================================
exit=0

################ BUILD ################

$ npm run -w apps/web build

> @atiende/web@0.1.0 build
> tsc -b && vite build

[36mvite v6.4.3 [32mbuilding for production...[36m[39m
transforming...
[32m✓[39m 2141 modules transformed.
rendering chunks...
computing gzip size...
[2mdist/[22m[32mindex.html                                     [39m[1m[2m  1.37 kB[22m[1m[22m[2m │ gzip:  0.64 kB[22m
[2mdist/[22m[2massets/[22m[35mlogin-BcYFrIpy.css                      [39m[1m[2m  0.19 kB[22m[1m[22m[2m │ gzip:  0.17 kB[22m
[2mdist/[22m[2massets/[22m[35mindex-DcUlanLG.css                      [39m[1m[2m 38.16 kB[22m[1m[22m[2m │ gzip:  7.77 kB[22m
[2mdist/[22m[2massets/[22m[36mplus-CsivoUb7.js                        [39m[1m[2m  0.32 kB[22m[1m[22m[2m │ gzip:  0.25 kB[22m
[2mdist/[22m[2massets/[22m[36marrow-left-BciIeOBV.js                  [39m[1m[2m  0.33 kB[22m[1m[22m[2m │ gzip:  0.27 kB[22m
[2mdist/[22m[2massets/[22m[36marrow-right-CZZ18xrM.js                 [39m[1m[2m  0.33 kB[22m[1m[22m[2m │ gzip:  0.27 kB[22m
[2mdist/[22m[2massets/[22m[36mcircle-check--BVdYb6o.js                [39m[1m[2m  0.34 kB[22m[1m[22m[2m │ gzip:  0.27 kB[22m
[2mdist/[22m[2massets/[22m[36mcircle-play-D2rvxD9F.js                 [39m[1m[2m  0.36 kB[22m[1m[22m[2m │ gzip:  0.27 kB[22m
[2mdist/[22m[2massets/[22m[36mlabel-BcAshXXu.js                       [39m[1m[2m  0.37 kB[22m[1m[22m[2m │ gzip:  0.27 kB[22m
[2mdist/[22m[2massets/[22m[36mmail-B9F_UK_r.js                        [39m[1m[2m  0.38 kB[22m[1m[22m[2m │ gzip:  0.30 kB[22m
[2mdist/[22m[2massets/[22m[36mupload-Cyb_nvlq.js                      [39m[1m[2m  0.43 kB[22m[1m[22m[2m │ gzip:  0.32 kB[22m
[2mdist/[22m[2massets/[22m[36mmail-check-kjp0CRqW.js                  [39m[1m[2m  0.45 kB[22m[1m[22m[2m │ gzip:  0.32 kB[22m
[2mdist/[22m[2massets/[22m[36muser-plus-vj9UMQpw.js                   [39m[1m[2m  0.48 kB[22m[1m[22m[2m │ gzip:  0.33 kB[22m
[2mdist/[22m[2massets/[22m[36mloading-state-B7ouAk-3.js               [39m[1m[2m  0.49 kB[22m[1m[22m[2m │ gzip:  0.33 kB[22m
[2mdist/[22m[2massets/[22m[36mdatetime-phlS3Qpi.js                    [39m[1m[2m  0.52 kB[22m[1m[22m[2m │ gzip:  0.27 kB[22m
[2mdist/[22m[2massets/[22m[36mkey-round-cVLLBB22.js                   [39m[1m[2m  0.52 kB[22m[1m[22m[2m │ gzip:  0.35 kB[22m
[2mdist/[22m[2massets/[22m[36mtrash-2-BaGTXPbN.js                     [39m[1m[2m  0.53 kB[22m[1m[22m[2m │ gzip:  0.34 kB[22m
[2mdist/[22m[2massets/[22m[36minput-CxaBVmAb.js                       [39m[1m[2m  0.53 kB[22m[1m[22m[2m │ gzip:  0.35 kB[22m
[2mdist/[22m[2massets/[22m[36mtextarea-Ci90U19j.js                    [39m[1m[2m  0.53 kB[22m[1m[22m[2m │ gzip:  0.35 kB[22m
[2mdist/[22m[2massets/[22m[36museMatching-CDAXtsxJ.js                 [39m[1m[2m  0.54 kB[22m[1m[22m[2m │ gzip:  0.31 kB[22m
[2mdist/[22m[2massets/[22m[36mgoogle-XQZ5h0LR.js                      [39m[1m[2m  0.55 kB[22m[1m[22m[2m │ gzip:  0.35 kB[22m
[2mdist/[22m[2massets/[22m[36mSectionHeader-4eN96vIM.js               [39m[1m[2m  0.56 kB[22m[1m[22m[2m │ gzip:  0.34 kB[22m
[2mdist/[22m[2massets/[22m[36museAuditLog-BDljQg3J.js                 [39m[1m[2m  0.65 kB[22m[1m[22m[2m │ gzip:  0.38 kB[22m
[2mdist/[22m[2massets/[22m[36museMemberships-Bt79lNUt.js              [39m[1m[2m  0.70 kB[22m[1m[22m[2m │ gzip:  0.33 kB[22m
[2mdist/[22m[2massets/[22m[36museDocumentMeta-DG6BM3nP.js             [39m[1m[2m  0.74 kB[22m[1m[22m[2m │ gzip:  0.36 kB[22m
[2mdist/[22m[2massets/[22m[36mvalidateDocumentFile-BiFIh6bU.js        [39m[1m[2m  0.88 kB[22m[1m[22m[2m │ gzip:  0.53 kB[22m
[2mdist/[22m[2massets/[22m[36mTenderSelect-Bn0yNL_w.js                [39m[1m[2m  0.99 kB[22m[1m[22m[2m │ gzip:  0.61 kB[22m
[2mdist/[22m[2massets/[22m[36mcard-BxXY89UF.js                        [39m[1m[2m  1.09 kB[22m[1m[22m[2m │ gzip:  0.45 kB[22m
[2mdist/[22m[2massets/[22m[36mtabs-DjWH7amK.js                        [39m[1m[2m  1.10 kB[22m[1m[22m[2m │ gzip:  0.47 kB[22m
[2mdist/[22m[2massets/[22m[36museTwoFactor-DE6JTMz_.js                [39m[1m[2m  1.23 kB[22m[1m[22m[2m │ gzip:  0.59 kB[22m
[2mdist/[22m[2massets/[22m[36mNotFoundPage-EuVUC1A0.js                [39m[1m[2m  1.23 kB[22m[1m[22m[2m │ gzip:  0.70 kB[22m
[2mdist/[22m[2massets/[22m[36mAiDisclosureNote-BReBgrSm.js            [39m[1m[2m  1.24 kB[22m[1m[22m[2m │ gzip:  0.74 kB[22m
[2mdist/[22m[2massets/[22m[36mempty-state-DO4KZXZG.js                 [39m[1m[2m  1.27 kB[22m[1m[22m[2m │ gzip:  0.72 kB[22m
[2mdist/[22m[2massets/[22m[36mrenderSimpleMarkdown-4zQ9nPbL.js        [39m[1m[2m  1.32 kB[22m[1m[22m[2m │ gzip:  0.68 kB[22m
[2mdist/[22m[2massets/[22m[36museTenders-BDLf2q7g.js                  [39m[1m[2m  1.42 kB[22m[1m[22m[2m │ gzip:  0.54 kB[22m
[2mdist/[22m[2massets/[22m[36mOrganizacionesPage-DScxBHrp.js          [39m[1m[2m  1.50 kB[22m[1m[22m[2m │ gzip:  0.74 kB[22m
[2mdist/[22m[2massets/[22m[36mtable-fwrQmCp7.js                       [39m[1m[2m  1.61 kB[22m[1m[22m[2m │ gzip:  0.58 kB[22m
[2mdist/[22m[2massets/[22m[36merror-state-BQsMxcT7.js                 [39m[1m[2m  1.68 kB[22m[1m[22m[2m │ gzip:  0.83 kB[22m
[2mdist/[22m[2massets/[22m[36mConectoresPage-yatGaO24.js              [39m[1m[2m  1.69 kB[22m[1m[22m[2m │ gzip:  0.85 kB[22m
[2mdist/[22m[2massets/[22m[36mAuthScreen-BhaTSBLv.js                  [39m[1m[2m  1.86 kB[22m[1m[22m[2m │ gzip:  0.87 kB[22m
[2mdist/[22m[2massets/[22m[36mCostosPage-CIK65n0z.js                  [39m[1m[2m  1.89 kB[22m[1m[22m[2m │ gzip:  0.94 kB[22m
[2mdist/[22m[2massets/[22m[36mredirectAfterAuth-C0wHY_R-.js           [39m[1m[2m  1.93 kB[22m[1m[22m[2m │ gzip:  1.03 kB[22m
[2mdist/[22m[2massets/[22m[36mResendVerificationForm-CKinM7Sw.js      [39m[1m[2m  2.07 kB[22m[1m[22m[2m │ gzip:  1.09 kB[22m
[2mdist/[22m[2massets/[22m[36mRevisaTuCorreoPage-BC-9ZEWC.js          [39m[1m[2m  2.51 kB[22m[1m[22m[2m │ gzip:  1.33 kB[22m
[2mdist/[22m[2massets/[22m[36mJobsPage-DDWHgAuv.js                    [39m[1m[2m  2.59 kB[22m[1m[22m[2m │ gzip:  1.28 kB[22m
[2mdist/[22m[2massets/[22m[36mAprobacionesPage-9VMUMUxy.js            [39m[1m[2m  2.62 kB[22m[1m[22m[2m │ gzip:  1.22 kB[22m
[2mdist/[22m[2massets/[22m[36museAdmin-CcYjv1WC.js                    [39m[1m[2m  2.70 kB[22m[1m[22m[2m │ gzip:  0.75 kB[22m
[2mdist/[22m[2massets/[22m[36mPrivacyNoticePage-MLQAjXG1.js           [39m[1m[2m  2.74 kB[22m[1m[22m[2m │ gzip:  1.36 kB[22m
[2mdist/[22m[2massets/[22m[36mFuentesFrescuraPage-qJV1rDoh.js         [39m[1m[2m  3.06 kB[22m[1m[22m[2m │ gzip:  1.35 kB[22m
[2mdist/[22m[2massets/[22m[36mRecuperarPasswordPage-Xm-UhSWp.js       [39m[1m[2m  3.19 kB[22m[1m[22m[2m │ gzip:  1.54 kB[22m
[2mdist/[22m[2massets/[22m[36mAprobacionesBackofficePage-CrKyIgNG.js  [39m[1m[2m  3.23 kB[22m[1m[22m[2m │ gzip:  1.45 kB[22m
[2mdist/[22m[2massets/[22m[36mVerificarCorreoPage-BKtaE6_W.js         [39m[1m[2m  3.33 kB[22m[1m[22m[2m │ gzip:  1.59 kB[22m
[2mdist/[22m[2massets/[22m[36mDescubrimientoPage-BKz4DXZB.js          [39m[1m[2m  3.41 kB[22m[1m[22m[2m │ gzip:  1.59 kB[22m
[2mdist/[22m[2massets/[22m[36mIncidentesPage-Cd3c6XNm.js              [39m[1m[2m  3.47 kB[22m[1m[22m[2m │ gzip:  1.55 kB[22m
[2mdist/[22m[2massets/[22m[36mAuditoriaPage-BxQe_UvX.js               [39m[1m[2m  3.54 kB[22m[1m[22m[2m │ gzip:  1.57 kB[22m
[2mdist/[22m[2massets/[22m[36mFirmantesAutorizadosPage-DirIopdx.js    [39m[1m[2m  3.70 kB[22m[1m[22m[2m │ gzip:  1.68 kB[22m
[2mdist/[22m[2massets/[22m[36mMatchingPage-BkF_2O7l.js                [39m[1m[2m  3.77 kB[22m[1m[22m[2m │ gzip:  1.57 kB[22m
[2mdist/[22m[2massets/[22m[36mAlertsList-fbwURw8V.js                  [39m[1m[2m  3.78 kB[22m[1m[22m[2m │ gzip:  1.33 kB[22m
[2mdist/[22m[2massets/[22m[36mSinAccesoPage-i4UHwZ3S.js               [39m[1m[2m  3.91 kB[22m[1m[22m[2m │ gzip:  1.68 kB[22m
[2mdist/[22m[2massets/[22m[36mRestablecerPasswordPage-C4B77-XF.js     [39m[1m[2m  3.94 kB[22m[1m[22m[2m │ gzip:  1.85 kB[22m
[2mdist/[22m[2massets/[22m[36mStepUpDialog-C2Xb-0dA.js                [39m[1m[2m  4.04 kB[22m[1m[22m[2m │ gzip:  1.78 kB[22m
[2mdist/[22m[2massets/[22m[36mExpedientePage-CDSzXu8v.js              [39m[1m[2m  4.10 kB[22m[1m[22m[2m │ gzip:  1.63 kB[22m
[2mdist/[22m[2massets/[22m[36museCompany-K_jkVv2C.js                  [39m[1m[2m  4.12 kB[22m[1m[22m[2m │ gzip:  0.83 kB[22m
[2mdist/[22m[2massets/[22m[36mAceptarInvitacionPage-W4yWbAW9.js       [39m[1m[2m  4.21 kB[22m[1m[22m[2m │ gzip:  1.81 kB[22m
[2mdist/[22m[2massets/[22m[36mGoogleCallbackPage-yoM6cW1V.js          [39m[1m[2m  4.36 kB[22m[1m[22m[2m │ gzip:  1.80 kB[22m
[2mdist/[22m[2massets/[22m[36mUsuariosRolesPage-_zpoXbi6.js           [39m[1m[2m  4.75 kB[22m[1m[22m[2m │ gzip:  2.09 kB[22m
[2mdist/[22m[2massets/[22m[36mLoginPage-CuYdL6Rs.js                   [39m[1m[2m  5.02 kB[22m[1m[22m[2m │ gzip:  2.21 kB[22m
[2mdist/[22m[2massets/[22m[36mTermsPage-bvmqTKs5.js                   [39m[1m[2m  5.24 kB[22m[1m[22m[2m │ gzip:  2.38 kB[22m
[2mdist/[22m[2massets/[22m[36mEntregasPage-DlYnqE5e.js                [39m[1m[2m  5.26 kB[22m[1m[22m[2m │ gzip:  2.36 kB[22m
[2mdist/[22m[2massets/[22m[36mDocumentosVigenciasPage-B2cyamJm.js     [39m[1m[2m  5.26 kB[22m[1m[22m[2m │ gzip:  2.31 kB[22m
[2mdist/[22m[2massets/[22m[36mDemoPage-BVsWgWkV.js                    [39m[1m[2m  5.41 kB[22m[1m[22m[2m │ gzip:  2.46 kB[22m
[2mdist/[22m[2massets/[22m[36mPreferenciasBajaPage-DLJGV6V9.js        [39m[1m[2m  5.61 kB[22m[1m[22m[2m │ gzip:  2.42 kB[22m
[2mdist/[22m[2massets/[22m[36mAgentesHerramientasPage-BGvDWqdk.js     [39m[1m[2m  5.70 kB[22m[1m[22m[2m │ gzip:  2.15 kB[22m
[2mdist/[22m[2massets/[22m[36mConvocatoriaDetallePage-DEVGht4g.js     [39m[1m[2m  5.71 kB[22m[1m[22m[2m │ gzip:  2.18 kB[22m
[2mdist/[22m[2massets/[22m[36mPaqueteDescargablePage-XvpctlpL.js      [39m[1m[2m  5.74 kB[22m[1m[22m[2m │ gzip:  2.51 kB[22m
[2mdist/[22m[2massets/[22m[36mTarifasAprobadasPage-DI5GmdhP.js        [39m[1m[2m  5.88 kB[22m[1m[22m[2m │ gzip:  2.51 kB[22m
[2mdist/[22m[2massets/[22m[36mRegistroPage-DIDlt_w0.js                [39m[1m[2m  5.99 kB[22m[1m[22m[2m │ gzip:  2.43 kB[22m
[2mdist/[22m[2massets/[22m[36mPerfilCapacidadesPage-DpB1KPIn.js       [39m[1m[2m  6.49 kB[22m[1m[22m[2m │ gzip:  2.32 kB[22m
[2mdist/[22m[2massets/[22m[36mCumplimientoDocumentalPage-Dmo_eEn6.js  [39m[1m[2m  6.54 kB[22m[1m[22m[2m │ gzip:  2.39 kB[22m
[2mdist/[22m[2massets/[22m[36mGoNoGoPage-Bsn_6qBd.js                  [39m[1m[2m  6.60 kB[22m[1m[22m[2m │ gzip:  2.75 kB[22m
[2mdist/[22m[2massets/[22m[36mRevisionPage-sNPaGYE0.js                [39m[1m[2m  7.40 kB[22m[1m[22m[2m │ gzip:  2.92 kB[22m
[2mdist/[22m[2massets/[22m[36museExpediente-y7tfZ3w-.js               [39m[1m[2m  7.80 kB[22m[1m[22m[2m │ gzip:  1.67 kB[22m
[2mdist/[22m[2massets/[22m[36mPanelPage-CR-n24L9.js                   [39m[1m[2m  8.14 kB[22m[1m[22m[2m │ gzip:  3.14 kB[22m
[2mdist/[22m[2massets/[22m[36mSeguimientoPage-CRjZv-9I.js             [39m[1m[2m 10.02 kB[22m[1m[22m[2m │ gzip:  3.43 kB[22m
[2mdist/[22m[2massets/[22m[36mAnalisisBasesPage-NUwq77S9.js           [39m[1m[2m 10.96 kB[22m[1m[22m[2m │ gzip:  4.05 kB[22m
[2mdist/[22m[2massets/[22m[36mRedaccionPage-BxvstJGf.js               [39m[1m[2m 11.47 kB[22m[1m[22m[2m │ gzip:  4.01 kB[22m
[2mdist/[22m[2massets/[22m[36mOnboardingPage-DQpoPu3l.js              [39m[1m[2m 12.66 kB[22m[1m[22m[2m │ gzip:  4.39 kB[22m
[2mdist/[22m[2massets/[22m[36mLandingPage-DNy6-tIH.js                 [39m[1m[2m 18.91 kB[22m[1m[22m[2m │ gzip:  5.88 kB[22m
[2mdist/[22m[2massets/[22m[36mConfiguracionPage-DuyEv_cs.js           [39m[1m[2m 36.16 kB[22m[1m[22m[2m │ gzip: 13.93 kB[22m
[2mdist/[22m[2massets/[22m[36mform-CiiysPOw.js                        [39m[1m[2m 38.11 kB[22m[1m[22m[2m │ gzip: 13.68 kB[22m
[2mdist/[22m[2massets/[22m[36mquery-D8y_6FMe.js                       [39m[1m[2m 49.11 kB[22m[1m[22m[2m │ gzip: 15.06 kB[22m
[2mdist/[22m[2massets/[22m[36mindex-B6vpxdyj.js                       [39m[1m[2m219.60 kB[22m[1m[22m[2m │ gzip: 63.59 kB[22m
[2mdist/[22m[2massets/[22m[36mapp-platform-BVUrvij4.js                [39m[1m[2m256.45 kB[22m[1m[22m[2m │ gzip: 82.61 kB[22m
[2mdist/[22m[2massets/[22m[36mbrowser-CN7sUZHg.js                     [39m[1m[2m296.75 kB[22m[1m[22m[2m │ gzip: 97.77 kB[22m
[32m✓ built in 1.69s[39m
exit=0

################ E2E COMPLETA (apps/api real + OIDC falso + bandeja de captura) ################

$ npm run -w apps/web test:e2e:full

> @atiende/web@0.1.0 test:e2e:full
> node scripts/e2e-full.mjs

[test:e2e:full] proveedor OIDC falso (solo pruebas) escuchando en http://127.0.0.1:63164
[test:e2e:full] arrancando apps/api real (PGlite en memoria) en http://127.0.0.1:3493…
[api] {"level":30,"time":1788738888463,"pid":68337,"hostname":"Mac-mini-de-Javier.local","msg":"Server listening at http://127.0.0.1:3493"}
[api] {"level":30,"time":1788738888463,"pid":68337,"hostname":"Mac-mini-de-Javier.local","msg":"Server listening at http://192.168.100.197:3493"}
[api] {"level":30,"time":1788738888703,"pid":68337,"hostname":"Mac-mini-de-Javier.local","reqId":"02f321b6-ed2e-4b66-8d11-891326b4ec5d","req":{"method":"GET","url":"/healthz","host":"127.0.0.1:3493","remoteAddress":"127.0.0.1","remotePort":63211},"msg":"incoming request"}
[test:e2e:full] apps/api lista (GET /healthz → 200).
[test:e2e:full] corriendo build + Playwright contra http://127.0.0.1:3493 (web servido en http://127.0.0.1:4360)…
[api] {"level":30,"time":1788738888709,"pid":68337,"hostname":"Mac-mini-de-Javier.local","reqId":"02f321b6-ed2e-4b66-8d11-891326b4ec5d","res":{"statusCode":200},"responseTime":5.1616670000000795,"msg":"request completed"}

> @atiende/web@0.1.0 test:e2e
> npm run build && playwright test


> @atiende/web@0.1.0 build
> tsc -b && vite build

[36mvite v6.4.3 [32mbuilding for production...[36m[39m
transforming...
[32m✓[39m 2141 modules transformed.
rendering chunks...
computing gzip size...
[2mdist/[22m[32mindex.html                                     [39m[1m[2m  1.37 kB[22m[1m[22m[2m │ gzip:  0.64 kB[22m
[2mdist/[22m[2massets/[22m[35mlogin-BcYFrIpy.css                      [39m[1m[2m  0.19 kB[22m[1m[22m[2m │ gzip:  0.17 kB[22m
[2mdist/[22m[2massets/[22m[35mindex-DcUlanLG.css                      [39m[1m[2m 38.16 kB[22m[1m[22m[2m │ gzip:  7.77 kB[22m
[2mdist/[22m[2massets/[22m[36mplus-CsivoUb7.js                        [39m[1m[2m  0.32 kB[22m[1m[22m[2m │ gzip:  0.25 kB[22m
[2mdist/[22m[2massets/[22m[36marrow-left-BciIeOBV.js                  [39m[1m[2m  0.33 kB[22m[1m[22m[2m │ gzip:  0.27 kB[22m
[2mdist/[22m[2massets/[22m[36marrow-right-CZZ18xrM.js                 [39m[1m[2m  0.33 kB[22m[1m[22m[2m │ gzip:  0.27 kB[22m
[2mdist/[22m[2massets/[22m[36mcircle-check--BVdYb6o.js                [39m[1m[2m  0.34 kB[22m[1m[22m[2m │ gzip:  0.27 kB[22m
[2mdist/[22m[2massets/[22m[36mcircle-play-D2rvxD9F.js                 [39m[1m[2m  0.36 kB[22m[1m[22m[2m │ gzip:  0.27 kB[22m
[2mdist/[22m[2massets/[22m[36mlabel-BcAshXXu.js                       [39m[1m[2m  0.37 kB[22m[1m[22m[2m │ gzip:  0.27 kB[22m
[2mdist/[22m[2massets/[22m[36mmail-B9F_UK_r.js                        [39m[1m[2m  0.38 kB[22m[1m[22m[2m │ gzip:  0.30 kB[22m
[2mdist/[22m[2massets/[22m[36mupload-Cyb_nvlq.js                      [39m[1m[2m  0.43 kB[22m[1m[22m[2m │ gzip:  0.32 kB[22m
[2mdist/[22m[2massets/[22m[36mmail-check-kjp0CRqW.js                  [39m[1m[2m  0.45 kB[22m[1m[22m[2m │ gzip:  0.32 kB[22m
[2mdist/[22m[2massets/[22m[36muser-plus-vj9UMQpw.js                   [39m[1m[2m  0.48 kB[22m[1m[22m[2m │ gzip:  0.33 kB[22m
[2mdist/[22m[2massets/[22m[36mloading-state-B7ouAk-3.js               [39m[1m[2m  0.49 kB[22m[1m[22m[2m │ gzip:  0.33 kB[22m
[2mdist/[22m[2massets/[22m[36mdatetime-phlS3Qpi.js                    [39m[1m[2m  0.52 kB[22m[1m[22m[2m │ gzip:  0.27 kB[22m
[2mdist/[22m[2massets/[22m[36mkey-round-cVLLBB22.js                   [39m[1m[2m  0.52 kB[22m[1m[22m[2m │ gzip:  0.35 kB[22m
[2mdist/[22m[2massets/[22m[36mtrash-2-BaGTXPbN.js                     [39m[1m[2m  0.53 kB[22m[1m[22m[2m │ gzip:  0.34 kB[22m
[2mdist/[22m[2massets/[22m[36minput-CxaBVmAb.js                       [39m[1m[2m  0.53 kB[22m[1m[22m[2m │ gzip:  0.35 kB[22m
[2mdist/[22m[2massets/[22m[36mtextarea-Ci90U19j.js                    [39m[1m[2m  0.53 kB[22m[1m[22m[2m │ gzip:  0.35 kB[22m
[2mdist/[22m[2massets/[22m[36museMatching-CDAXtsxJ.js                 [39m[1m[2m  0.54 kB[22m[1m[22m[2m │ gzip:  0.31 kB[22m
[2mdist/[22m[2massets/[22m[36mgoogle-XQZ5h0LR.js                      [39m[1m[2m  0.55 kB[22m[1m[22m[2m │ gzip:  0.35 kB[22m
[2mdist/[22m[2massets/[22m[36mSectionHeader-4eN96vIM.js               [39m[1m[2m  0.56 kB[22m[1m[22m[2m │ gzip:  0.34 kB[22m
[2mdist/[22m[2massets/[22m[36museAuditLog-BDljQg3J.js                 [39m[1m[2m  0.65 kB[22m[1m[22m[2m │ gzip:  0.38 kB[22m
[2mdist/[22m[2massets/[22m[36museMemberships-Bt79lNUt.js              [39m[1m[2m  0.70 kB[22m[1m[22m[2m │ gzip:  0.33 kB[22m
[2mdist/[22m[2massets/[22m[36museDocumentMeta-DG6BM3nP.js             [39m[1m[2m  0.74 kB[22m[1m[22m[2m │ gzip:  0.36 kB[22m
[2mdist/[22m[2massets/[22m[36mvalidateDocumentFile-BiFIh6bU.js        [39m[1m[2m  0.88 kB[22m[1m[22m[2m │ gzip:  0.53 kB[22m
[2mdist/[22m[2massets/[22m[36mTenderSelect-Bn0yNL_w.js                [39m[1m[2m  0.99 kB[22m[1m[22m[2m │ gzip:  0.61 kB[22m
[2mdist/[22m[2massets/[22m[36mcard-BxXY89UF.js                        [39m[1m[2m  1.09 kB[22m[1m[22m[2m │ gzip:  0.45 kB[22m
[2mdist/[22m[2massets/[22m[36mtabs-DjWH7amK.js                        [39m[1m[2m  1.10 kB[22m[1m[22m[2m │ gzip:  0.47 kB[22m
[2mdist/[22m[2massets/[22m[36museTwoFactor-DE6JTMz_.js                [39m[1m[2m  1.23 kB[22m[1m[22m[2m │ gzip:  0.59 kB[22m
[2mdist/[22m[2massets/[22m[36mNotFoundPage-EuVUC1A0.js                [39m[1m[2m  1.23 kB[22m[1m[22m[2m │ gzip:  0.70 kB[22m
[2mdist/[22m[2massets/[22m[36mAiDisclosureNote-BReBgrSm.js            [39m[1m[2m  1.24 kB[22m[1m[22m[2m │ gzip:  0.74 kB[22m
[2mdist/[22m[2massets/[22m[36mempty-state-DO4KZXZG.js                 [39m[1m[2m  1.27 kB[22m[1m[22m[2m │ gzip:  0.72 kB[22m
[2mdist/[22m[2massets/[22m[36mrenderSimpleMarkdown-4zQ9nPbL.js        [39m[1m[2m  1.32 kB[22m[1m[22m[2m │ gzip:  0.68 kB[22m
[2mdist/[22m[2massets/[22m[36museTenders-BDLf2q7g.js                  [39m[1m[2m  1.42 kB[22m[1m[22m[2m │ gzip:  0.54 kB[22m
[2mdist/[22m[2massets/[22m[36mOrganizacionesPage-DScxBHrp.js          [39m[1m[2m  1.50 kB[22m[1m[22m[2m │ gzip:  0.74 kB[22m
[2mdist/[22m[2massets/[22m[36mtable-fwrQmCp7.js                       [39m[1m[2m  1.61 kB[22m[1m[22m[2m │ gzip:  0.58 kB[22m
[2mdist/[22m[2massets/[22m[36merror-state-BQsMxcT7.js                 [39m[1m[2m  1.68 kB[22m[1m[22m[2m │ gzip:  0.83 kB[22m
[2mdist/[22m[2massets/[22m[36mConectoresPage-yatGaO24.js              [39m[1m[2m  1.69 kB[22m[1m[22m[2m │ gzip:  0.85 kB[22m
[2mdist/[22m[2massets/[22m[36mAuthScreen-BhaTSBLv.js                  [39m[1m[2m  1.86 kB[22m[1m[22m[2m │ gzip:  0.87 kB[22m
[2mdist/[22m[2massets/[22m[36mCostosPage-CIK65n0z.js                  [39m[1m[2m  1.89 kB[22m[1m[22m[2m │ gzip:  0.94 kB[22m
[2mdist/[22m[2massets/[22m[36mredirectAfterAuth-C0wHY_R-.js           [39m[1m[2m  1.93 kB[22m[1m[22m[2m │ gzip:  1.03 kB[22m
[2mdist/[22m[2massets/[22m[36mResendVerificationForm-CKinM7Sw.js      [39m[1m[2m  2.07 kB[22m[1m[22m[2m │ gzip:  1.09 kB[22m
[2mdist/[22m[2massets/[22m[36mRevisaTuCorreoPage-BC-9ZEWC.js          [39m[1m[2m  2.51 kB[22m[1m[22m[2m │ gzip:  1.33 kB[22m
[2mdist/[22m[2massets/[22m[36mJobsPage-DDWHgAuv.js                    [39m[1m[2m  2.59 kB[22m[1m[22m[2m │ gzip:  1.28 kB[22m
[2mdist/[22m[2massets/[22m[36mAprobacionesPage-9VMUMUxy.js            [39m[1m[2m  2.62 kB[22m[1m[22m[2m │ gzip:  1.22 kB[22m
[2mdist/[22m[2massets/[22m[36museAdmin-CcYjv1WC.js                    [39m[1m[2m  2.70 kB[22m[1m[22m[2m │ gzip:  0.75 kB[22m
[2mdist/[22m[2massets/[22m[36mPrivacyNoticePage-MLQAjXG1.js           [39m[1m[2m  2.74 kB[22m[1m[22m[2m │ gzip:  1.36 kB[22m
[2mdist/[22m[2massets/[22m[36mFuentesFrescuraPage-qJV1rDoh.js         [39m[1m[2m  3.06 kB[22m[1m[22m[2m │ gzip:  1.35 kB[22m
[2mdist/[22m[2massets/[22m[36mRecuperarPasswordPage-Xm-UhSWp.js       [39m[1m[2m  3.19 kB[22m[1m[22m[2m │ gzip:  1.54 kB[22m
[2mdist/[22m[2massets/[22m[36mAprobacionesBackofficePage-CrKyIgNG.js  [39m[1m[2m  3.23 kB[22m[1m[22m[2m │ gzip:  1.45 kB[22m
[2mdist/[22m[2massets/[22m[36mVerificarCorreoPage-BKtaE6_W.js         [39m[1m[2m  3.33 kB[22m[1m[22m[2m │ gzip:  1.59 kB[22m
[2mdist/[22m[2massets/[22m[36mDescubrimientoPage-BKz4DXZB.js          [39m[1m[2m  3.41 kB[22m[1m[22m[2m │ gzip:  1.59 kB[22m
[2mdist/[22m[2massets/[22m[36mIncidentesPage-Cd3c6XNm.js              [39m[1m[2m  3.47 kB[22m[1m[22m[2m │ gzip:  1.55 kB[22m
[2mdist/[22m[2massets/[22m[36mAuditoriaPage-BxQe_UvX.js               [39m[1m[2m  3.54 kB[22m[1m[22m[2m │ gzip:  1.57 kB[22m
[2mdist/[22m[2massets/[22m[36mFirmantesAutorizadosPage-DirIopdx.js    [39m[1m[2m  3.70 kB[22m[1m[22m[2m │ gzip:  1.68 kB[22m
[2mdist/[22m[2massets/[22m[36mMatchingPage-BkF_2O7l.js                [39m[1m[2m  3.77 kB[22m[1m[22m[2m │ gzip:  1.57 kB[22m
[2mdist/[22m[2massets/[22m[36mAlertsList-fbwURw8V.js                  [39m[1m[2m  3.78 kB[22m[1m[22m[2m │ gzip:  1.33 kB[22m
[2mdist/[22m[2massets/[22m[36mSinAccesoPage-i4UHwZ3S.js               [39m[1m[2m  3.91 kB[22m[1m[22m[2m │ gzip:  1.68 kB[22m
[2mdist/[22m[2massets/[22m[36mRestablecerPasswordPage-C4B77-XF.js     [39m[1m[2m  3.94 kB[22m[1m[22m[2m │ gzip:  1.85 kB[22m
[2mdist/[22m[2massets/[22m[36mStepUpDialog-C2Xb-0dA.js                [39m[1m[2m  4.04 kB[22m[1m[22m[2m │ gzip:  1.78 kB[22m
[2mdist/[22m[2massets/[22m[36mExpedientePage-CDSzXu8v.js              [39m[1m[2m  4.10 kB[22m[1m[22m[2m │ gzip:  1.63 kB[22m
[2mdist/[22m[2massets/[22m[36museCompany-K_jkVv2C.js                  [39m[1m[2m  4.12 kB[22m[1m[22m[2m │ gzip:  0.83 kB[22m
[2mdist/[22m[2massets/[22m[36mAceptarInvitacionPage-W4yWbAW9.js       [39m[1m[2m  4.21 kB[22m[1m[22m[2m │ gzip:  1.81 kB[22m
[2mdist/[22m[2massets/[22m[36mGoogleCallbackPage-yoM6cW1V.js          [39m[1m[2m  4.36 kB[22m[1m[22m[2m │ gzip:  1.80 kB[22m
[2mdist/[22m[2massets/[22m[36mUsuariosRolesPage-_zpoXbi6.js           [39m[1m[2m  4.75 kB[22m[1m[22m[2m │ gzip:  2.09 kB[22m
[2mdist/[22m[2massets/[22m[36mLoginPage-CuYdL6Rs.js                   [39m[1m[2m  5.02 kB[22m[1m[22m[2m │ gzip:  2.21 kB[22m
[2mdist/[22m[2massets/[22m[36mTermsPage-bvmqTKs5.js                   [39m[1m[2m  5.24 kB[22m[1m[22m[2m │ gzip:  2.38 kB[22m
[2mdist/[22m[2massets/[22m[36mEntregasPage-DlYnqE5e.js                [39m[1m[2m  5.26 kB[22m[1m[22m[2m │ gzip:  2.36 kB[22m
[2mdist/[22m[2massets/[22m[36mDocumentosVigenciasPage-B2cyamJm.js     [39m[1m[2m  5.26 kB[22m[1m[22m[2m │ gzip:  2.31 kB[22m
[2mdist/[22m[2massets/[22m[36mDemoPage-BVsWgWkV.js                    [39m[1m[2m  5.41 kB[22m[1m[22m[2m │ gzip:  2.46 kB[22m
[2mdist/[22m[2massets/[22m[36mPreferenciasBajaPage-DLJGV6V9.js        [39m[1m[2m  5.61 kB[22m[1m[22m[2m │ gzip:  2.42 kB[22m
[2mdist/[22m[2massets/[22m[36mAgentesHerramientasPage-BGvDWqdk.js     [39m[1m[2m  5.70 kB[22m[1m[22m[2m │ gzip:  2.15 kB[22m
[2mdist/[22m[2massets/[22m[36mConvocatoriaDetallePage-DEVGht4g.js     [39m[1m[2m  5.71 kB[22m[1m[22m[2m │ gzip:  2.18 kB[22m
[2mdist/[22m[2massets/[22m[36mPaqueteDescargablePage-XvpctlpL.js      [39m[1m[2m  5.74 kB[22m[1m[22m[2m │ gzip:  2.51 kB[22m
[2mdist/[22m[2massets/[22m[36mTarifasAprobadasPage-DI5GmdhP.js        [39m[1m[2m  5.88 kB[22m[1m[22m[2m │ gzip:  2.51 kB[22m
[2mdist/[22m[2massets/[22m[36mRegistroPage-DIDlt_w0.js                [39m[1m[2m  5.99 kB[22m[1m[22m[2m │ gzip:  2.43 kB[22m
[2mdist/[22m[2massets/[22m[36mPerfilCapacidadesPage-DpB1KPIn.js       [39m[1m[2m  6.49 kB[22m[1m[22m[2m │ gzip:  2.32 kB[22m
[2mdist/[22m[2massets/[22m[36mCumplimientoDocumentalPage-Dmo_eEn6.js  [39m[1m[2m  6.54 kB[22m[1m[22m[2m │ gzip:  2.39 kB[22m
[2mdist/[22m[2massets/[22m[36mGoNoGoPage-Bsn_6qBd.js                  [39m[1m[2m  6.60 kB[22m[1m[22m[2m │ gzip:  2.75 kB[22m
[2mdist/[22m[2massets/[22m[36mRevisionPage-sNPaGYE0.js                [39m[1m[2m  7.40 kB[22m[1m[22m[2m │ gzip:  2.92 kB[22m
[2mdist/[22m[2massets/[22m[36museExpediente-y7tfZ3w-.js               [39m[1m[2m  7.80 kB[22m[1m[22m[2m │ gzip:  1.67 kB[22m
[2mdist/[22m[2massets/[22m[36mPanelPage-CR-n24L9.js                   [39m[1m[2m  8.14 kB[22m[1m[22m[2m │ gzip:  3.14 kB[22m
[2mdist/[22m[2massets/[22m[36mSeguimientoPage-CRjZv-9I.js             [39m[1m[2m 10.02 kB[22m[1m[22m[2m │ gzip:  3.43 kB[22m
[2mdist/[22m[2massets/[22m[36mAnalisisBasesPage-NUwq77S9.js           [39m[1m[2m 10.96 kB[22m[1m[22m[2m │ gzip:  4.05 kB[22m
[2mdist/[22m[2massets/[22m[36mRedaccionPage-BxvstJGf.js               [39m[1m[2m 11.47 kB[22m[1m[22m[2m │ gzip:  4.01 kB[22m
[2mdist/[22m[2massets/[22m[36mOnboardingPage-DQpoPu3l.js              [39m[1m[2m 12.66 kB[22m[1m[22m[2m │ gzip:  4.39 kB[22m
[2mdist/[22m[2massets/[22m[36mLandingPage-DNy6-tIH.js                 [39m[1m[2m 18.91 kB[22m[1m[22m[2m │ gzip:  5.88 kB[22m
[2mdist/[22m[2massets/[22m[36mConfiguracionPage-DuyEv_cs.js           [39m[1m[2m 36.16 kB[22m[1m[22m[2m │ gzip: 13.93 kB[22m
[2mdist/[22m[2massets/[22m[36mform-CiiysPOw.js                        [39m[1m[2m 38.11 kB[22m[1m[22m[2m │ gzip: 13.68 kB[22m
[2mdist/[22m[2massets/[22m[36mquery-D8y_6FMe.js                       [39m[1m[2m 49.11 kB[22m[1m[22m[2m │ gzip: 15.06 kB[22m
[2mdist/[22m[2massets/[22m[36mindex-B6vpxdyj.js                       [39m[1m[2m219.60 kB[22m[1m[22m[2m │ gzip: 63.59 kB[22m
[2mdist/[22m[2massets/[22m[36mapp-platform-BVUrvij4.js                [39m[1m[2m256.45 kB[22m[1m[22m[2m │ gzip: 82.61 kB[22m
[2mdist/[22m[2massets/[22m[36mbrowser-CN7sUZHg.js                     [39m[1m[2m296.75 kB[22m[1m[22m[2m │ gzip: 97.77 kB[22m
[32m✓ built in 1.86s[39m
[api] {"level":30,"time":1788738894649,"pid":68337,"hostname":"Mac-mini-de-Javier.local","reqId":"75157de5-17ed-4c46-8e3b-e3bde2121f61","req":{"method":"GET","url":"/healthz","host":"127.0.0.1:3493","remoteAddress":"127.0.0.1","remotePort":63312},"msg":"incoming request"}
[api] {"level":30,"time":1788738894649,"pid":68337,"hostname":"Mac-mini-de-Javier.local","reqId":"75157de5-17ed-4c46-8e3b-e3bde2121f61","res":{"statusCode":200},"responseTime":0.45100000000002183,"msg":"request completed"}
[api] {"level":30,"time":1788738894653,"pid":68337,"hostname":"Mac-mini-de-Javier.local","reqId":"e841b836-1cf0-4459-a09d-fef9392ca3f6","req":{"method":"POST","url":"/auth/register","host":"127.0.0.1:3493","remoteAddress":"127.0.0.1","remotePort":63313},"msg":"incoming request"}
[api] {"level":30,"time":1788738894697,"pid":68337,"hostname":"Mac-mini-de-Javier.local","reqId":"e841b836-1cf0-4459-a09d-fef9392ca3f6","res":{"statusCode":201},"responseTime":43.38154100000065,"msg":"request completed"}
[api] {"level":30,"time":1788738894709,"pid":68337,"hostname":"Mac-mini-de-Javier.local","reqId":"c4feb4e2-62ea-4416-831d-faa13370ba83","req":{"method":"POST","url":"/auth/register","host":"127.0.0.1:3493","remoteAddress":"127.0.0.1","remotePort":63312},"msg":"incoming request"}
[api] {"level":30,"time":1788738894738,"pid":68337,"hostname":"Mac-mini-de-Javier.local","reqId":"c4feb4e2-62ea-4416-831d-faa13370ba83","res":{"statusCode":201},"responseTime":28.59979199999998,"msg":"request completed"}
[api] {"level":30,"time":1788738894741,"pid":68337,"hostname":"Mac-mini-de-Javier.local","reqId":"9b531ec8-9f12-4bce-aa02-13311beda25e","req":{"method":"POST","url":"/auth/email/verify","host":"127.0.0.1:3493","remoteAddress":"127.0.0.1","remotePort":63313},"msg":"incoming request"}
{"level":30,"time":1788738894746,"pid":68337,"hostname":"Mac-mini-de-Javier.local","reqId":"9b531ec8-9f12-4bce-aa02-13311beda25e","res":{"statusCode":200},"responseTime":4.1677920000001905,"msg":"request completed"}
[api] {"level":30,"time":1788738894746,"pid":68337,"hostname":"Mac-mini-de-Javier.local","reqId":"23946a97-0e19-40b7-b068-56f5e2d256d9","req":{"method":"POST","url":"/auth/email/verify","host":"127.0.0.1:3493","remoteAddress":"127.0.0.1","remotePort":63312},"msg":"incoming request"}
[api] {"level":30,"time":1788738894748,"pid":68337,"hostname":"Mac-mini-de-Javier.local","reqId":"23946a97-0e19-40b7-b068-56f5e2d256d9","res":{"statusCode":200},"responseTime":1.5798329999997804,"msg":"request completed"}
[api] {"level":30,"time":1788738894749,"pid":68337,"hostname":"Mac-mini-de-Javier.local","reqId":"06398ca2-dc9f-4b55-9f95-b90877f948b3","req":{"method":"POST","url":"/auth/login","host":"127.0.0.1:3493","remoteAddress":"127.0.0.1","remotePort":63313},"msg":"incoming request"}
[api] {"level":30,"time":1788738894777,"pid":68337,"hostname":"Mac-mini-de-Javier.local","reqId":"06398ca2-dc9f-4b55-9f95-b90877f948b3","res":{"statusCode":200},"responseTime":28.308250000000044,"msg":"request completed"}
[api] {"level":30,"time":1788738894778,"pid":68337,"hostname":"Mac-mini-de-Javier.local","reqId":"a75572b8-6ba7-426b-81cb-795e9bb64df8","req":{"method":"POST","url":"/organizations","host":"127.0.0.1:3493","remoteAddress":"127.0.0.1","remotePort":63312},"msg":"incoming request"}
[api] {"level":30,"time":1788738894781,"pid":68337,"hostname":"Mac-mini-de-Javier.local","reqId":"a75572b8-6ba7-426b-81cb-795e9bb64df8","res":{"statusCode":201},"responseTime":3.071082999999817,"msg":"request completed"}
[api] {"level":30,"time":1788738894782,"pid":68337,"hostname":"Mac-mini-de-Javier.local","reqId":"d9ee656e-e9da-4876-a47c-4abf85fc9a93","req":{"method":"POST","url":"/auth/2fa/enroll","host":"127.0.0.1:3493","remoteAddress":"127.0.0.1","remotePort":63313},"msg":"incoming request"}
[api] {"level":30,"time":1788738894786,"pid":68337,"hostname":"Mac-mini-de-Javier.local","reqId":"d9ee656e-e9da-4876-a47c-4abf85fc9a93","res":{"statusCode":201},"responseTime":4.628583000000617,"msg":"request completed"}
[api] {"level":30,"time":1788738894788,"pid":68337,"hostname":"Mac-mini-de-Javier.local","reqId":"6187b1b7-3a43-434a-a9e2-3342680901ec","req":{"method":"POST","url":"/auth/2fa/verify-enrollment","host":"127.0.0.1:3493","remoteAddress":"127.0.0.1","remotePort":63312},"msg":"incoming request"}
[api] {"level":30,"time":1788738894792,"pid":68337,"hostname":"Mac-mini-de-Javier.local","reqId":"6187b1b7-3a43-434a-a9e2-3342680901ec","res":{"statusCode":200},"responseTime":4.42083300000013,"msg":"request completed"}
[api] {"level":30,"time":1788738894793,"pid":68337,"hostname":"Mac-mini-de-Javier.local","reqId":"ddcba1a4-dfff-460b-a862-323e054e8bac","req":{"method":"POST","url":"/organizations","host":"127.0.0.1:3493","remoteAddress":"127.0.0.1","remotePort":63313},"msg":"incoming request"}
[api] {"level":30,"time":1788738894794,"pid":68337,"hostname":"Mac-mini-de-Javier.local","reqId":"ddcba1a4-dfff-460b-a862-323e054e8bac","res":{"statusCode":201},"responseTime":1.556083999999828,"msg":"request completed"}
[api] {"level":30,"time":1788738894795,"pid":68337,"hostname":"Mac-mini-de-Javier.local","reqId":"12c48c20-b028-4535-9afe-d80a6f378c8d","req":{"method":"POST","url":"/organizations/invitations","host":"127.0.0.1:3493","remoteAddress":"127.0.0.1","remotePort":63312},"msg":"incoming request"}
[api] {"level":30,"time":1788738894799,"pid":68337,"hostname":"Mac-mini-de-Javier.local","reqId":"12c48c20-b028-4535-9afe-d80a6f378c8d","res":{"statusCode":201},"responseTime":4.152250000000095,"msg":"request completed"}
[api] {"level":30,"time":1788738894802,"pid":68337,"hostname":"Mac-mini-de-Javier.local","reqId":"62368da4-4045-4237-af85-5bf47d5accd9","req":{"method":"POST","url":"/auth/login","host":"127.0.0.1:3493","remoteAddress":"127.0.0.1","remotePort":63313},"msg":"incoming request"}
[api] {"level":30,"time":1788738894829,"pid":68337,"hostname":"Mac-mini-de-Javier.local","reqId":"62368da4-4045-4237-af85-5bf47d5accd9","res":{"statusCode":200},"responseTime":26.694665999999415,"msg":"request completed"}
[api] {"level":30,"time":1788738894830,"pid":68337,"hostname":"Mac-mini-de-Javier.local","reqId":"4416bef6-fd92-42df-b9a3-244c0e343ec1","req":{"method":"POST","url":"/organizations/invitations/accept","host":"127.0.0.1:3493","remoteAddress":"127.0.0.1","remotePort":63312},"msg":"incoming request"}
[api] {"level":30,"time":1788738894832,"pid":68337,"hostname":"Mac-mini-de-Javier.local","reqId":"4416bef6-fd92-42df-b9a3-244c0e343ec1","res":{"statusCode":200},"responseTime":2.6171659999999974,"msg":"request completed"}
[api] {"level":30,"time":1788738894833,"pid":68337,"hostname":"Mac-mini-de-Javier.local","reqId":"a7b320d3-7c0f-478e-8809-9b1700ec2c50","req":{"method":"POST","url":"/organizations","host":"127.0.0.1:3493","remoteAddress":"127.0.0.1","remotePort":63313},"msg":"incoming request"}
[api] {"level":30,"time":1788738894834,"pid":68337,"hostname":"Mac-mini-de-Javier.local","reqId":"a7b320d3-7c0f-478e-8809-9b1700ec2c50","res":{"statusCode":201},"responseTime":1.6493749999999636,"msg":"request completed"}
[api] {"level":30,"time":1788738894835,"pid":68337,"hostname":"Mac-mini-de-Javier.local","reqId":"630213a5-5362-4fc9-a731-cb816a22b5a7","req":{"method":"POST","url":"/organizations/invitations","host":"127.0.0.1:3493","remoteAddress":"127.0.0.1","remotePort":63312},"msg":"incoming request"}
[api] {"level":30,"time":1788738894839,"pid":68337,"hostname":"Mac-mini-de-Javier.local","reqId":"630213a5-5362-4fc9-a731-cb816a22b5a7","res":{"statusCode":201},"responseTime":3.8017909999998665,"msg":"request completed"}
[api] {"level":30,"time":1788738894842,"pid":68337,"hostname":"Mac-mini-de-Javier.local","reqId":"07644b1c-1922-41f8-bb23-ca71cd8e3f8e","req":{"method":"POST","url":"/organizations/invitations/accept","host":"127.0.0.1:3493","remoteAddress":"127.0.0.1","remotePort":63313},"msg":"incoming request"}
{"level":30,"time":1788738894844,"pid":68337,"hostname":"Mac-mini-de-Javier.local","reqId":"07644b1c-1922-41f8-bb23-ca71cd8e3f8e","res":{"statusCode":200},"responseTime":1.9067499999991924,"msg":"request completed"}
[api] {"level":30,"time":1788738894845,"pid":68337,"hostname":"Mac-mini-de-Javier.local","reqId":"95ed18ac-0191-481b-8711-6b7bdcd14bab","req":{"method":"POST","url":"/internal/tenders/ingest","host":"127.0.0.1:3493","remoteAddress":"127.0.0.1","remotePort":63312},"msg":"incoming request"}
[api] {"level":30,"time":1788738894848,"pid":68337,"hostname":"Mac-mini-de-Javier.local","reqId":"95ed18ac-0191-481b-8711-6b7bdcd14bab","res":{"statusCode":200},"responseTime":3.765167000000474,"msg":"request completed"}
[api] {"level":30,"time":1788738894849,"pid":68337,"hostname":"Mac-mini-de-Javier.local","reqId":"208323b7-598e-4a88-9d00-36be7b3c8882","req":{"method":"POST","url":"/organizations","host":"127.0.0.1:3493","remoteAddress":"127.0.0.1","remotePort":63313},"msg":"incoming request"}
[api] {"level":30,"time":1788738894851,"pid":68337,"hostname":"Mac-mini-de-Javier.local","reqId":"208323b7-598e-4a88-9d00-36be7b3c8882","res":{"statusCode":201},"responseTime":1.8717909999995754,"msg":"request completed"}
[api] {"level":30,"time":1788738894853,"pid":68337,"hostname":"Mac-mini-de-Javier.local","reqId":"6ece9e67-38bc-4d92-826a-898b3ece882e","req":{"method":"POST","url":"/internal/tenders/ingest","host":"127.0.0.1:3493","remoteAddress":"127.0.0.1","remotePort":63312},"msg":"incoming request"}
[api] {"level":30,"time":1788738894855,"pid":68337,"hostname":"Mac-mini-de-Javier.local","reqId":"6ece9e67-38bc-4d92-826a-898b3ece882e","res":{"statusCode":200},"responseTime":2.0545419999998558,"msg":"request completed"}

[2mRunning [22m142[2m tests using [22m1[2m worker[22m

[api] {"level":30,"time":1788738895421,"pid":68337,"hostname":"Mac-mini-de-Javier.local","reqId":"19c20f7f-a2d2-4e0a-a01a-a5dc8a4dc9b9","req":{"method":"POST","url":"/auth/login","host":"127.0.0.1:3493","remoteAddress":"127.0.0.1","remotePort":63324},"msg":"incoming request"}
[api] {"level":30,"time":1788738895452,"pid":68337,"hostname":"Mac-mini-de-Javier.local","reqId":"19c20f7f-a2d2-4e0a-a01a-a5dc8a4dc9b9","res":{"statusCode":200},"responseTime":31.311374999999316,"msg":"request completed"}
[api] {"level":30,"time":1788738895787,"pid":68337,"hostname":"Mac-mini-de-Javier.local","reqId":"bcd252d5-4920-4931-9a90-73140b144f83","req":{"method":"POST","url":"/auth/refresh","host":"127.0.0.1:3493","remoteAddress":"127.0.0.1","remotePort":63346},"msg":"incoming request"}
[api] {"level":30,"time":1788738895790,"pid":68337,"hostname":"Mac-mini-de-Javier.local","reqId":"bcd252d5-4920-4931-9a90-73140b144f83","res":{"statusCode":200},"responseTime":3.1323749999992287,"msg":"request completed"}
[api] {"level":30,"time":1788738895794,"pid":68337,"hostname":"Mac-mini-de-Javier.local","reqId":"54f0e201-4ecd-4b39-9ce2-f85dd1f373ff","req":{"method":"GET","url":"/me","host":"127.0.0.1:3493","remoteAddress":"127.0.0.1","remotePort":63347},"msg":"incoming request"}
[api] {"level":30,"time":1788738895796,"pid":68337,"hostname":"Mac-mini-de-Javier.local","reqId":"54f0e201-4ecd-4b39-9ce2-f85dd1f373ff","res":{"statusCode":200},"responseTime":2.2923329999994166,"msg":"request completed"}
{"level":30,"time":1788738895796,"pid":68337,"hostname":"Mac-mini-de-Javier.local","reqId":"06877458-1f68-4fea-b2de-851bbca9cb46","req":{"method":"GET","url":"/organizations","host":"127.0.0.1:3493","remoteAddress":"127.0.0.1","remotePort":63348},"msg":"incoming request"}
{"level":30,"time":1788738895798,"pid":68337,"hostname":"Mac-mini-de-Javier.local","reqId":"06877458-1f68-4fea-b2de-851bbca9cb46","res":{"statusCode":200},"responseTime":2.022624999999607,"msg":"request completed"}
[api] {"level":30,"time":1788738895840,"pid":68337,"hostname":"Mac-mini-de-Javier.local","reqId":"bc9a1d59-a645-47d5-be75-87107545f606","req":{"method":"GET","url":"/tenders?limit=50","host":"127.0.0.1:3493","remoteAddress":"127.0.0.1","remotePort":63354},"msg":"incoming request"}
[api] {"level":30,"time":1788738895842,"pid":68337,"hostname":"Mac-mini-de-Javier.local","reqId":"bc9a1d59-a645-47d5-be75-87107545f606","res":{"statusCode":200},"responseTime":2.397917000000234,"msg":"request completed"}
  [32m✓[39m  [2m  1 [22m[chromium] › e2e/ai-disclosure.spec.ts:10:5 › Disclosure de IA (W-15) › /preparacion/redaccion muestra el aviso de uso de IA[2m (1.2s)[22m
[api] {"level":30,"time":1788738896685,"pid":68337,"hostname":"Mac-mini-de-Javier.local","reqId":"9f70ce3d-ada2-438e-bf16-d35950282833","req":{"method":"POST","url":"/auth/refresh","host":"127.0.0.1:3493","remoteAddress":"127.0.0.1","remotePort":63365},"msg":"incoming request"}
[api] {"level":30,"time":1788738896688,"pid":68337,"hostname":"Mac-mini-de-Javier.local","reqId":"9f70ce3d-ada2-438e-bf16-d35950282833","res":{"statusCode":200},"responseTime":3.441332999998849,"msg":"request completed"}
[api] {"level":30,"time":1788738896691,"pid":68337,"hostname":"Mac-mini-de-Javier.local","reqId":"88d00c48-f452-459c-ba0f-52a1901ac085","req":{"method":"GET","url":"/me","host":"127.0.0.1:3493","remoteAddress":"127.0.0.1","remotePort":63366},"msg":"incoming request"}
[api] {"level":30,"time":1788738896693,"pid":68337,"hostname":"Mac-mini-de-Javier.local","reqId":"88d00c48-f452-459c-ba0f-52a1901ac085","res":{"statusCode":200},"responseTime":1.5918329999985872,"msg":"request completed"}
[api] {"level":30,"time":1788738896693,"pid":68337,"hostname":"Mac-mini-de-Javier.local","reqId":"0fee2d73-4116-46bf-8bc9-a7b0a122cdb6","req":{"method":"GET","url":"/organizations","host":"127.0.0.1:3493","remoteAddress":"127.0.0.1","remotePort":63367},"msg":"incoming request"}
{"level":30,"time":1788738896696,"pid":68337,"hostname":"Mac-mini-de-Javier.local","reqId":"0fee2d73-4116-46bf-8bc9-a7b0a122cdb6","res":{"statusCode":200},"responseTime":2.8427080000001297,"msg":"request completed"}
[api] {"level":30,"time":1788738896730,"pid":68337,"hostname":"Mac-mini-de-Javier.local","reqId":"6ed3f3b7-5481-443c-a72a-99d711eca7dc","req":{"method":"GET","url":"/auth/2fa/status","host":"127.0.0.1:3493","remoteAddress":"127.0.0.1","remotePort":63372},"msg":"incoming request"}
[api] {"level":30,"time":1788738896732,"pid":68337,"hostname":"Mac-mini-de-Javier.local","reqId":"6ed3f3b7-5481-443c-a72a-99d711eca7dc","res":{"statusCode":200},"responseTime":1.881959000000279,"msg":"request completed"}
[api] {"level":30,"time":1788738896732,"pid":68337,"hostname":"Mac-mini-de-Javier.local","reqId":"0f318917-7dc5-4910-bada-9938691d9e68","req":{"method":"GET","url":"/tenders?limit=50","host":"127.0.0.1:3493","remoteAddress":"127.0.0.1","remotePort":63373},"msg":"incoming request"}
{"level":30,"time":1788738896735,"pid":68337,"hostname":"Mac-mini-de-Javier.local","reqId":"0f318917-7dc5-4910-bada-9938691d9e68","res":{"statusCode":200},"responseTime":3.2041250000002037,"msg":"request completed"}
  [32m✓[39m  [2m  2 [22m[chromium] › e2e/ai-disclosure.spec.ts:10:5 › Disclosure de IA (W-15) › /preparacion/revision muestra el aviso de uso de IA[2m (653ms)[22m
[api] {"level":30,"time":1788738897343,"pid":68337,"hostname":"Mac-mini-de-Javier.local","reqId":"f9ad3f23-4139-460f-9fc5-9508f749a97d","req":{"method":"POST","url":"/auth/refresh","host":"127.0.0.1:3493","remoteAddress":"127.0.0.1","remotePort":63386},"msg":"incoming request"}
[api] {"level":30,"time":1788738897346,"pid":68337,"hostname":"Mac-mini-de-Javier.local","reqId":"f9ad3f23-4139-460f-9fc5-9508f749a97d","res":{"statusCode":200},"responseTime":2.6864580000001297,"msg":"request completed"}
[api] {"level":30,"time":1788738897349,"pid":68337,"hostname":"Mac-mini-de-Javier.local","reqId":"7a79f92e-e294-47d9-8ee4-7a7d1409cd02","req":{"method":"GET","url":"/me","host":"127.0.0.1:3493","remoteAddress":"127.0.0.1","remotePort":63387},"msg":"incoming request"}
[api] {"level":30,"time":1788738897350,"pid":68337,"hostname":"Mac-mini-de-Javier.local","reqId":"7a79f92e-e294-47d9-8ee4-7a7d1409cd02","res":{"statusCode":200},"responseTime":1.094833999999537,"msg":"request completed"}
{"level":30,"time":1788738897350,"pid":68337,"hostname":"Mac-mini-de-Javier.local","reqId":"1b6e4442-12a3-44b7-bae5-bcf95fa7f041","req":{"method":"GET","url":"/organizations","host":"127.0.0.1:3493","remoteAddress":"127.0.0.1","remotePort":63388},"msg":"incoming request"}
{"level":30,"time":1788738897351,"pid":68337,"hostname":"Mac-mini-de-Javier.local","reqId":"1b6e4442-12a3-44b7-bae5-bcf95fa7f041","res":{"statusCode":200},"responseTime":1.336790999999721,"msg":"request completed"}
[api] {"level":30,"time":1788738897378,"pid":68337,"hostname":"Mac-mini-de-Javier.local","reqId":"03b88c35-d421-4fad-82d2-bb7e7d7b20a5","req":{"method":"GET","url":"/tenders?limit=50","host":"127.0.0.1:3493","remoteAddress":"127.0.0.1","remotePort":63394},"msg":"incoming request"}
[api] {"level":30,"time":1788738897380,"pid":68337,"hostname":"Mac-mini-de-Javier.local","reqId":"03b88c35-d421-4fad-82d2-bb7e7d7b20a5","res":{"statusCode":200},"responseTime":2.2880409999997937,"msg":"request completed"}
  [32m✓[39m  [2m  3 [22m[chromium] › e2e/ai-disclosure.spec.ts:10:5 › Disclosure de IA (W-15) › /evaluacion/analisis-bases muestra el aviso de uso de IA[2m (633ms)[22m
[api] {"level":30,"time":1788738898014,"pid":68337,"hostname":"Mac-mini-de-Javier.local","reqId":"a1546989-a3a2-47f2-a2ed-f00d76ae261b","req":{"method":"POST","url":"/auth/refresh","host":"127.0.0.1:3493","remoteAddress":"127.0.0.1","remotePort":63405},"msg":"incoming request"}
[api] {"level":30,"time":1788738898017,"pid":68337,"hostname":"Mac-mini-de-Javier.local","reqId":"a1546989-a3a2-47f2-a2ed-f00d76ae261b","res":{"statusCode":200},"responseTime":3.0807499999991705,"msg":"request completed"}
[api] {"level":30,"time":1788738898020,"pid":68337,"hostname":"Mac-mini-de-Javier.local","reqId":"baffa143-6003-4c07-b95b-d544c0523222","req":{"method":"GET","url":"/me","host":"127.0.0.1:3493","remoteAddress":"127.0.0.1","remotePort":63406},"msg":"incoming request"}
[api] {"level":30,"time":1788738898021,"pid":68337,"hostname":"Mac-mini-de-Javier.local","reqId":"baffa143-6003-4c07-b95b-d544c0523222","res":{"statusCode":200},"responseTime":1.2923749999990832,"msg":"request completed"}
{"level":30,"time":1788738898021,"pid":68337,"hostname":"Mac-mini-de-Javier.local","reqId":"5d31dcf6-7cbf-4e78-94f6-7f43fadaf659","req":{"method":"GET","url":"/organizations","host":"127.0.0.1:3493","remoteAddress":"127.0.0.1","remotePort":63407},"msg":"incoming request"}
{"level":30,"time":1788738898023,"pid":68337,"hostname":"Mac-mini-de-Javier.local","reqId":"5d31dcf6-7cbf-4e78-94f6-7f43fadaf659","res":{"statusCode":200},"responseTime":1.5249170000006416,"msg":"request completed"}
[api] {"level":30,"time":1788738898050,"pid":68337,"hostname":"Mac-mini-de-Javier.local","reqId":"0819e1ed-6f6a-4269-bc32-e751eebcba7b","req":{"method":"GET","url":"/tenders?limit=100","host":"127.0.0.1:3493","remoteAddress":"127.0.0.1","remotePort":63414},"msg":"incoming request"}
[api] {"level":30,"time":1788738898053,"pid":68337,"hostname":"Mac-mini-de-Javier.local","reqId":"0819e1ed-6f6a-4269-bc32-e751eebcba7b","res":{"statusCode":200},"responseTime":2.688833000000159,"msg":"request completed"}
{"level":30,"time":1788738898053,"pid":68337,"hostname":"Mac-mini-de-Javier.local","reqId":"39135e4a-07d7-4b0a-8657-23cf5368f515","req":{"method":"GET","url":"/matching/tenders","host":"127.0.0.1:3493","remoteAddress":"127.0.0.1","remotePort":63415},"msg":"incoming request"}
{"level":30,"time":1788738898060,"pid":68337,"hostname":"Mac-mini-de-Javier.local","reqId":"39135e4a-07d7-4b0a-8657-23cf5368f515","res":{"statusCode":200},"responseTime":6.872791000001598,"msg":"request completed"}
{"level":30,"time":1788738898060,"pid":68337,"hostname":"Mac-mini-de-Javier.local","reqId":"43514309-97f2-4005-98e4-6aa66d07f641","req":{"method":"GET","url":"/company/rates","host":"127.0.0.1:3493","remoteAddress":"127.0.0.1","remotePort":63416},"msg":"incoming request"}
{"level":30,"time":1788738898063,"pid":68337,"hostname":"Mac-mini-de-Javier.local","reqId":"43514309-97f2-4005-98e4-6aa66d07f641","res":{"statusCode":200},"responseTime":2.21349999999984,"msg":"request completed"}
{"level":30,"time":1788738898063,"pid":68337,"hostname":"Mac-mini-de-Javier.local","reqId":"61f18a7a-851b-4b21-b9e8-aa3d0f56f746","req":{"method":"GET","url":"/expediente/post-award-alerts","host":"127.0.0.1:3493","remoteAddress":"127.0.0.1","remotePort":63417},"msg":"incoming request"}
{"level":30,"time":1788738898065,"pid":68337,"hostname":"Mac-mini-de-Javier.local","reqId":"61f18a7a-851b-4b21-b9e8-aa3d0f56f746","res":{"statusCode":200},"responseTime":2.1953749999993306,"msg":"request completed"}
{"level":30,"time":1788738898065,"pid":68337,"hostname":"Mac-mini-de-Javier.local","reqId":"54bdb4d8-a0fa-454d-b64e-a6e177a53f42","req":{"method":"GET","url":"/audit-log","host":"127.0.0.1:3493","remoteAddress":"127.0.0.1","remotePort":63418},"msg":"incoming request"}
{"level":30,"time":1788738898070,"pid":68337,"hostname":"Mac-mini-de-Javier.local","reqId":"54bdb4d8-a0fa-454d-b64e-a6e177a53f42","res":{"statusCode":200},"responseTime":4.940832999998747,"msg":"request completed"}
{"level":30,"time":1788738898070,"pid":68337,"hostname":"Mac-mini-de-Javier.local","reqId":"893a4a2d-418c-48a1-8a43-531729ea9189","req":{"method":"GET","url":"/company/profile","host":"127.0.0.1:3493","remoteAddress":"127.0.0.1","remotePort":63419},"msg":"incoming request"}
{"level":30,"time":1788738898074,"pid":68337,"hostname":"Mac-mini-de-Javier.local","reqId":"893a4a2d-418c-48a1-8a43-531729ea9189","res":{"statusCode":200},"responseTime":4.265833999999813,"msg":"request completed"}
[api] {"level":30,"time":1788738898075,"pid":68337,"hostname":"Mac-mini-de-Javier.local","reqId":"c96c781f-8129-4c0d-a18f-da6857f09bf2","req":{"method":"GET","url":"/company/documents","host":"127.0.0.1:3493","remoteAddress":"127.0.0.1","remotePort":63421},"msg":"incoming request"}
[api] {"level":30,"time":1788738898079,"pid":68337,"hostname":"Mac-mini-de-Javier.local","reqId":"c96c781f-8129-4c0d-a18f-da6857f09bf2","res":{"statusCode":200},"responseTime":3.587499999999636,"msg":"request completed"}
[api] {"level":30,"time":1788738898079,"pid":68337,"hostname":"Mac-mini-de-Javier.local","reqId":"a9af5ba6-0513-477c-aa19-3e57720ba5c2","req":{"method":"GET","url":"/tenders?limit=1","host":"127.0.0.1:3493","remoteAddress":"127.0.0.1","remotePort":63423},"msg":"incoming request"}
{"level":30,"time":1788738898082,"pid":68337,"hostname":"Mac-mini-de-Javier.local","reqId":"a9af5ba6-0513-477c-aa19-3e57720ba5c2","res":{"statusCode":200},"responseTime":2.7029160000001866,"msg":"request completed"}
[api] {"level":30,"time":1788738898082,"pid":68337,"hostname":"Mac-mini-de-Javier.local","reqId":"d05ac2dd-a5b7-4af9-91bc-3eedfb533c3d","req":{"method":"GET","url":"/auth/2fa/status","host":"127.0.0.1:3493","remoteAddress":"127.0.0.1","remotePort":63425},"msg":"incoming request"}
{"level":30,"time":1788738898083,"pid":68337,"hostname":"Mac-mini-de-Javier.local","reqId":"d05ac2dd-a5b7-4af9-91bc-3eedfb533c3d","res":{"statusCode":200},"responseTime":1.5533330000016576,"msg":"request completed"}
  [32m✓[39m  [2m  4 [22m[chromium] › e2e/contraste.spec.ts:8:3 › Contraste de color (W-05, W-06) › el wordmark en modo oscuro no tiene violaciones serias de contraste[2m (1.5s)[22m
[api] {"level":30,"time":1788738899486,"pid":68337,"hostname":"Mac-mini-de-Javier.local","reqId":"d4f00a6c-aadd-4e31-9f94-84e409d1f7e2","req":{"method":"POST","url":"/auth/refresh","host":"127.0.0.1:3493","remoteAddress":"127.0.0.1","remotePort":63458},"msg":"incoming request"}
[api] {"level":30,"time":1788738899489,"pid":68337,"hostname":"Mac-mini-de-Javier.local","reqId":"d4f00a6c-aadd-4e31-9f94-84e409d1f7e2","res":{"statusCode":200},"responseTime":2.84362499999952,"msg":"request completed"}
[api] {"level":30,"time":1788738899491,"pid":68337,"hostname":"Mac-mini-de-Javier.local","reqId":"b0d1d9d2-a8bd-44e1-a19c-ac50d25c7117","req":{"method":"GET","url":"/me","host":"127.0.0.1:3493","remoteAddress":"127.0.0.1","remotePort":63459},"msg":"incoming request"}
[api] {"level":30,"time":1788738899492,"pid":68337,"hostname":"Mac-mini-de-Javier.local","reqId":"b0d1d9d2-a8bd-44e1-a19c-ac50d25c7117","res":{"statusCode":200},"responseTime":0.9792500000003201,"msg":"request completed"}
{"level":30,"time":1788738899492,"pid":68337,"hostname":"Mac-mini-de-Javier.local","reqId":"3e7d2e03-662a-4880-8b95-bf35ba5a5790","req":{"method":"GET","url":"/organizations","host":"127.0.0.1:3493","remoteAddress":"127.0.0.1","remotePort":63460},"msg":"incoming request"}
{"level":30,"time":1788738899493,"pid":68337,"hostname":"Mac-mini-de-Javier.local","reqId":"3e7d2e03-662a-4880-8b95-bf35ba5a5790","res":{"statusCode":200},"responseTime":1.0334170000005543,"msg":"request completed"}
[api] {"level":30,"time":1788738899515,"pid":68337,"hostname":"Mac-mini-de-Javier.local","reqId":"77a99b84-c14a-4803-84ca-d583069a9176","req":{"method":"GET","url":"/tenders/sources/freshness","host":"127.0.0.1:3493","remoteAddress":"127.0.0.1","remotePort":63466},"msg":"incoming request"}
[api] {"level":30,"time":1788738899517,"pid":68337,"hostname":"Mac-mini-de-Javier.local","reqId":"77a99b84-c14a-4803-84ca-d583069a9176","res":{"statusCode":200},"responseTime":1.8937910000004194,"msg":"request completed"}
  [32m✓[39m  [2m  5 [22m[chromium] › e2e/contraste.spec.ts:22:3 › Contraste de color (W-05, W-06) › los badges de estado de fuente (CAPTCHA / cambio de interfaz) no tienen violaciones serias de contraste[2m (946ms)[22m
[api] {"level":30,"time":1788738900436,"pid":68337,"hostname":"Mac-mini-de-Javier.local","reqId":"c9446d10-8b61-4317-a454-8eb5f13ec48d","req":{"method":"POST","url":"/auth/refresh","host":"127.0.0.1:3493","remoteAddress":"127.0.0.1","remotePort":63485},"msg":"incoming request"}
[api] {"level":30,"time":1788738900439,"pid":68337,"hostname":"Mac-mini-de-Javier.local","reqId":"c9446d10-8b61-4317-a454-8eb5f13ec48d","res":{"statusCode":200},"responseTime":2.460000000000946,"msg":"request completed"}
[api] {"level":30,"time":1788738900441,"pid":68337,"hostname":"Mac-mini-de-Javier.local","reqId":"513805b3-57a3-489e-b582-a575169fe7f2","req":{"method":"GET","url":"/me","host":"127.0.0.1:3493","remoteAddress":"127.0.0.1","remotePort":63486},"msg":"incoming request"}
[api] {"level":30,"time":1788738900442,"pid":68337,"hostname":"Mac-mini-de-Javier.local","reqId":"513805b3-57a3-489e-b582-a575169fe7f2","res":{"statusCode":200},"responseTime":1.0820420000000013,"msg":"request completed"}
[api] {"level":30,"time":1788738900442,"pid":68337,"hostname":"Mac-mini-de-Javier.local","reqId":"ca94c11c-8046-4ade-a745-7b9fd1268957","req":{"method":"GET","url":"/organizations","host":"127.0.0.1:3493","remoteAddress":"127.0.0.1","remotePort":63487},"msg":"incoming request"}
{"level":30,"time":1788738900444,"pid":68337,"hostname":"Mac-mini-de-Javier.local","reqId":"ca94c11c-8046-4ade-a745-7b9fd1268957","res":{"statusCode":200},"responseTime":1.1624589999992168,"msg":"request completed"}
[api] {"level":30,"time":1788738900466,"pid":68337,"hostname":"Mac-mini-de-Javier.local","reqId":"ee1e5af8-b6bc-490e-b426-b2bb30a53931","req":{"method":"GET","url":"/tenders/sources/freshness","host":"127.0.0.1:3493","remoteAddress":"127.0.0.1","remotePort":63492},"msg":"incoming request"}
[api] {"level":30,"time":1788738900468,"pid":68337,"hostname":"Mac-mini-de-Javier.local","reqId":"ee1e5af8-b6bc-490e-b426-b2bb30a53931","res":{"statusCode":200},"responseTime":1.8262919999997393,"msg":"request completed"}
  [32m✓[39m  [2m  6 [22m[chromium] › e2e/contraste.spec.ts:37:3 › Contraste de color (W-05, W-06) › los 5 estados de fuente (incluido el badge destructive) no tienen violaciones serias de contraste en modo oscuro[2m (1.3s)[22m
[api] {"level":30,"time":1788738901771,"pid":68337,"hostname":"Mac-mini-de-Javier.local","reqId":"f95fa6cf-bf22-450a-b561-89f8b91f3ac6","req":{"method":"POST","url":"/auth/register","host":"127.0.0.1:3493","remoteAddress":"127.0.0.1","remotePort":63324},"msg":"incoming request"}
[api] {"level":30,"time":1788738901800,"pid":68337,"hostname":"Mac-mini-de-Javier.local","reqId":"f95fa6cf-bf22-450a-b561-89f8b91f3ac6","res":{"statusCode":201},"responseTime":29.415374999998676,"msg":"request completed"}
[api] {"level":30,"time":1788738902879,"pid":68337,"hostname":"Mac-mini-de-Javier.local","reqId":"b5eae155-f4d6-4623-9437-67ffeb56c78f","req":{"method":"POST","url":"/auth/login","host":"127.0.0.1:3493","remoteAddress":"127.0.0.1","remotePort":63533},"msg":"incoming request"}
[api] {"level":30,"time":1788738902909,"pid":68337,"hostname":"Mac-mini-de-Javier.local","reqId":"b5eae155-f4d6-4623-9437-67ffeb56c78f","res":{"statusCode":403},"responseTime":30.42591700000048,"msg":"request completed"}
[api] {"level":30,"time":1788738902958,"pid":68337,"hostname":"Mac-mini-de-Javier.local","reqId":"4858b6c7-9e41-42a9-9849-f70e802659be","req":{"method":"POST","url":"/auth/email/resend-verification","host":"127.0.0.1:3493","remoteAddress":"127.0.0.1","remotePort":63534},"msg":"incoming request"}
[api] {"level":30,"time":1788738902961,"pid":68337,"hostname":"Mac-mini-de-Javier.local","reqId":"4858b6c7-9e41-42a9-9849-f70e802659be","res":{"statusCode":202},"responseTime":3.259083000000828,"msg":"request completed"}
[api] {"level":30,"time":1788738903004,"pid":68337,"hostname":"Mac-mini-de-Javier.local","reqId":"8fcbb08c-52ff-4533-aaa5-91b65231b7a6","req":{"method":"POST","url":"/auth/email/verify","host":"127.0.0.1:3493","remoteAddress":"127.0.0.1","remotePort":63537},"msg":"incoming request"}
[api] {"level":30,"time":1788738903006,"pid":68337,"hostname":"Mac-mini-de-Javier.local","reqId":"8fcbb08c-52ff-4533-aaa5-91b65231b7a6","res":{"statusCode":200},"responseTime":2.212792000000263,"msg":"request completed"}
[api] {"level":30,"time":1788738903644,"pid":68337,"hostname":"Mac-mini-de-Javier.local","reqId":"8e84983b-e97f-46e8-9ef3-ba667e3052b5","req":{"method":"POST","url":"/auth/login","host":"127.0.0.1:3493","remoteAddress":"127.0.0.1","remotePort":63538},"msg":"incoming request"}
[api] {"level":30,"time":1788738903674,"pid":68337,"hostname":"Mac-mini-de-Javier.local","reqId":"8e84983b-e97f-46e8-9ef3-ba667e3052b5","res":{"statusCode":200},"responseTime":30.484542000001966,"msg":"request completed"}
[api] {"level":30,"time":1788738903676,"pid":68337,"hostname":"Mac-mini-de-Javier.local","reqId":"b55423b3-cb4b-4bd8-bdc5-e5f516bdcc8b","req":{"method":"GET","url":"/me","host":"127.0.0.1:3493","remoteAddress":"127.0.0.1","remotePort":63539},"msg":"incoming request"}
[api] {"level":30,"time":1788738903678,"pid":68337,"hostname":"Mac-mini-de-Javier.local","reqId":"b55423b3-cb4b-4bd8-bdc5-e5f516bdcc8b","res":{"statusCode":200},"responseTime":1.5291250000009313,"msg":"request completed"}
{"level":30,"time":1788738903678,"pid":68337,"hostname":"Mac-mini-de-Javier.local","reqId":"1ec3212d-2cae-425d-8d8d-1ce7bfa484c9","req":{"method":"GET","url":"/organizations","host":"127.0.0.1:3493","remoteAddress":"127.0.0.1","remotePort":63540},"msg":"incoming request"}
{"level":30,"time":1788738903679,"pid":68337,"hostname":"Mac-mini-de-Javier.local","reqId":"1ec3212d-2cae-425d-8d8d-1ce7bfa484c9","res":{"statusCode":200},"responseTime":1.120667000002868,"msg":"request completed"}
  [32m✓[39m  [2m  7 [22m[chromium] › e2e/correo-cuenta.spec.ts:74:3 › Correo de cuenta (ronda 8b) › REQ-181: la compuerta bloquea el login sin confirmar, el reenvío funciona y el enlace real desbloquea[2m (1.9s)[22m
[api] {"level":30,"time":1788738903722,"pid":68337,"hostname":"Mac-mini-de-Javier.local","reqId":"b21e7227-edcb-4f56-a49d-08ed9ed3c63b","req":{"method":"POST","url":"/auth/register","host":"127.0.0.1:3493","remoteAddress":"127.0.0.1","remotePort":63324},"msg":"incoming request"}
[api] {"level":30,"time":1788738903750,"pid":68337,"hostname":"Mac-mini-de-Javier.local","reqId":"b21e7227-edcb-4f56-a49d-08ed9ed3c63b","res":{"statusCode":201},"responseTime":28.61320799999885,"msg":"request completed"}
[api] {"level":30,"time":1788738904135,"pid":68337,"hostname":"Mac-mini-de-Javier.local","reqId":"e7050bcb-0f6c-486e-83e1-71db9e0359e2","req":{"method":"POST","url":"/auth/email/verify","host":"127.0.0.1:3493","remoteAddress":"127.0.0.1","remotePort":63559},"msg":"incoming request"}
[api] {"level":30,"time":1788738904137,"pid":68337,"hostname":"Mac-mini-de-Javier.local","reqId":"e7050bcb-0f6c-486e-83e1-71db9e0359e2","res":{"statusCode":200},"responseTime":2.2720829999998386,"msg":"request completed"}
[api] {"level":30,"time":1788738904910,"pid":68337,"hostname":"Mac-mini-de-Javier.local","reqId":"6c4590f5-310f-4a1a-bf13-00ce5763163a","req":{"method":"POST","url":"/auth/email/verify","host":"127.0.0.1:3493","remoteAddress":"127.0.0.1","remotePort":63580},"msg":"incoming request"}
[api] {"level":30,"time":1788738904911,"pid":68337,"hostname":"Mac-mini-de-Javier.local","reqId":"6c4590f5-310f-4a1a-bf13-00ce5763163a","res":{"statusCode":400},"responseTime":1.6032500000001164,"msg":"request completed"}
  [32m✓[39m  [2m  8 [22m[chromium] › e2e/correo-cuenta.spec.ts:115:3 › Correo de cuenta (ronda 8b) › REQ-181 adversarial: reabrir el enlace de confirmación ya consumido lo rechaza[2m (1.7s)[22m
[api] {"level":30,"time":1788738905473,"pid":68337,"hostname":"Mac-mini-de-Javier.local","reqId":"34e26d8f-e012-4193-af5e-1dac2e151a9a","req":{"method":"POST","url":"/auth/register","host":"127.0.0.1:3493","remoteAddress":"127.0.0.1","remotePort":63324},"msg":"incoming request"}
[api] {"level":30,"time":1788738905501,"pid":68337,"hostname":"Mac-mini-de-Javier.local","reqId":"34e26d8f-e012-4193-af5e-1dac2e151a9a","res":{"statusCode":201},"responseTime":28.459249999999884,"msg":"request completed"}
[api] {"level":30,"time":1788738905907,"pid":68337,"hostname":"Mac-mini-de-Javier.local","reqId":"563868d5-39d4-4156-89ed-4ff1848ec6ef","req":{"method":"POST","url":"/auth/email/verify","host":"127.0.0.1:3493","remoteAddress":"127.0.0.1","remotePort":63624},"msg":"incoming request"}
[api] {"level":30,"time":1788738905910,"pid":68337,"hostname":"Mac-mini-de-Javier.local","reqId":"563868d5-39d4-4156-89ed-4ff1848ec6ef","res":{"statusCode":200},"responseTime":2.457624999999098,"msg":"request completed"}
[api] {"level":30,"time":1788738907534,"pid":68337,"hostname":"Mac-mini-de-Javier.local","reqId":"2578abd1-bd2d-4be6-9123-48626d4a3fda","req":{"method":"POST","url":"/auth/password/forgot","host":"127.0.0.1:3493","remoteAddress":"127.0.0.1","remotePort":63657},"msg":"incoming request"}
[api] {"level":30,"time":1788738907539,"pid":68337,"hostname":"Mac-mini-de-Javier.local","reqId":"2578abd1-bd2d-4be6-9123-48626d4a3fda","res":{"statusCode":202},"responseTime":4.044084000001021,"msg":"request completed"}
[api] {"level":30,"time":1788738908137,"pid":68337,"hostname":"Mac-mini-de-Javier.local","reqId":"67fed617-ec9f-4c6c-9550-f143382a9dc2","req":{"method":"POST","url":"/auth/password/reset","host":"127.0.0.1:3493","remoteAddress":"127.0.0.1","remotePort":63669},"msg":"incoming request"}
[api] {"level":30,"time":1788738908166,"pid":68337,"hostname":"Mac-mini-de-Javier.local","reqId":"67fed617-ec9f-4c6c-9550-f143382a9dc2","res":{"statusCode":200},"responseTime":29.004415999999765,"msg":"request completed"}
[api] {"level":30,"time":1788738908747,"pid":68337,"hostname":"Mac-mini-de-Javier.local","reqId":"4b9fb665-06a9-4279-b357-a7605942f957","req":{"method":"POST","url":"/auth/password/reset","host":"127.0.0.1:3493","remoteAddress":"127.0.0.1","remotePort":63691},"msg":"incoming request"}
[api] {"level":30,"time":1788738908777,"pid":68337,"hostname":"Mac-mini-de-Javier.local","reqId":"4b9fb665-06a9-4279-b357-a7605942f957","res":{"statusCode":400},"responseTime":29.11687499999971,"msg":"request completed"}
[api] {"level":30,"time":1788738909422,"pid":68337,"hostname":"Mac-mini-de-Javier.local","reqId":"e1c6e69b-d497-4cd5-9afe-164ffd5bedc2","req":{"method":"POST","url":"/auth/login","host":"127.0.0.1:3493","remoteAddress":"127.0.0.1","remotePort":63701},"msg":"incoming request"}
[api] {"level":30,"time":1788738909455,"pid":68337,"hostname":"Mac-mini-de-Javier.local","reqId":"e1c6e69b-d497-4cd5-9afe-164ffd5bedc2","res":{"statusCode":200},"responseTime":32.59083299999838,"msg":"request completed"}
[api] {"level":30,"time":1788738909458,"pid":68337,"hostname":"Mac-mini-de-Javier.local","reqId":"64f85018-f864-4254-89d6-aaabfc5680d4","req":{"method":"GET","url":"/me","host":"127.0.0.1:3493","remoteAddress":"127.0.0.1","remotePort":63702},"msg":"incoming request"}
[api] {"level":30,"time":1788738909459,"pid":68337,"hostname":"Mac-mini-de-Javier.local","reqId":"64f85018-f864-4254-89d6-aaabfc5680d4","res":{"statusCode":200},"responseTime":1.2139579999966372,"msg":"request completed"}
[api] {"level":30,"time":1788738909459,"pid":68337,"hostname":"Mac-mini-de-Javier.local","reqId":"6edfd1e4-415f-4f50-9fae-bfddcd12de68","req":{"method":"GET","url":"/organizations","host":"127.0.0.1:3493","remoteAddress":"127.0.0.1","remotePort":63703},"msg":"incoming request"}
{"level":30,"time":1788738909460,"pid":68337,"hostname":"Mac-mini-de-Javier.local","reqId":"6edfd1e4-415f-4f50-9fae-bfddcd12de68","res":{"statusCode":200},"responseTime":1.167583000002196,"msg":"request completed"}
  [32m✓[39m  [2m  9 [22m[chromium] › e2e/correo-cuenta.spec.ts:131:3 › Correo de cuenta (ronda 8b) › REQ-186: recuperación de contraseña de punta a punta, y el enlace no sirve dos veces[2m (4.0s)[22m
[api] {"level":30,"time":1788738909507,"pid":68337,"hostname":"Mac-mini-de-Javier.local","reqId":"b74ef1c0-a6c9-44a2-856a-2f5219a15374","req":{"method":"POST","url":"/auth/register","host":"127.0.0.1:3493","remoteAddress":"127.0.0.1","remotePort":63324},"msg":"incoming request"}
[api] {"level":30,"time":1788738909536,"pid":68337,"hostname":"Mac-mini-de-Javier.local","reqId":"b74ef1c0-a6c9-44a2-856a-2f5219a15374","res":{"statusCode":201},"responseTime":29.517832999998063,"msg":"request completed"}
[api] {"level":30,"time":1788738909935,"pid":68337,"hostname":"Mac-mini-de-Javier.local","reqId":"5a672db3-5d62-4911-b3eb-ffae7374d937","req":{"method":"POST","url":"/auth/email/verify","host":"127.0.0.1:3493","remoteAddress":"127.0.0.1","remotePort":63722},"msg":"incoming request"}
[api] {"level":30,"time":1788738909938,"pid":68337,"hostname":"Mac-mini-de-Javier.local","reqId":"5a672db3-5d62-4911-b3eb-ffae7374d937","res":{"statusCode":200},"responseTime":2.0205410000016855,"msg":"request completed"}
[api] {"level":30,"time":1788738910700,"pid":68337,"hostname":"Mac-mini-de-Javier.local","reqId":"793ac758-0727-4b01-8265-3d4e70ba0e8f","req":{"method":"POST","url":"/auth/login","host":"127.0.0.1:3493","remoteAddress":"127.0.0.1","remotePort":63324},"msg":"incoming request"}
[api] {"level":30,"time":1788738910735,"pid":68337,"hostname":"Mac-mini-de-Javier.local","reqId":"793ac758-0727-4b01-8265-3d4e70ba0e8f","res":{"statusCode":200},"responseTime":34.4599580000031,"msg":"request completed"}
[api] {"level":30,"time":1788738910737,"pid":68337,"hostname":"Mac-mini-de-Javier.local","reqId":"71aa24e1-c8d0-4307-86b3-d8bd78ef55ec","req":{"method":"POST","url":"/organizations","host":"127.0.0.1:3493","remoteAddress":"127.0.0.1","remotePort":63754},"msg":"incoming request"}
[api] {"level":30,"time":1788738910740,"pid":68337,"hostname":"Mac-mini-de-Javier.local","reqId":"71aa24e1-c8d0-4307-86b3-d8bd78ef55ec","res":{"statusCode":201},"responseTime":2.5409580000014103,"msg":"request completed"}
[api] {"level":30,"time":1788738910741,"pid":68337,"hostname":"Mac-mini-de-Javier.local","reqId":"df7b2822-69dd-4e98-a0f3-e5d9f6f88bf5","req":{"method":"POST","url":"/organizations/invitations","host":"127.0.0.1:3493","remoteAddress":"127.0.0.1","remotePort":63324},"msg":"incoming request"}
[api] {"level":30,"time":1788738910745,"pid":68337,"hostname":"Mac-mini-de-Javier.local","reqId":"df7b2822-69dd-4e98-a0f3-e5d9f6f88bf5","res":{"statusCode":201},"responseTime":3.9912079999994603,"msg":"request completed"}
[api] {"level":30,"time":1788738911646,"pid":68337,"hostname":"Mac-mini-de-Javier.local","reqId":"87c677e4-0bf0-4363-a184-c39ac2b09281","req":{"method":"POST","url":"/auth/login","host":"127.0.0.1:3493","remoteAddress":"127.0.0.1","remotePort":63766},"msg":"incoming request"}
[api] {"level":30,"time":1788738911676,"pid":68337,"hostname":"Mac-mini-de-Javier.local","reqId":"87c677e4-0bf0-4363-a184-c39ac2b09281","res":{"statusCode":200},"responseTime":29.753208000001905,"msg":"request completed"}
[api] {"level":30,"time":1788738911678,"pid":68337,"hostname":"Mac-mini-de-Javier.local","reqId":"e36fd432-ec79-4e77-ab0e-477851a212ac","req":{"method":"GET","url":"/me","host":"127.0.0.1:3493","remoteAddress":"127.0.0.1","remotePort":63767},"msg":"incoming request"}
[api] {"level":30,"time":1788738911679,"pid":68337,"hostname":"Mac-mini-de-Javier.local","reqId":"e36fd432-ec79-4e77-ab0e-477851a212ac","res":{"statusCode":200},"responseTime":1.3088749999988067,"msg":"request completed"}
{"level":30,"time":1788738911679,"pid":68337,"hostname":"Mac-mini-de-Javier.local","reqId":"0995e363-81dd-4ee9-bec5-793cb0869178","req":{"method":"GET","url":"/organizations","host":"127.0.0.1:3493","remoteAddress":"127.0.0.1","remotePort":63768},"msg":"incoming request"}
{"level":30,"time":1788738911680,"pid":68337,"hostname":"Mac-mini-de-Javier.local","reqId":"0995e363-81dd-4ee9-bec5-793cb0869178","res":{"statusCode":200},"responseTime":1.026332999997976,"msg":"request completed"}
[api] {"level":30,"time":1788738911683,"pid":68337,"hostname":"Mac-mini-de-Javier.local","reqId":"84b32871-39bc-4b3b-a541-8cefc9c0f4b0","req":{"method":"POST","url":"/organizations/invitations/accept","host":"127.0.0.1:3493","remoteAddress":"127.0.0.1","remotePort":63769},"msg":"incoming request"}
[api] {"level":30,"time":1788738911685,"pid":68337,"hostname":"Mac-mini-de-Javier.local","reqId":"84b32871-39bc-4b3b-a541-8cefc9c0f4b0","res":{"statusCode":200},"responseTime":2.376749999999447,"msg":"request completed"}
[api] {"level":30,"time":1788738911688,"pid":68337,"hostname":"Mac-mini-de-Javier.local","reqId":"6b24f65c-251e-41fe-ad9b-820bcf354a4f","req":{"method":"GET","url":"/organizations","host":"127.0.0.1:3493","remoteAddress":"127.0.0.1","remotePort":63770},"msg":"incoming request"}
[api] {"level":30,"time":1788738911689,"pid":68337,"hostname":"Mac-mini-de-Javier.local","reqId":"6b24f65c-251e-41fe-ad9b-820bcf354a4f","res":{"statusCode":200},"responseTime":0.9955420000005688,"msg":"request completed"}
  [32m✓[39m  [2m 10 [22m[chromium] › e2e/correo-cuenta.spec.ts:179:3 › Correo de cuenta (ronda 8b) › REQ-186: la invitación por enlace firmado sobrevive al login intermedio[2m (2.3s)[22m
[api] {"level":30,"time":1788738912721,"pid":68337,"hostname":"Mac-mini-de-Javier.local","reqId":"a42b9858-b44f-4d04-83ea-305157fa694f","req":{"method":"POST","url":"/public/contact","host":"127.0.0.1:3493","remoteAddress":"127.0.0.1","remotePort":63790},"msg":"incoming request"}
[api] {"level":30,"time":1788738912725,"pid":68337,"hostname":"Mac-mini-de-Javier.local","reqId":"a42b9858-b44f-4d04-83ea-305157fa694f","res":{"statusCode":202},"responseTime":3.292749999996886,"msg":"request completed"}
  [32m✓[39m  [2m 11 [22m[chromium] › e2e/correo-cuenta.spec.ts:222:3 › Correo de cuenta (ronda 8b) › REQ-196: el formulario de contacto de la landing crea el registro y dispara el correo interno[2m (1.0s)[22m
  [32m✓[39m  [2m 12 [22m[chromium] › e2e/csp.spec.ts:11:3 › Content-Security-Policy real (WI-01) › la respuesta HTTP de vite preview trae una CSP real sin 'unsafe-inline' en script-src[2m (952ms)[22m
  [32m✓[39m  [2m 13 [22m[chromium] › e2e/csp.spec.ts:21:3 › Content-Security-Policy real (WI-01) › el documento sirve el meta tag CSP (defensa en profundidad para hosting estático sin cabeceras propias)[2m (981ms)[22m
  [32m✓[39m  [2m 14 [22m[chromium] › e2e/csp.spec.ts:28:3 › Content-Security-Policy real (WI-01) › un <script> inline inyectado dinámicamente NO se ejecuta bajo la CSP real[2m (1.0s)[22m
[api] {"level":30,"time":1788738915808,"pid":68337,"hostname":"Mac-mini-de-Javier.local","reqId":"5057623a-27b2-43f3-a6a1-f15a14e33b4a","req":{"method":"POST","url":"/auth/refresh","host":"127.0.0.1:3493","remoteAddress":"127.0.0.1","remotePort":63867},"msg":"incoming request"}
[api] {"level":30,"time":1788738915810,"pid":68337,"hostname":"Mac-mini-de-Javier.local","reqId":"5057623a-27b2-43f3-a6a1-f15a14e33b4a","res":{"statusCode":200},"responseTime":2.6988339999988966,"msg":"request completed"}
[api] {"level":30,"time":1788738915814,"pid":68337,"hostname":"Mac-mini-de-Javier.local","reqId":"f4943453-9930-42e3-9b33-30f023bba8c3","req":{"method":"GET","url":"/me","host":"127.0.0.1:3493","remoteAddress":"127.0.0.1","remotePort":63868},"msg":"incoming request"}
[api] {"level":30,"time":1788738915815,"pid":68337,"hostname":"Mac-mini-de-Javier.local","reqId":"f4943453-9930-42e3-9b33-30f023bba8c3","res":{"statusCode":200},"responseTime":1.2926250000018626,"msg":"request completed"}
[api] {"level":30,"time":1788738915815,"pid":68337,"hostname":"Mac-mini-de-Javier.local","reqId":"a75bbb6f-5d3c-4166-a3e2-1f7597b345ac","req":{"method":"GET","url":"/organizations","host":"127.0.0.1:3493","remoteAddress":"127.0.0.1","remotePort":63869},"msg":"incoming request"}
{"level":30,"time":1788738915817,"pid":68337,"hostname":"Mac-mini-de-Javier.local","reqId":"a75bbb6f-5d3c-4166-a3e2-1f7597b345ac","res":{"statusCode":200},"responseTime":2.0021669999987353,"msg":"request completed"}
[api] {"level":30,"time":1788738915843,"pid":68337,"hostname":"Mac-mini-de-Javier.local","reqId":"5c4bdb4d-e355-4582-a7d3-c49727fb14e1","req":{"method":"GET","url":"/tenders?limit=100","host":"127.0.0.1:3493","remoteAddress":"127.0.0.1","remotePort":63875},"msg":"incoming request"}
[api] {"level":30,"time":1788738915846,"pid":68337,"hostname":"Mac-mini-de-Javier.local","reqId":"5c4bdb4d-e355-4582-a7d3-c49727fb14e1","res":{"statusCode":200},"responseTime":3.024334000001545,"msg":"request completed"}
{"level":30,"time":1788738915846,"pid":68337,"hostname":"Mac-mini-de-Javier.local","reqId":"8f35b0bf-549e-4bb9-b58a-e56b3e713b90","req":{"method":"GET","url":"/matching/tenders","host":"127.0.0.1:3493","remoteAddress":"127.0.0.1","remotePort":63876},"msg":"incoming request"}
{"level":30,"time":1788738915850,"pid":68337,"hostname":"Mac-mini-de-Javier.local","reqId":"8f35b0bf-549e-4bb9-b58a-e56b3e713b90","res":{"statusCode":200},"responseTime":3.2474999999976717,"msg":"request completed"}
{"level":30,"time":1788738915850,"pid":68337,"hostname":"Mac-mini-de-Javier.local","reqId":"1992cc70-acaf-49e8-8366-937d5804b28d","req":{"method":"GET","url":"/company/rates","host":"127.0.0.1:3493","remoteAddress":"127.0.0.1","remotePort":63877},"msg":"incoming request"}
{"level":30,"time":1788738915852,"pid":68337,"hostname":"Mac-mini-de-Javier.local","reqId":"1992cc70-acaf-49e8-8366-937d5804b28d","res":{"statusCode":200},"responseTime":2.177625000000262,"msg":"request completed"}
{"level":30,"time":1788738915852,"pid":68337,"hostname":"Mac-mini-de-Javier.local","reqId":"587bab0b-f75e-492a-8d8c-ce3bdb48e5c9","req":{"method":"GET","url":"/expediente/post-award-alerts","host":"127.0.0.1:3493","remoteAddress":"127.0.0.1","remotePort":63878},"msg":"incoming request"}
{"level":30,"time":1788738915855,"pid":68337,"hostname":"Mac-mini-de-Javier.local","reqId":"587bab0b-f75e-492a-8d8c-ce3bdb48e5c9","res":{"statusCode":200},"responseTime":2.288209000002098,"msg":"request completed"}
{"level":30,"time":1788738915855,"pid":68337,"hostname":"Mac-mini-de-Javier.local","reqId":"5df3ddb1-d710-48f0-b130-871c0b599bdf","req":{"method":"GET","url":"/audit-log","host":"127.0.0.1:3493","remoteAddress":"127.0.0.1","remotePort":63879},"msg":"incoming request"}
{"level":30,"time":1788738915857,"pid":68337,"hostname":"Mac-mini-de-Javier.local","reqId":"5df3ddb1-d710-48f0-b130-871c0b599bdf","res":{"statusCode":200},"responseTime":2.1037909999977273,"msg":"request completed"}
[api] {"level":30,"time":1788738915857,"pid":68337,"hostname":"Mac-mini-de-Javier.local","reqId":"0817b421-465a-4369-a28f-450a5f2853e6","req":{"method":"GET","url":"/company/profile","host":"127.0.0.1:3493","remoteAddress":"127.0.0.1","remotePort":63880},"msg":"incoming request"}
{"level":30,"time":1788738915858,"pid":68337,"hostname":"Mac-mini-de-Javier.local","reqId":"0817b421-465a-4369-a28f-450a5f2853e6","res":{"statusCode":200},"responseTime":1.4801249999982247,"msg":"request completed"}
[api] {"level":30,"time":1788738915859,"pid":68337,"hostname":"Mac-mini-de-Javier.local","reqId":"c55b62aa-cdff-4d62-8d82-13b5d1f0c166","req":{"method":"GET","url":"/company/documents","host":"127.0.0.1:3493","remoteAddress":"127.0.0.1","remotePort":63882},"msg":"incoming request"}
[api] {"level":30,"time":1788738915860,"pid":68337,"hostname":"Mac-mini-de-Javier.local","reqId":"c55b62aa-cdff-4d62-8d82-13b5d1f0c166","res":{"statusCode":200},"responseTime":1.2427090000019234,"msg":"request completed"}
[api] {"level":30,"time":1788738915860,"pid":68337,"hostname":"Mac-mini-de-Javier.local","reqId":"5194ff08-4852-4ef4-8d83-c6ab95be7958","req":{"method":"GET","url":"/tenders?limit=1","host":"127.0.0.1:3493","remoteAddress":"127.0.0.1","remotePort":63884},"msg":"incoming request"}
{"level":30,"time":1788738915862,"pid":68337,"hostname":"Mac-mini-de-Javier.local","reqId":"5194ff08-4852-4ef4-8d83-c6ab95be7958","res":{"statusCode":200},"responseTime":1.381375000000844,"msg":"request completed"}
[api] {"level":30,"time":1788738915862,"pid":68337,"hostname":"Mac-mini-de-Javier.local","reqId":"25d2c43c-5295-4f9c-87dc-a36ce8210d29","req":{"method":"GET","url":"/auth/2fa/status","host":"127.0.0.1:3493","remoteAddress":"127.0.0.1","remotePort":63886},"msg":"incoming request"}
{"level":30,"time":1788738915865,"pid":68337,"hostname":"Mac-mini-de-Javier.local","reqId":"25d2c43c-5295-4f9c-87dc-a36ce8210d29","res":{"statusCode":200},"responseTime":2.6628749999981665,"msg":"request completed"}
[api] {"level":30,"time":1788738916692,"pid":68337,"hostname":"Mac-mini-de-Javier.local","reqId":"5930620b-0cf1-42c8-9b46-daf9c5f44514","req":{"method":"GET","url":"/tenders?limit=100","host":"127.0.0.1:3493","remoteAddress":"127.0.0.1","remotePort":63901},"msg":"incoming request"}
[api] {"level":30,"time":1788738916695,"pid":68337,"hostname":"Mac-mini-de-Javier.local","reqId":"5930620b-0cf1-42c8-9b46-daf9c5f44514","res":{"statusCode":200},"responseTime":3.094042000000627,"msg":"request completed"}
{"level":30,"time":1788738916696,"pid":68337,"hostname":"Mac-mini-de-Javier.local","reqId":"d3911395-8426-46fa-beaf-14fad8683725","req":{"method":"GET","url":"/matching/tenders","host":"127.0.0.1:3493","remoteAddress":"127.0.0.1","remotePort":63902},"msg":"incoming request"}
{"level":30,"time":1788738916704,"pid":68337,"hostname":"Mac-mini-de-Javier.local","reqId":"d3911395-8426-46fa-beaf-14fad8683725","res":{"statusCode":200},"responseTime":8.358584000001429,"msg":"request completed"}
{"level":30,"time":1788738916704,"pid":68337,"hostname":"Mac-mini-de-Javier.local","reqId":"b84fa3c9-7df8-48dd-b7a1-c3c91d2d7cdf","req":{"method":"GET","url":"/company/rates","host":"127.0.0.1:3493","remoteAddress":"127.0.0.1","remotePort":63903},"msg":"incoming request"}
{"level":30,"time":1788738916707,"pid":68337,"hostname":"Mac-mini-de-Javier.local","reqId":"b84fa3c9-7df8-48dd-b7a1-c3c91d2d7cdf","res":{"statusCode":200},"responseTime":2.713040999999066,"msg":"request completed"}
{"level":30,"time":1788738916707,"pid":68337,"hostname":"Mac-mini-de-Javier.local","reqId":"ecaa4ed2-9935-44e8-aee7-fc56368a32c4","req":{"method":"GET","url":"/expediente/post-award-alerts","host":"127.0.0.1:3493","remoteAddress":"127.0.0.1","remotePort":63904},"msg":"incoming request"}
{"level":30,"time":1788738916709,"pid":68337,"hostname":"Mac-mini-de-Javier.local","reqId":"ecaa4ed2-9935-44e8-aee7-fc56368a32c4","res":{"statusCode":200},"responseTime":1.9841249999990396,"msg":"request completed"}
{"level":30,"time":1788738916709,"pid":68337,"hostname":"Mac-mini-de-Javier.local","reqId":"75de486b-5416-4f82-b285-f95f2f36d95f","req":{"method":"GET","url":"/audit-log","host":"127.0.0.1:3493","remoteAddress":"127.0.0.1","remotePort":63905},"msg":"incoming request"}
{"level":30,"time":1788738916711,"pid":68337,"hostname":"Mac-mini-de-Javier.local","reqId":"75de486b-5416-4f82-b285-f95f2f36d95f","res":{"statusCode":200},"responseTime":2.233834000002389,"msg":"request completed"}
{"level":30,"time":1788738916712,"pid":68337,"hostname":"Mac-mini-de-Javier.local","reqId":"bc9991f1-a0b3-47e9-be46-52bab2281fb4","req":{"method":"GET","url":"/company/profile","host":"127.0.0.1:3493","remoteAddress":"127.0.0.1","remotePort":63906},"msg":"incoming request"}
{"level":30,"time":1788738916713,"pid":68337,"hostname":"Mac-mini-de-Javier.local","reqId":"bc9991f1-a0b3-47e9-be46-52bab2281fb4","res":{"statusCode":200},"responseTime":1.9270830000023125,"msg":"request completed"}
[api] {"level":30,"time":1788738916714,"pid":68337,"hostname":"Mac-mini-de-Javier.local","reqId":"bc892b5b-1d03-4b38-aeac-27d15cbd4924","req":{"method":"GET","url":"/company/documents","host":"127.0.0.1:3493","remoteAddress":"127.0.0.1","remotePort":63908},"msg":"incoming request"}
[api] {"level":30,"time":1788738916715,"pid":68337,"hostname":"Mac-mini-de-Javier.local","reqId":"bc892b5b-1d03-4b38-aeac-27d15cbd4924","res":{"statusCode":200},"responseTime":1.6431250000023283,"msg":"request completed"}
[api] {"level":30,"time":1788738916716,"pid":68337,"hostname":"Mac-mini-de-Javier.local","reqId":"4868317d-e715-494f-9239-459f3176a589","req":{"method":"GET","url":"/tenders?limit=1","host":"127.0.0.1:3493","remoteAddress":"127.0.0.1","remotePort":63910},"msg":"incoming request"}
{"level":30,"time":1788738916718,"pid":68337,"hostname":"Mac-mini-de-Javier.local","reqId":"4868317d-e715-494f-9239-459f3176a589","res":{"statusCode":200},"responseTime":2.6869170000027225,"msg":"request completed"}
[api] {"level":30,"time":1788738916940,"pid":68337,"hostname":"Mac-mini-de-Javier.local","reqId":"325b76a4-a021-4fc9-918d-20e39875e7e3","req":{"method":"GET","url":"/tenders?limit=20","host":"127.0.0.1:3493","remoteAddress":"127.0.0.1","remotePort":63917},"msg":"incoming request"}
[api] {"level":30,"time":1788738916942,"pid":68337,"hostname":"Mac-mini-de-Javier.local","reqId":"325b76a4-a021-4fc9-918d-20e39875e7e3","res":{"statusCode":200},"responseTime":2.2251670000005106,"msg":"request completed"}
  [32m✓[39m  [2m 15 [22m[chromium] › e2e/dashboard.spec.ts:24:3 › Panel/Dashboard real (REQ-169) › muestra KPIs reales calculados sobre la convocatoria sembrada de orgD[2m (1.2s)[22m
[api] {"level":30,"time":1788738917021,"pid":68337,"hostname":"Mac-mini-de-Javier.local","reqId":"5c8acf95-b259-45c0-b864-6e4d530276b9","req":{"method":"POST","url":"/auth/refresh","host":"127.0.0.1:3493","remoteAddress":"127.0.0.1","remotePort":63921},"msg":"incoming request"}
[api] {"level":30,"time":1788738917025,"pid":68337,"hostname":"Mac-mini-de-Javier.local","reqId":"5c8acf95-b259-45c0-b864-6e4d530276b9","res":{"statusCode":200},"responseTime":3.2239580000023125,"msg":"request completed"}
[api] {"level":30,"time":1788738917027,"pid":68337,"hostname":"Mac-mini-de-Javier.local","reqId":"ebd66097-3bac-44f1-ad0b-d105ffdc7a0a","req":{"method":"GET","url":"/me","host":"127.0.0.1:3493","remoteAddress":"127.0.0.1","remotePort":63922},"msg":"incoming request"}
[api] {"level":30,"time":1788738917028,"pid":68337,"hostname":"Mac-mini-de-Javier.local","reqId":"ebd66097-3bac-44f1-ad0b-d105ffdc7a0a","res":{"statusCode":200},"responseTime":0.9907920000005106,"msg":"request completed"}
{"level":30,"time":1788738917028,"pid":68337,"hostname":"Mac-mini-de-Javier.local","reqId":"810c3994-6029-4a19-9331-1bbd04f338db","req":{"method":"GET","url":"/organizations","host":"127.0.0.1:3493","remoteAddress":"127.0.0.1","remotePort":63923},"msg":"incoming request"}
{"level":30,"time":1788738917029,"pid":68337,"hostname":"Mac-mini-de-Javier.local","reqId":"810c3994-6029-4a19-9331-1bbd04f338db","res":{"statusCode":200},"responseTime":1.1901660000003176,"msg":"request completed"}
[api] {"level":30,"time":1788738917056,"pid":68337,"hostname":"Mac-mini-de-Javier.local","reqId":"f6cd4ca8-ae93-4983-b1ef-3adc508de0bf","req":{"method":"GET","url":"/tenders?limit=100","host":"127.0.0.1:3493","remoteAddress":"127.0.0.1","remotePort":63929},"msg":"incoming request"}
[api] {"level":30,"time":1788738917058,"pid":68337,"hostname":"Mac-mini-de-Javier.local","reqId":"f6cd4ca8-ae93-4983-b1ef-3adc508de0bf","res":{"statusCode":200},"responseTime":2.7120840000025055,"msg":"request completed"}
{"level":30,"time":1788738917058,"pid":68337,"hostname":"Mac-mini-de-Javier.local","reqId":"8f5d5473-55de-485a-aac9-24a2edf54027","req":{"method":"GET","url":"/matching/tenders","host":"127.0.0.1:3493","remoteAddress":"127.0.0.1","remotePort":63930},"msg":"incoming request"}
{"level":30,"time":1788738917063,"pid":68337,"hostname":"Mac-mini-de-Javier.local","reqId":"8f5d5473-55de-485a-aac9-24a2edf54027","res":{"statusCode":200},"responseTime":4.131792000000132,"msg":"request completed"}
{"level":30,"time":1788738917063,"pid":68337,"hostname":"Mac-mini-de-Javier.local","reqId":"1d42176b-7c79-4820-88bc-457c8969e730","req":{"method":"GET","url":"/company/rates","host":"127.0.0.1:3493","remoteAddress":"127.0.0.1","remotePort":63931},"msg":"incoming request"}
{"level":30,"time":1788738917065,"pid":68337,"hostname":"Mac-mini-de-Javier.local","reqId":"1d42176b-7c79-4820-88bc-457c8969e730","res":{"statusCode":200},"responseTime":2.2096249999995052,"msg":"request completed"}
{"level":30,"time":1788738917065,"pid":68337,"hostname":"Mac-mini-de-Javier.local","reqId":"749c1383-07a2-4df7-9bc1-50195dfc5f31","req":{"method":"GET","url":"/expediente/post-award-alerts","host":"127.0.0.1:3493","remoteAddress":"127.0.0.1","remotePort":63932},"msg":"incoming request"}
{"level":30,"time":1788738917067,"pid":68337,"hostname":"Mac-mini-de-Javier.local","reqId":"749c1383-07a2-4df7-9bc1-50195dfc5f31","res":{"statusCode":200},"responseTime":2.103666000002704,"msg":"request completed"}
{"level":30,"time":1788738917067,"pid":68337,"hostname":"Mac-mini-de-Javier.local","reqId":"cfa12000-faee-4fd7-b7f0-2b487455332c","req":{"method":"GET","url":"/audit-log","host":"127.0.0.1:3493","remoteAddress":"127.0.0.1","remotePort":63933},"msg":"incoming request"}
{"level":30,"time":1788738917070,"pid":68337,"hostname":"Mac-mini-de-Javier.local","reqId":"cfa12000-faee-4fd7-b7f0-2b487455332c","res":{"statusCode":200},"responseTime":2.2319159999969997,"msg":"request completed"}
{"level":30,"time":1788738917070,"pid":68337,"hostname":"Mac-mini-de-Javier.local","reqId":"1461ba99-7869-4d56-acd7-8c35eadc0ee6","req":{"method":"GET","url":"/company/profile","host":"127.0.0.1:3493","remoteAddress":"127.0.0.1","remotePort":63934},"msg":"incoming request"}
{"level":30,"time":1788738917071,"pid":68337,"hostname":"Mac-mini-de-Javier.local","reqId":"1461ba99-7869-4d56-acd7-8c35eadc0ee6","res":{"statusCode":200},"responseTime":1.7310419999994338,"msg":"request completed"}
[api] {"level":30,"time":1788738917072,"pid":68337,"hostname":"Mac-mini-de-Javier.local","reqId":"aebc6a1e-14f4-4508-bb4b-8ddf12ef60ba","req":{"method":"GET","url":"/company/documents","host":"127.0.0.1:3493","remoteAddress":"127.0.0.1","remotePort":63936},"msg":"incoming request"}
[api] {"level":30,"time":1788738917073,"pid":68337,"hostname":"Mac-mini-de-Javier.local","reqId":"aebc6a1e-14f4-4508-bb4b-8ddf12ef60ba","res":{"statusCode":200},"responseTime":1.3859580000025744,"msg":"request completed"}
[api] {"level":30,"time":1788738917073,"pid":68337,"hostname":"Mac-mini-de-Javier.local","reqId":"5dc49142-3576-4606-a008-23541093e1a0","req":{"method":"GET","url":"/tenders?limit=1","host":"127.0.0.1:3493","remoteAddress":"127.0.0.1","remotePort":63938},"msg":"incoming request"}
{"level":30,"time":1788738917075,"pid":68337,"hostname":"Mac-mini-de-Javier.local","reqId":"5dc49142-3576-4606-a008-23541093e1a0","res":{"statusCode":200},"responseTime":1.7959159999991243,"msg":"request completed"}
[api] {"level":30,"time":1788738917075,"pid":68337,"hostname":"Mac-mini-de-Javier.local","reqId":"97727ad2-c714-41ed-aa73-90d137b4fbfd","req":{"method":"GET","url":"/auth/2fa/status","host":"127.0.0.1:3493","remoteAddress":"127.0.0.1","remotePort":63940},"msg":"incoming request"}
{"level":30,"time":1788738917079,"pid":68337,"hostname":"Mac-mini-de-Javier.local","reqId":"97727ad2-c714-41ed-aa73-90d137b4fbfd","res":{"statusCode":200},"responseTime":3.100417000001471,"msg":"request completed"}
[api] {"level":30,"time":1788738918289,"pid":68337,"hostname":"Mac-mini-de-Javier.local","reqId":"69bd7fff-1961-4c86-ae44-4567b8f63518","req":{"method":"GET","url":"/tenders?limit=100","host":"127.0.0.1:3493","remoteAddress":"127.0.0.1","remotePort":63969},"msg":"incoming request"}
[api] {"level":30,"time":1788738918292,"pid":68337,"hostname":"Mac-mini-de-Javier.local","reqId":"69bd7fff-1961-4c86-ae44-4567b8f63518","res":{"statusCode":200},"responseTime":2.2097500000018044,"msg":"request completed"}
{"level":30,"time":1788738918292,"pid":68337,"hostname":"Mac-mini-de-Javier.local","reqId":"6d6b86ab-237f-49ab-a220-78d1ec797dba","req":{"method":"GET","url":"/matching/tenders","host":"127.0.0.1:3493","remoteAddress":"127.0.0.1","remotePort":63970},"msg":"incoming request"}
{"level":30,"time":1788738918296,"pid":68337,"hostname":"Mac-mini-de-Javier.local","reqId":"6d6b86ab-237f-49ab-a220-78d1ec797dba","res":{"statusCode":200},"responseTime":3.840542000001733,"msg":"request completed"}
{"level":30,"time":1788738918296,"pid":68337,"hostname":"Mac-mini-de-Javier.local","reqId":"8aa7ef33-2178-4bc8-b05a-d336f364dede","req":{"method":"GET","url":"/company/rates","host":"127.0.0.1:3493","remoteAddress":"127.0.0.1","remotePort":63971},"msg":"incoming request"}
{"level":30,"time":1788738918297,"pid":68337,"hostname":"Mac-mini-de-Javier.local","reqId":"8aa7ef33-2178-4bc8-b05a-d336f364dede","res":{"statusCode":200},"responseTime":1.4962500000001455,"msg":"request completed"}
{"level":30,"time":1788738918297,"pid":68337,"hostname":"Mac-mini-de-Javier.local","reqId":"2be45494-2810-46ba-b06e-855b1ef9c758","req":{"method":"GET","url":"/expediente/post-award-alerts","host":"127.0.0.1:3493","remoteAddress":"127.0.0.1","remotePort":63972},"msg":"incoming request"}
{"level":30,"time":1788738918300,"pid":68337,"hostname":"Mac-mini-de-Javier.local","reqId":"2be45494-2810-46ba-b06e-855b1ef9c758","res":{"statusCode":200},"responseTime":2.8350419999987935,"msg":"request completed"}
{"level":30,"time":1788738918300,"pid":68337,"hostname":"Mac-mini-de-Javier.local","reqId":"8ecef391-095c-4a29-beea-15bba1c563ae","req":{"method":"GET","url":"/audit-log","host":"127.0.0.1:3493","remoteAddress":"127.0.0.1","remotePort":63973},"msg":"incoming request"}
{"level":30,"time":1788738918303,"pid":68337,"hostname":"Mac-mini-de-Javier.local","reqId":"8ecef391-095c-4a29-beea-15bba1c563ae","res":{"statusCode":200},"responseTime":2.731166999998095,"msg":"request completed"}
{"level":30,"time":1788738918303,"pid":68337,"hostname":"Mac-mini-de-Javier.local","reqId":"e79c295d-5b79-449f-9898-e20857ac3fb0","req":{"method":"GET","url":"/company/profile","host":"127.0.0.1:3493","remoteAddress":"127.0.0.1","remotePort":63974},"msg":"incoming request"}
{"level":30,"time":1788738918305,"pid":68337,"hostname":"Mac-mini-de-Javier.local","reqId":"e79c295d-5b79-449f-9898-e20857ac3fb0","res":{"statusCode":200},"responseTime":2.3483330000017304,"msg":"request completed"}
[api] {"level":30,"time":1788738918306,"pid":68337,"hostname":"Mac-mini-de-Javier.local","reqId":"83d516cc-9b4d-49b6-a5dd-491386a0a3c5","req":{"method":"GET","url":"/company/documents","host":"127.0.0.1:3493","remoteAddress":"127.0.0.1","remotePort":63976},"msg":"incoming request"}
[api] {"level":30,"time":1788738918308,"pid":68337,"hostname":"Mac-mini-de-Javier.local","reqId":"83d516cc-9b4d-49b6-a5dd-491386a0a3c5","res":{"statusCode":200},"responseTime":1.6575830000001588,"msg":"request completed"}
[api] {"level":30,"time":1788738918308,"pid":68337,"hostname":"Mac-mini-de-Javier.local","reqId":"112a0e3b-f11a-4970-a02e-ea77f6443d11","req":{"method":"GET","url":"/tenders?limit=1","host":"127.0.0.1:3493","remoteAddress":"127.0.0.1","remotePort":63978},"msg":"incoming request"}
{"level":30,"time":1788738918309,"pid":68337,"hostname":"Mac-mini-de-Javier.local","reqId":"112a0e3b-f11a-4970-a02e-ea77f6443d11","res":{"statusCode":200},"responseTime":1.541417000000365,"msg":"request completed"}
  [32m✓[39m  [2m 16 [22m[chromium] › e2e/dashboard.spec.ts:53:3 › Panel/Dashboard real (REQ-169) › sin violaciones serious/critical de axe, y deja la organización activa de vuelta en orgA[2m (1.5s)[22m
  [32m✓[39m  [2m 17 [22m[chromium] › e2e/demo.spec.ts:9:3 › Demo de solo lectura (/demo) › etiqueta los datos de ejemplo y muestra KPIs con datos ficticios[2m (926ms)[22m
  [32m✓[39m  [2m 18 [22m[chromium] › e2e/demo.spec.ts:18:3 › Demo de solo lectura (/demo) › nunca mezcla con datos reales: el namespace /demo-api/* es propio[2m (906ms)[22m
  [32m✓[39m  [2m 19 [22m[chromium] › e2e/demo.spec.ts:35:3 › Demo de solo lectura (/demo) › enlaza de vuelta a inicio y a iniciar sesión[2m (942ms)[22m
  [32m✓[39m  [2m 20 [22m[chromium] › e2e/demo.spec.ts:42:3 › Demo de solo lectura (/demo) › sin violaciones serious/critical de axe[2m (1.1s)[22m
  [32m✓[39m  [2m 21 [22m[chromium] › e2e/demo.spec.ts:49:3 › Demo de solo lectura (/demo) › móvil 390×844: sin scroll horizontal[2m (933ms)[22m
[api] {"level":30,"time":1788738923434,"pid":68337,"hostname":"Mac-mini-de-Javier.local","reqId":"c3f2b97c-eeb9-4e57-a4a7-5c9532968c1f","req":{"method":"POST","url":"/auth/refresh","host":"127.0.0.1:3493","remoteAddress":"127.0.0.1","remotePort":64122},"msg":"incoming request"}
[api] {"level":30,"time":1788738923436,"pid":68337,"hostname":"Mac-mini-de-Javier.local","reqId":"c3f2b97c-eeb9-4e57-a4a7-5c9532968c1f","res":{"statusCode":200},"responseTime":2.3185000000012224,"msg":"request completed"}
[api] {"level":30,"time":1788738923439,"pid":68337,"hostname":"Mac-mini-de-Javier.local","reqId":"038d9d94-0dac-489f-95a4-ab5d39609581","req":{"method":"GET","url":"/me","host":"127.0.0.1:3493","remoteAddress":"127.0.0.1","remotePort":64123},"msg":"incoming request"}
[api] {"level":30,"time":1788738923442,"pid":68337,"hostname":"Mac-mini-de-Javier.local","reqId":"038d9d94-0dac-489f-95a4-ab5d39609581","res":{"statusCode":200},"responseTime":2.680208000005223,"msg":"request completed"}
[api] {"level":30,"time":1788738923442,"pid":68337,"hostname":"Mac-mini-de-Javier.local","reqId":"2293390f-e103-4ef0-bcec-4d21d1b4f47a","req":{"method":"GET","url":"/organizations","host":"127.0.0.1:3493","remoteAddress":"127.0.0.1","remotePort":64124},"msg":"incoming request"}
{"level":30,"time":1788738923445,"pid":68337,"hostname":"Mac-mini-de-Javier.local","reqId":"2293390f-e103-4ef0-bcec-4d21d1b4f47a","res":{"statusCode":200},"responseTime":3.0251250000001164,"msg":"request completed"}
[api] {"level":30,"time":1788738923474,"pid":68337,"hostname":"Mac-mini-de-Javier.local","reqId":"2e1eb84c-3bb8-4ee9-a216-425555a5885d","req":{"method":"GET","url":"/tenders?limit=100","host":"127.0.0.1:3493","remoteAddress":"127.0.0.1","remotePort":64130},"msg":"incoming request"}
[api] {"level":30,"time":1788738923476,"pid":68337,"hostname":"Mac-mini-de-Javier.local","reqId":"2e1eb84c-3bb8-4ee9-a216-425555a5885d","res":{"statusCode":200},"responseTime":2.6685839999991003,"msg":"request completed"}
{"level":30,"time":1788738923477,"pid":68337,"hostname":"Mac-mini-de-Javier.local","reqId":"f066206d-944d-4483-b304-449c7dd0ac8c","req":{"method":"GET","url":"/matching/tenders","host":"127.0.0.1:3493","remoteAddress":"127.0.0.1","remotePort":64131},"msg":"incoming request"}
{"level":30,"time":1788738923481,"pid":68337,"hostname":"Mac-mini-de-Javier.local","reqId":"f066206d-944d-4483-b304-449c7dd0ac8c","res":{"statusCode":200},"responseTime":4.338958000000275,"msg":"request completed"}
{"level":30,"time":1788738923481,"pid":68337,"hostname":"Mac-mini-de-Javier.local","reqId":"93ffb513-5f39-4d9f-a60f-6b66d5853dbf","req":{"method":"GET","url":"/company/rates","host":"127.0.0.1:3493","remoteAddress":"127.0.0.1","remotePort":64132},"msg":"incoming request"}
{"level":30,"time":1788738923484,"pid":68337,"hostname":"Mac-mini-de-Javier.local","reqId":"93ffb513-5f39-4d9f-a60f-6b66d5853dbf","res":{"statusCode":200},"responseTime":2.8274579999997513,"msg":"request completed"}
{"level":30,"time":1788738923484,"pid":68337,"hostname":"Mac-mini-de-Javier.local","reqId":"52c77584-43a8-4d58-a328-3114594acb02","req":{"method":"GET","url":"/expediente/post-award-alerts","host":"127.0.0.1:3493","remoteAddress":"127.0.0.1","remotePort":64133},"msg":"incoming request"}
{"level":30,"time":1788738923487,"pid":68337,"hostname":"Mac-mini-de-Javier.local","reqId":"52c77584-43a8-4d58-a328-3114594acb02","res":{"statusCode":200},"responseTime":2.4634579999983544,"msg":"request completed"}
{"level":30,"time":1788738923487,"pid":68337,"hostname":"Mac-mini-de-Javier.local","reqId":"a21046eb-b385-485d-80e2-9baae4b49591","req":{"method":"GET","url":"/audit-log","host":"127.0.0.1:3493","remoteAddress":"127.0.0.1","remotePort":64134},"msg":"incoming request"}
{"level":30,"time":1788738923491,"pid":68337,"hostname":"Mac-mini-de-Javier.local","reqId":"a21046eb-b385-485d-80e2-9baae4b49591","res":{"statusCode":200},"responseTime":4.495792000001529,"msg":"request completed"}
{"level":30,"time":1788738923491,"pid":68337,"hostname":"Mac-mini-de-Javier.local","reqId":"b29c6542-9b1e-4040-80ea-e2d05f48634f","req":{"method":"GET","url":"/company/profile","host":"127.0.0.1:3493","remoteAddress":"127.0.0.1","remotePort":64135},"msg":"incoming request"}
{"level":30,"time":1788738923495,"pid":68337,"hostname":"Mac-mini-de-Javier.local","reqId":"b29c6542-9b1e-4040-80ea-e2d05f48634f","res":{"statusCode":200},"responseTime":3.772292000001471,"msg":"request completed"}
[api] {"level":30,"time":1788738923500,"pid":68337,"hostname":"Mac-mini-de-Javier.local","reqId":"dcd7fc7d-ef6a-4641-ac6b-6870266d7e19","req":{"method":"GET","url":"/company/documents","host":"127.0.0.1:3493","remoteAddress":"127.0.0.1","remotePort":64137},"msg":"incoming request"}
[api] {"level":30,"time":1788738923502,"pid":68337,"hostname":"Mac-mini-de-Javier.local","reqId":"dcd7fc7d-ef6a-4641-ac6b-6870266d7e19","res":{"statusCode":200},"responseTime":2.1729170000035083,"msg":"request completed"}
[api] {"level":30,"time":1788738923502,"pid":68337,"hostname":"Mac-mini-de-Javier.local","reqId":"d2817784-17c5-439f-a5c4-a2574f4e0677","req":{"method":"GET","url":"/tenders?limit=1","host":"127.0.0.1:3493","remoteAddress":"127.0.0.1","remotePort":64139},"msg":"incoming request"}
{"level":30,"time":1788738923505,"pid":68337,"hostname":"Mac-mini-de-Javier.local","reqId":"d2817784-17c5-439f-a5c4-a2574f4e0677","res":{"statusCode":200},"responseTime":2.372292000000016,"msg":"request completed"}
[api] {"level":30,"time":1788738923505,"pid":68337,"hostname":"Mac-mini-de-Javier.local","reqId":"cb0a3b0d-2189-4a34-93bd-0cc2c14bb676","req":{"method":"GET","url":"/auth/2fa/status","host":"127.0.0.1:3493","remoteAddress":"127.0.0.1","remotePort":64141},"msg":"incoming request"}
{"level":30,"time":1788738923506,"pid":68337,"hostname":"Mac-mini-de-Javier.local","reqId":"cb0a3b0d-2189-4a34-93bd-0cc2c14bb676","res":{"statusCode":200},"responseTime":1.2419999999983702,"msg":"request completed"}
[api] {"level":30,"time":1788738924316,"pid":68337,"hostname":"Mac-mini-de-Javier.local","reqId":"8b5f40d4-4b43-42ea-ac7e-23530d4f3766","req":{"method":"GET","url":"/tenders?limit=100","host":"127.0.0.1:3493","remoteAddress":"127.0.0.1","remotePort":64168},"msg":"incoming request"}
[api] {"level":30,"time":1788738924318,"pid":68337,"hostname":"Mac-mini-de-Javier.local","reqId":"8b5f40d4-4b43-42ea-ac7e-23530d4f3766","res":{"statusCode":200},"responseTime":2.1003750000018044,"msg":"request completed"}
{"level":30,"time":1788738924318,"pid":68337,"hostname":"Mac-mini-de-Javier.local","reqId":"06f36e6d-9f44-4995-b3d0-9666cb9cb276","req":{"method":"GET","url":"/matching/tenders","host":"127.0.0.1:3493","remoteAddress":"127.0.0.1","remotePort":64169},"msg":"incoming request"}
{"level":30,"time":1788738924322,"pid":68337,"hostname":"Mac-mini-de-Javier.local","reqId":"06f36e6d-9f44-4995-b3d0-9666cb9cb276","res":{"statusCode":200},"responseTime":4.212750000006054,"msg":"request completed"}
{"level":30,"time":1788738924322,"pid":68337,"hostname":"Mac-mini-de-Javier.local","reqId":"470ae3f1-aaa9-439c-b6fc-c44d01bcdb5e","req":{"method":"GET","url":"/company/rates","host":"127.0.0.1:3493","remoteAddress":"127.0.0.1","remotePort":64170},"msg":"incoming request"}
{"level":30,"time":1788738924324,"pid":68337,"hostname":"Mac-mini-de-Javier.local","reqId":"470ae3f1-aaa9-439c-b6fc-c44d01bcdb5e","res":{"statusCode":200},"responseTime":1.6577919999981532,"msg":"request completed"}
{"level":30,"time":1788738924324,"pid":68337,"hostname":"Mac-mini-de-Javier.local","reqId":"ee23f156-ed73-4844-9baa-b0a61107fbef","req":{"method":"GET","url":"/expediente/post-award-alerts","host":"127.0.0.1:3493","remoteAddress":"127.0.0.1","remotePort":64171},"msg":"incoming request"}
{"level":30,"time":1788738924326,"pid":68337,"hostname":"Mac-mini-de-Javier.local","reqId":"ee23f156-ed73-4844-9baa-b0a61107fbef","res":{"statusCode":200},"responseTime":1.5400420000005397,"msg":"request completed"}
{"level":30,"time":1788738924326,"pid":68337,"hostname":"Mac-mini-de-Javier.local","reqId":"fb09e403-62ff-47f0-a3e7-ae9be3f82893","req":{"method":"GET","url":"/audit-log","host":"127.0.0.1:3493","remoteAddress":"127.0.0.1","remotePort":64172},"msg":"incoming request"}
{"level":30,"time":1788738924330,"pid":68337,"hostname":"Mac-mini-de-Javier.local","reqId":"fb09e403-62ff-47f0-a3e7-ae9be3f82893","res":{"statusCode":200},"responseTime":3.1789590000043972,"msg":"request completed"}
{"level":30,"time":1788738924330,"pid":68337,"hostname":"Mac-mini-de-Javier.local","reqId":"dd22bc6e-d842-4508-9cfa-10af0ff9eb40","req":{"method":"GET","url":"/company/profile","host":"127.0.0.1:3493","remoteAddress":"127.0.0.1","remotePort":64173},"msg":"incoming request"}
{"level":30,"time":1788738924332,"pid":68337,"hostname":"Mac-mini-de-Javier.local","reqId":"dd22bc6e-d842-4508-9cfa-10af0ff9eb40","res":{"statusCode":200},"responseTime":2.162791999995534,"msg":"request completed"}
[api] {"level":30,"time":1788738924333,"pid":68337,"hostname":"Mac-mini-de-Javier.local","reqId":"4866fe8c-c452-4eda-9661-ec1fd55668b6","req":{"method":"GET","url":"/company/documents","host":"127.0.0.1:3493","remoteAddress":"127.0.0.1","remotePort":64175},"msg":"incoming request"}
[api] {"level":30,"time":1788738924334,"pid":68337,"hostname":"Mac-mini-de-Javier.local","reqId":"4866fe8c-c452-4eda-9661-ec1fd55668b6","res":{"statusCode":200},"responseTime":1.6572080000041751,"msg":"request completed"}
[api] {"level":30,"time":1788738924334,"pid":68337,"hostname":"Mac-mini-de-Javier.local","reqId":"c0cf3271-3f08-4d82-91c0-361a88309d13","req":{"method":"GET","url":"/tenders?limit=1","host":"127.0.0.1:3493","remoteAddress":"127.0.0.1","remotePort":64177},"msg":"incoming request"}
{"level":30,"time":1788738924336,"pid":68337,"hostname":"Mac-mini-de-Javier.local","reqId":"c0cf3271-3f08-4d82-91c0-361a88309d13","res":{"statusCode":200},"responseTime":1.815333999998984,"msg":"request completed"}
[api] {"level":30,"time":1788738924513,"pid":68337,"hostname":"Mac-mini-de-Javier.local","reqId":"c4db435d-9aa4-4e3f-b6f4-7069a82764e1","req":{"method":"POST","url":"/auth/refresh","host":"127.0.0.1:3493","remoteAddress":"127.0.0.1","remotePort":64190},"msg":"incoming request"}
[api] {"level":30,"time":1788738924515,"pid":68337,"hostname":"Mac-mini-de-Javier.local","reqId":"c4db435d-9aa4-4e3f-b6f4-7069a82764e1","res":{"statusCode":200},"responseTime":1.8582080000051064,"msg":"request completed"}
[api] {"level":30,"time":1788738924518,"pid":68337,"hostname":"Mac-mini-de-Javier.local","reqId":"52a39fc4-9398-43b7-93e5-117c0aa729e3","req":{"method":"GET","url":"/me","host":"127.0.0.1:3493","remoteAddress":"127.0.0.1","remotePort":64193},"msg":"incoming request"}
[api] {"level":30,"time":1788738924520,"pid":68337,"hostname":"Mac-mini-de-Javier.local","reqId":"52a39fc4-9398-43b7-93e5-117c0aa729e3","res":{"statusCode":200},"responseTime":1.1369999999951688,"msg":"request completed"}
{"level":30,"time":1788738924520,"pid":68337,"hostname":"Mac-mini-de-Javier.local","reqId":"740b3a4b-2b21-44b1-8258-90266443e01c","req":{"method":"GET","url":"/organizations","host":"127.0.0.1:3493","remoteAddress":"127.0.0.1","remotePort":64194},"msg":"incoming request"}
{"level":30,"time":1788738924521,"pid":68337,"hostname":"Mac-mini-de-Javier.local","reqId":"740b3a4b-2b21-44b1-8258-90266443e01c","res":{"statusCode":200},"responseTime":1.1598329999978887,"msg":"request completed"}
[api] {"level":30,"time":1788738924547,"pid":68337,"hostname":"Mac-mini-de-Javier.local","reqId":"8d61c821-cdc1-47d7-a392-82907dd2dfb9","req":{"method":"GET","url":"/company/signatories","host":"127.0.0.1:3493","remoteAddress":"127.0.0.1","remotePort":64200},"msg":"incoming request"}
[api] {"level":30,"time":1788738924550,"pid":68337,"hostname":"Mac-mini-de-Javier.local","reqId":"8d61c821-cdc1-47d7-a392-82907dd2dfb9","res":{"statusCode":200},"responseTime":3.138999999995576,"msg":"request completed"}
[api] {"level":30,"time":1788738925112,"pid":68337,"hostname":"Mac-mini-de-Javier.local","reqId":"a2b66ea7-6a80-4d74-bc4d-230701ba98a7","req":{"method":"POST","url":"/company/signatories","host":"127.0.0.1:3493","remoteAddress":"127.0.0.1","remotePort":64206},"msg":"incoming request"}
[api] {"level":30,"time":1788738925117,"pid":68337,"hostname":"Mac-mini-de-Javier.local","reqId":"a2b66ea7-6a80-4d74-bc4d-230701ba98a7","res":{"statusCode":201},"responseTime":4.42949999999837,"msg":"request completed"}
[api] {"level":30,"time":1788738925126,"pid":68337,"hostname":"Mac-mini-de-Javier.local","reqId":"5f579f48-ab28-404f-a60a-afc1ce8ce6b5","req":{"method":"GET","url":"/company/signatories","host":"127.0.0.1:3493","remoteAddress":"127.0.0.1","remotePort":64207},"msg":"incoming request"}
[api] {"level":30,"time":1788738925129,"pid":68337,"hostname":"Mac-mini-de-Javier.local","reqId":"5f579f48-ab28-404f-a60a-afc1ce8ce6b5","res":{"statusCode":200},"responseTime":2.77324999999837,"msg":"request completed"}
  [32m✓[39m  [2m 22 [22m[chromium] › e2e/expediente-flujo-completo.spec.ts:85:3 › Expediente — flujo completo real (ronda 5) › preparación: admin agrega un firmante autorizado en la organización C[2m (1.8s)[22m
[api] {"level":30,"time":1788738925209,"pid":68337,"hostname":"Mac-mini-de-Javier.local","reqId":"b455a5b6-5842-45e3-8293-5fbf4bc88a60","req":{"method":"POST","url":"/auth/refresh","host":"127.0.0.1:3493","remoteAddress":"127.0.0.1","remotePort":64209},"msg":"incoming request"}
[api] {"level":30,"time":1788738925212,"pid":68337,"hostname":"Mac-mini-de-Javier.local","reqId":"b455a5b6-5842-45e3-8293-5fbf4bc88a60","res":{"statusCode":200},"responseTime":2.885792000000947,"msg":"request completed"}
[api] {"level":30,"time":1788738925214,"pid":68337,"hostname":"Mac-mini-de-Javier.local","reqId":"3f046430-1006-476f-9aad-030db041abff","req":{"method":"GET","url":"/me","host":"127.0.0.1:3493","remoteAddress":"127.0.0.1","remotePort":64210},"msg":"incoming request"}
[api] {"level":30,"time":1788738925215,"pid":68337,"hostname":"Mac-mini-de-Javier.local","reqId":"3f046430-1006-476f-9aad-030db041abff","res":{"statusCode":200},"responseTime":1.190958999999566,"msg":"request completed"}
[api] {"level":30,"time":1788738925215,"pid":68337,"hostname":"Mac-mini-de-Javier.local","reqId":"7005bfdc-6f25-48f1-809f-267cac7e045e","req":{"method":"GET","url":"/organizations","host":"127.0.0.1:3493","remoteAddress":"127.0.0.1","remotePort":64211},"msg":"incoming request"}
{"level":30,"time":1788738925217,"pid":68337,"hostname":"Mac-mini-de-Javier.local","reqId":"7005bfdc-6f25-48f1-809f-267cac7e045e","res":{"statusCode":200},"responseTime":1.4879999999975553,"msg":"request completed"}
[api] {"level":30,"time":1788738925244,"pid":68337,"hostname":"Mac-mini-de-Javier.local","reqId":"a4870f29-5b22-4009-a03b-c190eaf007e7","req":{"method":"GET","url":"/tenders?limit=100","host":"127.0.0.1:3493","remoteAddress":"127.0.0.1","remotePort":64219},"msg":"incoming request"}
[api] {"level":30,"time":1788738925248,"pid":68337,"hostname":"Mac-mini-de-Javier.local","reqId":"a4870f29-5b22-4009-a03b-c190eaf007e7","res":{"statusCode":200},"responseTime":3.213041000002704,"msg":"request completed"}
{"level":30,"time":1788738925248,"pid":68337,"hostname":"Mac-mini-de-Javier.local","reqId":"d5a52cd1-2a9b-4709-8be0-bfa9af8646ce","req":{"method":"GET","url":"/matching/tenders","host":"127.0.0.1:3493","remoteAddress":"127.0.0.1","remotePort":64220},"msg":"incoming request"}
{"level":30,"time":1788738925252,"pid":68337,"hostname":"Mac-mini-de-Javier.local","reqId":"d5a52cd1-2a9b-4709-8be0-bfa9af8646ce","res":{"statusCode":200},"responseTime":4.480958000000101,"msg":"request completed"}
{"level":30,"time":1788738925252,"pid":68337,"hostname":"Mac-mini-de-Javier.local","reqId":"6cc78ce9-e8e5-466d-bfe0-2d76a36b3877","req":{"method":"GET","url":"/company/rates","host":"127.0.0.1:3493","remoteAddress":"127.0.0.1","remotePort":64221},"msg":"incoming request"}
{"level":30,"time":1788738925255,"pid":68337,"hostname":"Mac-mini-de-Javier.local","reqId":"6cc78ce9-e8e5-466d-bfe0-2d76a36b3877","res":{"statusCode":200},"responseTime":3.0089999999981956,"msg":"request completed"}
{"level":30,"time":1788738925255,"pid":68337,"hostname":"Mac-mini-de-Javier.local","reqId":"7e84bb27-fdc2-483d-a4f3-d04338184e07","req":{"method":"GET","url":"/expediente/post-award-alerts","host":"127.0.0.1:3493","remoteAddress":"127.0.0.1","remotePort":64222},"msg":"incoming request"}
{"level":30,"time":1788738925258,"pid":68337,"hostname":"Mac-mini-de-Javier.local","reqId":"7e84bb27-fdc2-483d-a4f3-d04338184e07","res":{"statusCode":200},"responseTime":2.506915999998455,"msg":"request completed"}
{"level":30,"time":1788738925258,"pid":68337,"hostname":"Mac-mini-de-Javier.local","reqId":"a1c01c40-d2ba-4fcd-81da-b3aa6cae5b20","req":{"method":"GET","url":"/audit-log","host":"127.0.0.1:3493","remoteAddress":"127.0.0.1","remotePort":64223},"msg":"incoming request"}
{"level":30,"time":1788738925263,"pid":68337,"hostname":"Mac-mini-de-Javier.local","reqId":"a1c01c40-d2ba-4fcd-81da-b3aa6cae5b20","res":{"statusCode":200},"responseTime":4.523750000000291,"msg":"request completed"}
{"level":30,"time":1788738925263,"pid":68337,"hostname":"Mac-mini-de-Javier.local","reqId":"f21afb0b-84dc-4585-9857-da6c286c3f51","req":{"method":"GET","url":"/company/profile","host":"127.0.0.1:3493","remoteAddress":"127.0.0.1","remotePort":64224},"msg":"incoming request"}
{"level":30,"time":1788738925268,"pid":68337,"hostname":"Mac-mini-de-Javier.local","reqId":"f21afb0b-84dc-4585-9857-da6c286c3f51","res":{"statusCode":200},"responseTime":5.352207999996608,"msg":"request completed"}
[api] {"level":30,"time":1788738925270,"pid":68337,"hostname":"Mac-mini-de-Javier.local","reqId":"ccd49ef0-1076-4a4a-be40-89c45474e2f2","req":{"method":"GET","url":"/company/documents","host":"127.0.0.1:3493","remoteAddress":"127.0.0.1","remotePort":64226},"msg":"incoming request"}
[api] {"level":30,"time":1788738925278,"pid":68337,"hostname":"Mac-mini-de-Javier.local","reqId":"ccd49ef0-1076-4a4a-be40-89c45474e2f2","res":{"statusCode":200},"responseTime":8.320041999999376,"msg":"request completed"}
[api] {"level":30,"time":1788738925278,"pid":68337,"hostname":"Mac-mini-de-Javier.local","reqId":"5a404ccf-00af-4760-8698-6a1cb0c1235f","req":{"method":"GET","url":"/tenders?limit=1","host":"127.0.0.1:3493","remoteAddress":"127.0.0.1","remotePort":64228},"msg":"incoming request"}
{"level":30,"time":1788738925285,"pid":68337,"hostname":"Mac-mini-de-Javier.local","reqId":"5a404ccf-00af-4760-8698-6a1cb0c1235f","res":{"statusCode":200},"responseTime":7.001292000000831,"msg":"request completed"}
[api] {"level":30,"time":1788738925286,"pid":68337,"hostname":"Mac-mini-de-Javier.local","reqId":"4f14abc1-f0d1-41f8-88f5-a0076f2624ab","req":{"method":"GET","url":"/auth/2fa/status","host":"127.0.0.1:3493","remoteAddress":"127.0.0.1","remotePort":64231},"msg":"incoming request"}
{"level":30,"time":1788738925288,"pid":68337,"hostname":"Mac-mini-de-Javier.local","reqId":"4f14abc1-f0d1-41f8-88f5-a0076f2624ab","res":{"statusCode":200},"responseTime":2.5207079999963753,"msg":"request completed"}
[api] {"level":30,"time":1788738925821,"pid":68337,"hostname":"Mac-mini-de-Javier.local","reqId":"72d1ee44-2e3c-493a-b729-3e42be0e7ecd","req":{"method":"POST","url":"/auth/refresh","host":"127.0.0.1:3493","remoteAddress":"127.0.0.1","remotePort":64244},"msg":"incoming request"}
[api] {"level":30,"time":1788738925823,"pid":68337,"hostname":"Mac-mini-de-Javier.local","reqId":"72d1ee44-2e3c-493a-b729-3e42be0e7ecd","res":{"statusCode":200},"responseTime":1.8520409999982803,"msg":"request completed"}
[api] {"level":30,"time":1788738925826,"pid":68337,"hostname":"Mac-mini-de-Javier.local","reqId":"04ca540f-86a5-498d-89d4-cdc26b183254","req":{"method":"GET","url":"/me","host":"127.0.0.1:3493","remoteAddress":"127.0.0.1","remotePort":64245},"msg":"incoming request"}
[api] {"level":30,"time":1788738925827,"pid":68337,"hostname":"Mac-mini-de-Javier.local","reqId":"04ca540f-86a5-498d-89d4-cdc26b183254","res":{"statusCode":200},"responseTime":1.1532919999954174,"msg":"request completed"}
{"level":30,"time":1788738925827,"pid":68337,"hostname":"Mac-mini-de-Javier.local","reqId":"c3b6b83b-e3e7-435f-babf-f013b75c05fd","req":{"method":"GET","url":"/organizations","host":"127.0.0.1:3493","remoteAddress":"127.0.0.1","remotePort":64246},"msg":"incoming request"}
{"level":30,"time":1788738925829,"pid":68337,"hostname":"Mac-mini-de-Javier.local","reqId":"c3b6b83b-e3e7-435f-babf-f013b75c05fd","res":{"statusCode":200},"responseTime":1.2672079999974812,"msg":"request completed"}
[api] {"level":30,"time":1788738925848,"pid":68337,"hostname":"Mac-mini-de-Javier.local","reqId":"f3db9f71-065f-415f-866f-0afe0d8a27b1","req":{"method":"GET","url":"/auth/2fa/status","host":"127.0.0.1:3493","remoteAddress":"127.0.0.1","remotePort":64252},"msg":"incoming request"}
[api] {"level":30,"time":1788738925849,"pid":68337,"hostname":"Mac-mini-de-Javier.local","reqId":"f3db9f71-065f-415f-866f-0afe0d8a27b1","res":{"statusCode":200},"responseTime":1.4985000000015134,"msg":"request completed"}
{"level":30,"time":1788738925849,"pid":68337,"hostname":"Mac-mini-de-Javier.local","reqId":"1a6df8c6-b508-4d16-a7e7-ba4aa4728e2d","req":{"method":"GET","url":"/company/rates","host":"127.0.0.1:3493","remoteAddress":"127.0.0.1","remotePort":64253},"msg":"incoming request"}
{"level":30,"time":1788738925852,"pid":68337,"hostname":"Mac-mini-de-Javier.local","reqId":"1a6df8c6-b508-4d16-a7e7-ba4aa4728e2d","res":{"statusCode":200},"responseTime":2.30595799999719,"msg":"request completed"}
[api] {"level":30,"time":1788738926421,"pid":68337,"hostname":"Mac-mini-de-Javier.local","reqId":"e8ce7338-cf3c-4d0f-9ea8-229fd6334de8","req":{"method":"POST","url":"/company/rates","host":"127.0.0.1:3493","remoteAddress":"127.0.0.1","remotePort":64264},"msg":"incoming request"}
[api] {"level":30,"time":1788738926426,"pid":68337,"hostname":"Mac-mini-de-Javier.local","reqId":"e8ce7338-cf3c-4d0f-9ea8-229fd6334de8","res":{"statusCode":201},"responseTime":5.008125000000291,"msg":"request completed"}
[api] {"level":30,"time":1788738926446,"pid":68337,"hostname":"Mac-mini-de-Javier.local","reqId":"e50d197c-d14e-4129-9b83-a04ad07ce438","req":{"method":"GET","url":"/company/rates","host":"127.0.0.1:3493","remoteAddress":"127.0.0.1","remotePort":64265},"msg":"incoming request"}
[api] {"level":30,"time":1788738926449,"pid":68337,"hostname":"Mac-mini-de-Javier.local","reqId":"e50d197c-d14e-4129-9b83-a04ad07ce438","res":{"statusCode":200},"responseTime":2.9077089999991586,"msg":"request completed"}
[api] {"level":30,"time":1788738927457,"pid":68337,"hostname":"Mac-mini-de-Javier.local","reqId":"fdfb4fd6-a09f-4fed-98ea-540548c80e82","req":{"method":"POST","url":"/auth/2fa/step-up","host":"127.0.0.1:3493","remoteAddress":"127.0.0.1","remotePort":64286},"msg":"incoming request"}
[api] {"level":30,"time":1788738927466,"pid":68337,"hostname":"Mac-mini-de-Javier.local","reqId":"fdfb4fd6-a09f-4fed-98ea-540548c80e82","res":{"statusCode":201},"responseTime":8.409041999999317,"msg":"request completed"}
[api] {"level":30,"time":1788738927468,"pid":68337,"hostname":"Mac-mini-de-Javier.local","reqId":"945e7dce-7a64-4d01-b3bc-75c5e6e9916f","req":{"method":"POST","url":"/company/rates/45df3262-6e4e-40a7-8aeb-de058ae06c00/approve","host":"127.0.0.1:3493","remoteAddress":"127.0.0.1","remotePort":64287},"msg":"incoming request"}
[api] {"level":30,"time":1788738927474,"pid":68337,"hostname":"Mac-mini-de-Javier.local","reqId":"945e7dce-7a64-4d01-b3bc-75c5e6e9916f","res":{"statusCode":200},"responseTime":5.88524999999936,"msg":"request completed"}
[api] {"level":30,"time":1788738927476,"pid":68337,"hostname":"Mac-mini-de-Javier.local","reqId":"f232baf0-901a-4d63-ab62-01f241b1e038","req":{"method":"GET","url":"/company/rates","host":"127.0.0.1:3493","remoteAddress":"127.0.0.1","remotePort":64289},"msg":"incoming request"}
[api] {"level":30,"time":1788738927478,"pid":68337,"hostname":"Mac-mini-de-Javier.local","reqId":"f232baf0-901a-4d63-ab62-01f241b1e038","res":{"statusCode":200},"responseTime":2.253041000003577,"msg":"request completed"}
  [32m✓[39m  [2m 23 [22m[chromium] › e2e/expediente-flujo-completo.spec.ts:97:3 › Expediente — flujo completo real (ronda 5) › preparación: admin propone y aprueba una tarifa con step-up 2FA (dato real para la propuesta económica)[2m (2.5s)[22m
[api] {"level":30,"time":1788738927709,"pid":68337,"hostname":"Mac-mini-de-Javier.local","reqId":"c491870e-2a5f-485c-b865-d7fb33b46742","req":{"method":"POST","url":"/auth/refresh","host":"127.0.0.1:3493","remoteAddress":"127.0.0.1","remotePort":64296},"msg":"incoming request"}
[api] {"level":30,"time":1788738927710,"pid":68337,"hostname":"Mac-mini-de-Javier.local","reqId":"c491870e-2a5f-485c-b865-d7fb33b46742","res":{"statusCode":200},"responseTime":1.843709000000672,"msg":"request completed"}
[api] {"level":30,"time":1788738927712,"pid":68337,"hostname":"Mac-mini-de-Javier.local","reqId":"3c7caa84-3337-458e-b42c-f0504400a25e","req":{"method":"GET","url":"/me","host":"127.0.0.1:3493","remoteAddress":"127.0.0.1","remotePort":64297},"msg":"incoming request"}
[api] {"level":30,"time":1788738927713,"pid":68337,"hostname":"Mac-mini-de-Javier.local","reqId":"3c7caa84-3337-458e-b42c-f0504400a25e","res":{"statusCode":200},"responseTime":0.8936670000039157,"msg":"request completed"}
{"level":30,"time":1788738927713,"pid":68337,"hostname":"Mac-mini-de-Javier.local","reqId":"edfcd7b8-29cd-47f7-a1a3-c60660c6f604","req":{"method":"GET","url":"/organizations","host":"127.0.0.1:3493","remoteAddress":"127.0.0.1","remotePort":64298},"msg":"incoming request"}
{"level":30,"time":1788738927715,"pid":68337,"hostname":"Mac-mini-de-Javier.local","reqId":"edfcd7b8-29cd-47f7-a1a3-c60660c6f604","res":{"statusCode":200},"responseTime":1.2349580000009155,"msg":"request completed"}
[api] {"level":30,"time":1788738927740,"pid":68337,"hostname":"Mac-mini-de-Javier.local","reqId":"258b5071-74c9-4197-85e2-42ea7d8d8881","req":{"method":"GET","url":"/tenders?limit=100","host":"127.0.0.1:3493","remoteAddress":"127.0.0.1","remotePort":64304},"msg":"incoming request"}
[api] {"level":30,"time":1788738927743,"pid":68337,"hostname":"Mac-mini-de-Javier.local","reqId":"258b5071-74c9-4197-85e2-42ea7d8d8881","res":{"statusCode":200},"responseTime":2.8454170000040904,"msg":"request completed"}
{"level":30,"time":1788738927743,"pid":68337,"hostname":"Mac-mini-de-Javier.local","reqId":"4d82d26f-09fd-4f0b-8d6d-763d91544712","req":{"method":"GET","url":"/matching/tenders","host":"127.0.0.1:3493","remoteAddress":"127.0.0.1","remotePort":64305},"msg":"incoming request"}
{"level":30,"time":1788738927747,"pid":68337,"hostname":"Mac-mini-de-Javier.local","reqId":"4d82d26f-09fd-4f0b-8d6d-763d91544712","res":{"statusCode":200},"responseTime":3.817542000004323,"msg":"request completed"}
{"level":30,"time":1788738927747,"pid":68337,"hostname":"Mac-mini-de-Javier.local","reqId":"9ab7c215-ea8d-454f-a0e1-3692e0c51e5b","req":{"method":"GET","url":"/company/rates","host":"127.0.0.1:3493","remoteAddress":"127.0.0.1","remotePort":64306},"msg":"incoming request"}
{"level":30,"time":1788738927750,"pid":68337,"hostname":"Mac-mini-de-Javier.local","reqId":"9ab7c215-ea8d-454f-a0e1-3692e0c51e5b","res":{"statusCode":200},"responseTime":2.9403329999986454,"msg":"request completed"}
{"level":30,"time":1788738927751,"pid":68337,"hostname":"Mac-mini-de-Javier.local","reqId":"011b3dbc-e564-46ec-896e-556eb9e7d46f","req":{"method":"GET","url":"/expediente/post-award-alerts","host":"127.0.0.1:3493","remoteAddress":"127.0.0.1","remotePort":64307},"msg":"incoming request"}
{"level":30,"time":1788738927753,"pid":68337,"hostname":"Mac-mini-de-Javier.local","reqId":"011b3dbc-e564-46ec-896e-556eb9e7d46f","res":{"statusCode":200},"responseTime":1.9055410000000848,"msg":"request completed"}
{"level":30,"time":1788738927753,"pid":68337,"hostname":"Mac-mini-de-Javier.local","reqId":"0ffc3dd7-8c5f-486b-bcb7-e86013a813fd","req":{"method":"GET","url":"/audit-log","host":"127.0.0.1:3493","remoteAddress":"127.0.0.1","remotePort":64308},"msg":"incoming request"}
{"level":30,"time":1788738927755,"pid":68337,"hostname":"Mac-mini-de-Javier.local","reqId":"0ffc3dd7-8c5f-486b-bcb7-e86013a813fd","res":{"statusCode":200},"responseTime":2.2379579999978887,"msg":"request completed"}
[api] {"level":30,"time":1788738927756,"pid":68337,"hostname":"Mac-mini-de-Javier.local","reqId":"bf0ed1d9-d83c-4efa-9179-5b5c4c091e58","req":{"method":"GET","url":"/company/profile","host":"127.0.0.1:3493","remoteAddress":"127.0.0.1","remotePort":64309},"msg":"incoming request"}
[api] {"level":30,"time":1788738927757,"pid":68337,"hostname":"Mac-mini-de-Javier.local","reqId":"bf0ed1d9-d83c-4efa-9179-5b5c4c091e58","res":{"statusCode":200},"responseTime":1.6817919999957667,"msg":"request completed"}
[api] {"level":30,"time":1788738927757,"pid":68337,"hostname":"Mac-mini-de-Javier.local","reqId":"3a07c46b-3202-4166-b213-265360a6b690","req":{"method":"GET","url":"/company/documents","host":"127.0.0.1:3493","remoteAddress":"127.0.0.1","remotePort":64311},"msg":"incoming request"}
{"level":30,"time":1788738927760,"pid":68337,"hostname":"Mac-mini-de-Javier.local","reqId":"3a07c46b-3202-4166-b213-265360a6b690","res":{"statusCode":200},"responseTime":2.8672090000036405,"msg":"request completed"}
[api] {"level":30,"time":1788738927761,"pid":68337,"hostname":"Mac-mini-de-Javier.local","reqId":"ee18c574-3431-4153-a155-28d86ffe3c59","req":{"method":"GET","url":"/tenders?limit=1","host":"127.0.0.1:3493","remoteAddress":"127.0.0.1","remotePort":64313},"msg":"incoming request"}
{"level":30,"time":1788738927764,"pid":68337,"hostname":"Mac-mini-de-Javier.local","reqId":"ee18c574-3431-4153-a155-28d86ffe3c59","res":{"statusCode":200},"responseTime":2.67108300000109,"msg":"request completed"}
[api] {"level":30,"time":1788738927764,"pid":68337,"hostname":"Mac-mini-de-Javier.local","reqId":"1883ec0f-bd41-4f4b-a1f2-7e0c75112ad3","req":{"method":"GET","url":"/auth/2fa/status","host":"127.0.0.1:3493","remoteAddress":"127.0.0.1","remotePort":64315},"msg":"incoming request"}
{"level":30,"time":1788738927766,"pid":68337,"hostname":"Mac-mini-de-Javier.local","reqId":"1883ec0f-bd41-4f4b-a1f2-7e0c75112ad3","res":{"statusCode":200},"responseTime":2.2784170000013546,"msg":"request completed"}
[api] {"level":30,"time":1788738928312,"pid":68337,"hostname":"Mac-mini-de-Javier.local","reqId":"ed0fb9ab-3515-40a9-bde7-bbfa58201ef2","req":{"method":"POST","url":"/auth/refresh","host":"127.0.0.1:3493","remoteAddress":"127.0.0.1","remotePort":64336},"msg":"incoming request"}
[api] {"level":30,"time":1788738928314,"pid":68337,"hostname":"Mac-mini-de-Javier.local","reqId":"ed0fb9ab-3515-40a9-bde7-bbfa58201ef2","res":{"statusCode":200},"responseTime":1.9439999999958673,"msg":"request completed"}
[api] {"level":30,"time":1788738928318,"pid":68337,"hostname":"Mac-mini-de-Javier.local","reqId":"7bfc3edc-1ded-4fcd-95e2-5163af980b15","req":{"method":"GET","url":"/me","host":"127.0.0.1:3493","remoteAddress":"127.0.0.1","remotePort":64337},"msg":"incoming request"}
[api] {"level":30,"time":1788738928319,"pid":68337,"hostname":"Mac-mini-de-Javier.local","reqId":"7bfc3edc-1ded-4fcd-95e2-5163af980b15","res":{"statusCode":200},"responseTime":1.1372499999997672,"msg":"request completed"}
{"level":30,"time":1788738928319,"pid":68337,"hostname":"Mac-mini-de-Javier.local","reqId":"aee1c6e6-acf9-4c2f-a330-75b3987956be","req":{"method":"GET","url":"/organizations","host":"127.0.0.1:3493","remoteAddress":"127.0.0.1","remotePort":64338},"msg":"incoming request"}
{"level":30,"time":1788738928320,"pid":68337,"hostname":"Mac-mini-de-Javier.local","reqId":"aee1c6e6-acf9-4c2f-a330-75b3987956be","res":{"statusCode":200},"responseTime":1.1425000000017462,"msg":"request completed"}
[api] {"level":30,"time":1788738928334,"pid":68337,"hostname":"Mac-mini-de-Javier.local","reqId":"166ac48f-1055-4dd3-b0c7-98dd3db7b6b2","req":{"method":"GET","url":"/tenders?limit=50","host":"127.0.0.1:3493","remoteAddress":"127.0.0.1","remotePort":64344},"msg":"incoming request"}
[api] {"level":30,"time":1788738928336,"pid":68337,"hostname":"Mac-mini-de-Javier.local","reqId":"166ac48f-1055-4dd3-b0c7-98dd3db7b6b2","res":{"statusCode":200},"responseTime":1.9728329999998095,"msg":"request completed"}
[api] {"level":30,"time":1788738929179,"pid":68337,"hostname":"Mac-mini-de-Javier.local","reqId":"56256b31-bb0b-483b-b399-d416457aff34","req":{"method":"GET","url":"/expediente/tenders/ccce845a-4944-4bcf-8fbb-ef3868d1bedb/documents","host":"127.0.0.1:3493","remoteAddress":"127.0.0.1","remotePort":64361},"msg":"incoming request"}
[api] {"level":30,"time":1788738929183,"pid":68337,"hostname":"Mac-mini-de-Javier.local","reqId":"56256b31-bb0b-483b-b399-d416457aff34","res":{"statusCode":200},"responseTime":3.2013329999972484,"msg":"request completed"}
[api] {"level":30,"time":1788738929441,"pid":68337,"hostname":"Mac-mini-de-Javier.local","reqId":"5256f2f0-ade7-4540-b6fa-1f862c8e6622","req":{"method":"POST","url":"/expediente/tenders/ccce845a-4944-4bcf-8fbb-ef3868d1bedb/documents","host":"127.0.0.1:3493","remoteAddress":"127.0.0.1","remotePort":64370},"msg":"incoming request"}
[api] {"level":30,"time":1788738929445,"pid":68337,"hostname":"Mac-mini-de-Javier.local","reqId":"5256f2f0-ade7-4540-b6fa-1f862c8e6622","res":{"statusCode":201},"responseTime":4.443417000002228,"msg":"request completed"}
[api] {"level":30,"time":1788738929447,"pid":68337,"hostname":"Mac-mini-de-Javier.local","reqId":"48edfc29-607e-49f0-bb5f-7deaff5a6794","req":{"method":"GET","url":"/expediente/tenders/ccce845a-4944-4bcf-8fbb-ef3868d1bedb/documents","host":"127.0.0.1:3493","remoteAddress":"127.0.0.1","remotePort":64371},"msg":"incoming request"}
[api] {"level":30,"time":1788738929449,"pid":68337,"hostname":"Mac-mini-de-Javier.local","reqId":"48edfc29-607e-49f0-bb5f-7deaff5a6794","res":{"statusCode":200},"responseTime":2.095792000000074,"msg":"request completed"}
[api] {"level":30,"time":1788738929494,"pid":68337,"hostname":"Mac-mini-de-Javier.local","reqId":"b50a0918-1a54-40fc-a797-73a9deb03814","req":{"method":"GET","url":"/expediente/tenders/ccce845a-4944-4bcf-8fbb-ef3868d1bedb/matrix","host":"127.0.0.1:3493","remoteAddress":"127.0.0.1","remotePort":64372},"msg":"incoming request"}
[api] {"level":30,"time":1788738929497,"pid":68337,"hostname":"Mac-mini-de-Javier.local","reqId":"b50a0918-1a54-40fc-a797-73a9deb03814","res":{"statusCode":200},"responseTime":2.5887090000032913,"msg":"request completed"}
[api] {"level":30,"time":1788738929526,"pid":68337,"hostname":"Mac-mini-de-Javier.local","reqId":"f5a0184f-d2c6-486a-8d5d-5b2e16dbb7c7","req":{"method":"POST","url":"/expediente/tenders/ccce845a-4944-4bcf-8fbb-ef3868d1bedb/matrix/build","host":"127.0.0.1:3493","remoteAddress":"127.0.0.1","remotePort":64375},"msg":"incoming request"}
[api] {"level":30,"time":1788738929531,"pid":68337,"hostname":"Mac-mini-de-Javier.local","reqId":"f5a0184f-d2c6-486a-8d5d-5b2e16dbb7c7","res":{"statusCode":200},"responseTime":4.232457999998587,"msg":"request completed"}
[api] {"level":30,"time":1788738929541,"pid":68337,"hostname":"Mac-mini-de-Javier.local","reqId":"15bd0648-66d8-44b7-b26e-bae07651e88b","req":{"method":"GET","url":"/expediente/tenders/ccce845a-4944-4bcf-8fbb-ef3868d1bedb/matrix","host":"127.0.0.1:3493","remoteAddress":"127.0.0.1","remotePort":64377},"msg":"incoming request"}
[api] {"level":30,"time":1788738929544,"pid":68337,"hostname":"Mac-mini-de-Javier.local","reqId":"15bd0648-66d8-44b7-b26e-bae07651e88b","res":{"statusCode":200},"responseTime":2.6831659999952535,"msg":"request completed"}
  [32m✓[39m  [2m 24 [22m[chromium] › e2e/expediente-flujo-completo.spec.ts:114:3 › Expediente — flujo completo real (ronda 5) › Análisis de bases: sube el documento y construye la matriz de requisitos (sin OCR necesario)[2m (2.3s)[22m
[api] {"level":30,"time":1788738930003,"pid":68337,"hostname":"Mac-mini-de-Javier.local","reqId":"368b72a5-01f2-4e8e-917c-36c99759e921","req":{"method":"POST","url":"/auth/refresh","host":"127.0.0.1:3493","remoteAddress":"127.0.0.1","remotePort":64386},"msg":"incoming request"}
[api] {"level":30,"time":1788738930006,"pid":68337,"hostname":"Mac-mini-de-Javier.local","reqId":"368b72a5-01f2-4e8e-917c-36c99759e921","res":{"statusCode":200},"responseTime":2.3745830000043497,"msg":"request completed"}
[api] {"level":30,"time":1788738930008,"pid":68337,"hostname":"Mac-mini-de-Javier.local","reqId":"070acaaa-9b4c-43ce-b4aa-4dad39f6b3b9","req":{"method":"GET","url":"/me","host":"127.0.0.1:3493","remoteAddress":"127.0.0.1","remotePort":64387},"msg":"incoming request"}
[api] {"level":30,"time":1788738930009,"pid":68337,"hostname":"Mac-mini-de-Javier.local","reqId":"070acaaa-9b4c-43ce-b4aa-4dad39f6b3b9","res":{"statusCode":200},"responseTime":1.0652499999996508,"msg":"request completed"}
{"level":30,"time":1788738930009,"pid":68337,"hostname":"Mac-mini-de-Javier.local","reqId":"d70453e3-fca3-4026-813e-ddc0f7449b73","req":{"method":"GET","url":"/organizations","host":"127.0.0.1:3493","remoteAddress":"127.0.0.1","remotePort":64388},"msg":"incoming request"}
{"level":30,"time":1788738930010,"pid":68337,"hostname":"Mac-mini-de-Javier.local","reqId":"d70453e3-fca3-4026-813e-ddc0f7449b73","res":{"statusCode":200},"responseTime":1.1147080000009737,"msg":"request completed"}
[api] {"level":30,"time":1788738930037,"pid":68337,"hostname":"Mac-mini-de-Javier.local","reqId":"f8bcc4d7-e82a-4d36-b1a5-8528f484cdda","req":{"method":"GET","url":"/tenders?limit=100","host":"127.0.0.1:3493","remoteAddress":"127.0.0.1","remotePort":64394},"msg":"incoming request"}
[api] {"level":30,"time":1788738930039,"pid":68337,"hostname":"Mac-mini-de-Javier.local","reqId":"f8bcc4d7-e82a-4d36-b1a5-8528f484cdda","res":{"statusCode":200},"responseTime":2.636792000004789,"msg":"request completed"}
{"level":30,"time":1788738930040,"pid":68337,"hostname":"Mac-mini-de-Javier.local","reqId":"26025022-1267-46c6-ada9-862af4bd904a","req":{"method":"GET","url":"/matching/tenders","host":"127.0.0.1:3493","remoteAddress":"127.0.0.1","remotePort":64395},"msg":"incoming request"}
{"level":30,"time":1788738930043,"pid":68337,"hostname":"Mac-mini-de-Javier.local","reqId":"26025022-1267-46c6-ada9-862af4bd904a","res":{"statusCode":200},"responseTime":3.6555000000007567,"msg":"request completed"}
{"level":30,"time":1788738930043,"pid":68337,"hostname":"Mac-mini-de-Javier.local","reqId":"926cd514-0712-4c2f-b80d-561638ad9fd8","req":{"method":"GET","url":"/company/rates","host":"127.0.0.1:3493","remoteAddress":"127.0.0.1","remotePort":64396},"msg":"incoming request"}
{"level":30,"time":1788738930046,"pid":68337,"hostname":"Mac-mini-de-Javier.local","reqId":"926cd514-0712-4c2f-b80d-561638ad9fd8","res":{"statusCode":200},"responseTime":2.5334169999987353,"msg":"request completed"}
{"level":30,"time":1788738930046,"pid":68337,"hostname":"Mac-mini-de-Javier.local","reqId":"9b292106-7051-4c75-81ae-6a88b477e5cc","req":{"method":"GET","url":"/expediente/post-award-alerts","host":"127.0.0.1:3493","remoteAddress":"127.0.0.1","remotePort":64397},"msg":"incoming request"}
{"level":30,"time":1788738930049,"pid":68337,"hostname":"Mac-mini-de-Javier.local","reqId":"9b292106-7051-4c75-81ae-6a88b477e5cc","res":{"statusCode":200},"responseTime":2.9822500000009313,"msg":"request completed"}
{"level":30,"time":1788738930049,"pid":68337,"hostname":"Mac-mini-de-Javier.local","reqId":"673cc7ec-ea36-424f-bcaa-c9e730acb539","req":{"method":"GET","url":"/audit-log","host":"127.0.0.1:3493","remoteAddress":"127.0.0.1","remotePort":64398},"msg":"incoming request"}
{"level":30,"time":1788738930051,"pid":68337,"hostname":"Mac-mini-de-Javier.local","reqId":"673cc7ec-ea36-424f-bcaa-c9e730acb539","res":{"statusCode":200},"responseTime":2.054249999993772,"msg":"request completed"}
[api] {"level":30,"time":1788738930051,"pid":68337,"hostname":"Mac-mini-de-Javier.local","reqId":"26b3c124-3d22-4eab-9f05-2ba8fa884a29","req":{"method":"GET","url":"/company/profile","host":"127.0.0.1:3493","remoteAddress":"127.0.0.1","remotePort":64399},"msg":"incoming request"}
{"level":30,"time":1788738930053,"pid":68337,"hostname":"Mac-mini-de-Javier.local","reqId":"26b3c124-3d22-4eab-9f05-2ba8fa884a29","res":{"statusCode":200},"responseTime":1.4035420000000158,"msg":"request completed"}
[api] {"level":30,"time":1788738930053,"pid":68337,"hostname":"Mac-mini-de-Javier.local","reqId":"2c5d40c0-5e56-4740-98df-03782bcb7487","req":{"method":"GET","url":"/company/documents","host":"127.0.0.1:3493","remoteAddress":"127.0.0.1","remotePort":64401},"msg":"incoming request"}
{"level":30,"time":1788738930054,"pid":68337,"hostname":"Mac-mini-de-Javier.local","reqId":"2c5d40c0-5e56-4740-98df-03782bcb7487","res":{"statusCode":200},"responseTime":1.4206669999985024,"msg":"request completed"}
[api] {"level":30,"time":1788738930055,"pid":68337,"hostname":"Mac-mini-de-Javier.local","reqId":"77114805-dfee-4ef7-8986-31f0f1a78302","req":{"method":"GET","url":"/tenders?limit=1","host":"127.0.0.1:3493","remoteAddress":"127.0.0.1","remotePort":64403},"msg":"incoming request"}
{"level":30,"time":1788738930057,"pid":68337,"hostname":"Mac-mini-de-Javier.local","reqId":"77114805-dfee-4ef7-8986-31f0f1a78302","res":{"statusCode":200},"responseTime":2.486124999995809,"msg":"request completed"}
[api] {"level":30,"time":1788738930058,"pid":68337,"hostname":"Mac-mini-de-Javier.local","reqId":"bc8dadcc-0319-4b20-bd6a-c6666e2a5f4a","req":{"method":"GET","url":"/auth/2fa/status","host":"127.0.0.1:3493","remoteAddress":"127.0.0.1","remotePort":64405},"msg":"incoming request"}
{"level":30,"time":1788738930060,"pid":68337,"hostname":"Mac-mini-de-Javier.local","reqId":"bc8dadcc-0319-4b20-bd6a-c6666e2a5f4a","res":{"statusCode":200},"responseTime":1.2779589999991003,"msg":"request completed"}
[api] {"level":30,"time":1788738930600,"pid":68337,"hostname":"Mac-mini-de-Javier.local","reqId":"e7453b55-e967-4069-9f96-3f4f3480474c","req":{"method":"POST","url":"/auth/refresh","host":"127.0.0.1:3493","remoteAddress":"127.0.0.1","remotePort":64412},"msg":"incoming request"}
[api] {"level":30,"time":1788738930602,"pid":68337,"hostname":"Mac-mini-de-Javier.local","reqId":"e7453b55-e967-4069-9f96-3f4f3480474c","res":{"statusCode":200},"responseTime":1.817750000001979,"msg":"request completed"}
[api] {"level":30,"time":1788738930605,"pid":68337,"hostname":"Mac-mini-de-Javier.local","reqId":"8f3a794f-a3ac-49fa-a66a-48e47435855c","req":{"method":"GET","url":"/me","host":"127.0.0.1:3493","remoteAddress":"127.0.0.1","remotePort":64413},"msg":"incoming request"}
[api] {"level":30,"time":1788738930606,"pid":68337,"hostname":"Mac-mini-de-Javier.local","reqId":"8f3a794f-a3ac-49fa-a66a-48e47435855c","res":{"statusCode":200},"responseTime":1.1010830000013812,"msg":"request completed"}
{"level":30,"time":1788738930606,"pid":68337,"hostname":"Mac-mini-de-Javier.local","reqId":"d6c5e5e7-828a-480e-bbcd-c693a5afff86","req":{"method":"GET","url":"/organizations","host":"127.0.0.1:3493","remoteAddress":"127.0.0.1","remotePort":64414},"msg":"incoming request"}
{"level":30,"time":1788738930607,"pid":68337,"hostname":"Mac-mini-de-Javier.local","reqId":"d6c5e5e7-828a-480e-bbcd-c693a5afff86","res":{"statusCode":200},"responseTime":0.94100000000617,"msg":"request completed"}
[api] {"level":30,"time":1788738930621,"pid":68337,"hostname":"Mac-mini-de-Javier.local","reqId":"db0d7e07-0c78-4282-a140-3a06a2d5483d","req":{"method":"GET","url":"/tenders?limit=50","host":"127.0.0.1:3493","remoteAddress":"127.0.0.1","remotePort":64420},"msg":"incoming request"}
[api] {"level":30,"time":1788738930623,"pid":68337,"hostname":"Mac-mini-de-Javier.local","reqId":"db0d7e07-0c78-4282-a140-3a06a2d5483d","res":{"statusCode":200},"responseTime":2.2822500000038417,"msg":"request completed"}
[api] {"level":30,"time":1788738931434,"pid":68337,"hostname":"Mac-mini-de-Javier.local","reqId":"fe8b01fb-50ed-4a36-b9ea-cf5ec906a92a","req":{"method":"GET","url":"/company/capabilities","host":"127.0.0.1:3493","remoteAddress":"127.0.0.1","remotePort":64446},"msg":"incoming request"}
[api] {"level":30,"time":1788738931436,"pid":68337,"hostname":"Mac-mini-de-Javier.local","reqId":"fe8b01fb-50ed-4a36-b9ea-cf5ec906a92a","res":{"statusCode":200},"responseTime":2.0107089999946766,"msg":"request completed"}
{"level":30,"time":1788738931436,"pid":68337,"hostname":"Mac-mini-de-Javier.local","reqId":"4f118b7d-71a6-417a-91c5-738bcc0586a1","req":{"method":"GET","url":"/expediente/tenders/ccce845a-4944-4bcf-8fbb-ef3868d1bedb/matrix","host":"127.0.0.1:3493","remoteAddress":"127.0.0.1","remotePort":64447},"msg":"incoming request"}
{"level":30,"time":1788738931439,"pid":68337,"hostname":"Mac-mini-de-Javier.local","reqId":"4f118b7d-71a6-417a-91c5-738bcc0586a1","res":{"statusCode":200},"responseTime":3.4045419999965816,"msg":"request completed"}
{"level":30,"time":1788738931439,"pid":68337,"hostname":"Mac-mini-de-Javier.local","reqId":"4eee767f-4df5-4063-af5a-97208803ab39","req":{"method":"GET","url":"/company/experience","host":"127.0.0.1:3493","remoteAddress":"127.0.0.1","remotePort":64448},"msg":"incoming request"}
{"level":30,"time":1788738931442,"pid":68337,"hostname":"Mac-mini-de-Javier.local","reqId":"4eee767f-4df5-4063-af5a-97208803ab39","res":{"statusCode":200},"responseTime":2.648124999999709,"msg":"request completed"}
{"level":30,"time":1788738931442,"pid":68337,"hostname":"Mac-mini-de-Javier.local","reqId":"72faf81d-1420-4cbe-a2a7-82768ad56ad3","req":{"method":"GET","url":"/expediente/tenders/ccce845a-4944-4bcf-8fbb-ef3868d1bedb/proposal/sections","host":"127.0.0.1:3493","remoteAddress":"127.0.0.1","remotePort":64449},"msg":"incoming request"}
{"level":30,"time":1788738931444,"pid":68337,"hostname":"Mac-mini-de-Javier.local","reqId":"72faf81d-1420-4cbe-a2a7-82768ad56ad3","res":{"statusCode":200},"responseTime":2.015040999998746,"msg":"request completed"}
[api] {"level":30,"time":1788738931444,"pid":68337,"hostname":"Mac-mini-de-Javier.local","reqId":"359dbf5d-a3cd-4be5-9497-3c1a8903fca7","req":{"method":"GET","url":"/expediente/tenders/ccce845a-4944-4bcf-8fbb-ef3868d1bedb/proposal","host":"127.0.0.1:3493","remoteAddress":"127.0.0.1","remotePort":64450},"msg":"incoming request"}
{"level":30,"time":1788738931448,"pid":68337,"hostname":"Mac-mini-de-Javier.local","reqId":"359dbf5d-a3cd-4be5-9497-3c1a8903fca7","res":{"statusCode":200},"responseTime":3.9321249999993597,"msg":"request completed"}
[api] {"level":30,"time":1788738931449,"pid":68337,"hostname":"Mac-mini-de-Javier.local","reqId":"e01dba9f-a931-4887-a937-a0f65a496b4b","req":{"method":"GET","url":"/company/documents","host":"127.0.0.1:3493","remoteAddress":"127.0.0.1","remotePort":64451},"msg":"incoming request"}
{"level":30,"time":1788738931452,"pid":68337,"hostname":"Mac-mini-de-Javier.local","reqId":"e01dba9f-a931-4887-a937-a0f65a496b4b","res":{"statusCode":200},"responseTime":2.366042000001471,"msg":"request completed"}
[api] {"level":30,"time":1788738931452,"pid":68337,"hostname":"Mac-mini-de-Javier.local","reqId":"d2f5f6ed-5dee-4129-95d2-593fb69d34b2","req":{"method":"GET","url":"/company/signatories","host":"127.0.0.1:3493","remoteAddress":"127.0.0.1","remotePort":64453},"msg":"incoming request"}
{"level":30,"time":1788738931454,"pid":68337,"hostname":"Mac-mini-de-Javier.local","reqId":"d2f5f6ed-5dee-4129-95d2-593fb69d34b2","res":{"statusCode":200},"responseTime":2.412083999995957,"msg":"request completed"}
[api] {"level":30,"time":1788738931455,"pid":68337,"hostname":"Mac-mini-de-Javier.local","reqId":"f9ea2ab0-a714-4213-96e8-069e33e7aa30","req":{"method":"GET","url":"/company/rates","host":"127.0.0.1:3493","remoteAddress":"127.0.0.1","remotePort":64455},"msg":"incoming request"}
{"level":30,"time":1788738931459,"pid":68337,"hostname":"Mac-mini-de-Javier.local","reqId":"f9ea2ab0-a714-4213-96e8-069e33e7aa30","res":{"statusCode":200},"responseTime":3.9733330000017304,"msg":"request completed"}
[api] {"level":30,"time":1788738931466,"pid":68337,"hostname":"Mac-mini-de-Javier.local","reqId":"2e5e0520-ec66-4f18-8fc9-c9577444ca16","req":{"method":"POST","url":"/auth/refresh","host":"127.0.0.1:3493","remoteAddress":"127.0.0.1","remotePort":64460},"msg":"incoming request"}
[api] {"level":30,"time":1788738931468,"pid":68337,"hostname":"Mac-mini-de-Javier.local","reqId":"2e5e0520-ec66-4f18-8fc9-c9577444ca16","res":{"statusCode":200},"responseTime":1.741374999997788,"msg":"request completed"}
[api] {"level":30,"time":1788738931469,"pid":68337,"hostname":"Mac-mini-de-Javier.local","reqId":"fae7d6ca-7779-4146-bf27-f6b31ffcce32","req":{"method":"GET","url":"/me","host":"127.0.0.1:3493","remoteAddress":"127.0.0.1","remotePort":64461},"msg":"incoming request"}
[api] {"level":30,"time":1788738931470,"pid":68337,"hostname":"Mac-mini-de-Javier.local","reqId":"fae7d6ca-7779-4146-bf27-f6b31ffcce32","res":{"statusCode":200},"responseTime":0.9507920000032755,"msg":"request completed"}
[api] {"level":30,"time":1788738931470,"pid":68337,"hostname":"Mac-mini-de-Javier.local","reqId":"f724d8b1-f713-4339-acea-fe4c70f13cbd","req":{"method":"GET","url":"/organizations","host":"127.0.0.1:3493","remoteAddress":"127.0.0.1","remotePort":64462},"msg":"incoming request"}
{"level":30,"time":1788738931471,"pid":68337,"hostname":"Mac-mini-de-Javier.local","reqId":"f724d8b1-f713-4339-acea-fe4c70f13cbd","res":{"statusCode":200},"responseTime":0.8432909999974072,"msg":"request completed"}
[api] {"level":30,"time":1788738931483,"pid":68337,"hostname":"Mac-mini-de-Javier.local","reqId":"7aa111d9-4cc1-4620-8733-1d0141043565","req":{"method":"GET","url":"/tenders?limit=50","host":"127.0.0.1:3493","remoteAddress":"127.0.0.1","remotePort":64468},"msg":"incoming request"}
[api] {"level":30,"time":1788738931485,"pid":68337,"hostname":"Mac-mini-de-Javier.local","reqId":"7aa111d9-4cc1-4620-8733-1d0141043565","res":{"statusCode":200},"responseTime":1.9499999999970896,"msg":"request completed"}
[api] {"level":30,"time":1788738932295,"pid":68337,"hostname":"Mac-mini-de-Javier.local","reqId":"d2a35d0e-07c3-44fc-abe8-20ece636d8e9","req":{"method":"GET","url":"/expediente/tenders/ccce845a-4944-4bcf-8fbb-ef3868d1bedb/package/latest","host":"127.0.0.1:3493","remoteAddress":"127.0.0.1","remotePort":64470},"msg":"incoming request"}
[api] {"level":30,"time":1788738932300,"pid":68337,"hostname":"Mac-mini-de-Javier.local","reqId":"d2a35d0e-07c3-44fc-abe8-20ece636d8e9","res":{"statusCode":404},"responseTime":4.312041999997746,"msg":"request completed"}
[api] {"level":30,"time":1788738932715,"pid":68337,"hostname":"Mac-mini-de-Javier.local","reqId":"6459aaa2-90b7-4c0d-b52a-cc76476d4ee5","req":{"method":"POST","url":"/expediente/tenders/ccce845a-4944-4bcf-8fbb-ef3868d1bedb/package/assemble","host":"127.0.0.1:3493","remoteAddress":"127.0.0.1","remotePort":64473},"msg":"incoming request"}
[api] {"level":30,"time":1788738932734,"pid":68337,"hostname":"Mac-mini-de-Javier.local","reqId":"6459aaa2-90b7-4c0d-b52a-cc76476d4ee5","res":{"statusCode":200},"responseTime":19.48829200000182,"msg":"request completed"}
[api] {"level":30,"time":1788738932737,"pid":68337,"hostname":"Mac-mini-de-Javier.local","reqId":"6f1adf7c-3b91-4fe4-8638-8c0d45e41396","req":{"method":"GET","url":"/expediente/tenders/ccce845a-4944-4bcf-8fbb-ef3868d1bedb/package/latest","host":"127.0.0.1:3493","remoteAddress":"127.0.0.1","remotePort":64476},"msg":"incoming request"}
[api] {"level":30,"time":1788738932739,"pid":68337,"hostname":"Mac-mini-de-Javier.local","reqId":"6f1adf7c-3b91-4fe4-8638-8c0d45e41396","res":{"statusCode":200},"responseTime":2.6432500000009895,"msg":"request completed"}
  [32m✓[39m  [2m 25 [22m[chromium] › e2e/expediente-flujo-completo.spec.ts:139:3 › Expediente — flujo completo real (ronda 5) › A14: el paquete nunca aparece "Listo" con el expediente todavía incompleto[2m (2.8s)[22m
[api] {"level":30,"time":1788738932815,"pid":68337,"hostname":"Mac-mini-de-Javier.local","reqId":"5d1823b7-1404-404d-9aa8-b8fddab0c85f","req":{"method":"POST","url":"/auth/refresh","host":"127.0.0.1:3493","remoteAddress":"127.0.0.1","remotePort":64479},"msg":"incoming request"}
[api] {"level":30,"time":1788738932817,"pid":68337,"hostname":"Mac-mini-de-Javier.local","reqId":"5d1823b7-1404-404d-9aa8-b8fddab0c85f","res":{"statusCode":200},"responseTime":2.3029999999998836,"msg":"request completed"}
[api] {"level":30,"time":1788738932820,"pid":68337,"hostname":"Mac-mini-de-Javier.local","reqId":"0fe3312a-18bb-433e-8011-9f9baa758d53","req":{"method":"GET","url":"/me","host":"127.0.0.1:3493","remoteAddress":"127.0.0.1","remotePort":64480},"msg":"incoming request"}
[api] {"level":30,"time":1788738932821,"pid":68337,"hostname":"Mac-mini-de-Javier.local","reqId":"0fe3312a-18bb-433e-8011-9f9baa758d53","res":{"statusCode":200},"responseTime":0.9425409999967087,"msg":"request completed"}
{"level":30,"time":1788738932821,"pid":68337,"hostname":"Mac-mini-de-Javier.local","reqId":"61501042-a5ec-4f93-abe8-ea00d0b3c6c1","req":{"method":"GET","url":"/organizations","host":"127.0.0.1:3493","remoteAddress":"127.0.0.1","remotePort":64481},"msg":"incoming request"}
{"level":30,"time":1788738932822,"pid":68337,"hostname":"Mac-mini-de-Javier.local","reqId":"61501042-a5ec-4f93-abe8-ea00d0b3c6c1","res":{"statusCode":200},"responseTime":1.128208000001905,"msg":"request completed"}
[api] {"level":30,"time":1788738932848,"pid":68337,"hostname":"Mac-mini-de-Javier.local","reqId":"12e622db-e988-48ea-9e3f-cbd1f483bb6a","req":{"method":"GET","url":"/tenders?limit=100","host":"127.0.0.1:3493","remoteAddress":"127.0.0.1","remotePort":64487},"msg":"incoming request"}
[api] {"level":30,"time":1788738932851,"pid":68337,"hostname":"Mac-mini-de-Javier.local","reqId":"12e622db-e988-48ea-9e3f-cbd1f483bb6a","res":{"statusCode":200},"responseTime":3.131249999998545,"msg":"request completed"}
{"level":30,"time":1788738932851,"pid":68337,"hostname":"Mac-mini-de-Javier.local","reqId":"7d3528af-5a26-4497-ac71-5b16042e9640","req":{"method":"GET","url":"/company/rates","host":"127.0.0.1:3493","remoteAddress":"127.0.0.1","remotePort":64488},"msg":"incoming request"}
{"level":30,"time":1788738932854,"pid":68337,"hostname":"Mac-mini-de-Javier.local","reqId":"7d3528af-5a26-4497-ac71-5b16042e9640","res":{"statusCode":200},"responseTime":2.5399170000018785,"msg":"request completed"}
{"level":30,"time":1788738932854,"pid":68337,"hostname":"Mac-mini-de-Javier.local","reqId":"caf109cf-f644-40e0-a003-6f66477bada8","req":{"method":"GET","url":"/matching/tenders","host":"127.0.0.1:3493","remoteAddress":"127.0.0.1","remotePort":64489},"msg":"incoming request"}
{"level":30,"time":1788738932858,"pid":68337,"hostname":"Mac-mini-de-Javier.local","reqId":"caf109cf-f644-40e0-a003-6f66477bada8","res":{"statusCode":200},"responseTime":3.679792000002635,"msg":"request completed"}
{"level":30,"time":1788738932858,"pid":68337,"hostname":"Mac-mini-de-Javier.local","reqId":"a7928be9-605b-443e-b04b-c6c18c1d42f5","req":{"method":"GET","url":"/expediente/post-award-alerts","host":"127.0.0.1:3493","remoteAddress":"127.0.0.1","remotePort":64490},"msg":"incoming request"}
{"level":30,"time":1788738932859,"pid":68337,"hostname":"Mac-mini-de-Javier.local","reqId":"a7928be9-605b-443e-b04b-c6c18c1d42f5","res":{"statusCode":200},"responseTime":1.4885419999991427,"msg":"request completed"}
{"level":30,"time":1788738932859,"pid":68337,"hostname":"Mac-mini-de-Javier.local","reqId":"ab17cda7-9cba-4cc0-82b7-7dbd02a3f8ad","req":{"method":"GET","url":"/audit-log","host":"127.0.0.1:3493","remoteAddress":"127.0.0.1","remotePort":64491},"msg":"incoming request"}
{"level":30,"time":1788738932862,"pid":68337,"hostname":"Mac-mini-de-Javier.local","reqId":"ab17cda7-9cba-4cc0-82b7-7dbd02a3f8ad","res":{"statusCode":200},"responseTime":2.700208999995084,"msg":"request completed"}
{"level":30,"time":1788738932862,"pid":68337,"hostname":"Mac-mini-de-Javier.local","reqId":"5f4a824d-84ed-4175-b2e1-f17f5fbf3ccb","req":{"method":"GET","url":"/company/profile","host":"127.0.0.1:3493","remoteAddress":"127.0.0.1","remotePort":64492},"msg":"incoming request"}
{"level":30,"time":1788738932864,"pid":68337,"hostname":"Mac-mini-de-Javier.local","reqId":"5f4a824d-84ed-4175-b2e1-f17f5fbf3ccb","res":{"statusCode":200},"responseTime":1.6222500000003492,"msg":"request completed"}
[api] {"level":30,"time":1788738932864,"pid":68337,"hostname":"Mac-mini-de-Javier.local","reqId":"58f0fbbc-9a0f-4af7-a8ef-66400020b962","req":{"method":"GET","url":"/company/documents","host":"127.0.0.1:3493","remoteAddress":"127.0.0.1","remotePort":64494},"msg":"incoming request"}
[api] {"level":30,"time":1788738932866,"pid":68337,"hostname":"Mac-mini-de-Javier.local","reqId":"58f0fbbc-9a0f-4af7-a8ef-66400020b962","res":{"statusCode":200},"responseTime":1.4248339999976452,"msg":"request completed"}
[api] {"level":30,"time":1788738932866,"pid":68337,"hostname":"Mac-mini-de-Javier.local","reqId":"7f77cb0d-f10a-40e7-b09f-580e0d5a8416","req":{"method":"GET","url":"/tenders?limit=1","host":"127.0.0.1:3493","remoteAddress":"127.0.0.1","remotePort":64496},"msg":"incoming request"}
{"level":30,"time":1788738932868,"pid":68337,"hostname":"Mac-mini-de-Javier.local","reqId":"7f77cb0d-f10a-40e7-b09f-580e0d5a8416","res":{"statusCode":200},"responseTime":1.585957999996026,"msg":"request completed"}
[api] {"level":30,"time":1788738932868,"pid":68337,"hostname":"Mac-mini-de-Javier.local","reqId":"0be32a19-70a3-4ae6-9a78-972e464d9f76","req":{"method":"GET","url":"/auth/2fa/status","host":"127.0.0.1:3493","remoteAddress":"127.0.0.1","remotePort":64498},"msg":"incoming request"}
{"level":30,"time":1788738932870,"pid":68337,"hostname":"Mac-mini-de-Javier.local","reqId":"0be32a19-70a3-4ae6-9a78-972e464d9f76","res":{"statusCode":200},"responseTime":2.220500000003085,"msg":"request completed"}
[api] {"level":30,"time":1788738933421,"pid":68337,"hostname":"Mac-mini-de-Javier.local","reqId":"f23e2a6b-a826-4e2d-891b-41275fa230b7","req":{"method":"POST","url":"/auth/refresh","host":"127.0.0.1:3493","remoteAddress":"127.0.0.1","remotePort":64507},"msg":"incoming request"}
[api] {"level":30,"time":1788738933423,"pid":68337,"hostname":"Mac-mini-de-Javier.local","reqId":"f23e2a6b-a826-4e2d-891b-41275fa230b7","res":{"statusCode":200},"responseTime":1.9911670000001322,"msg":"request completed"}
[api] {"level":30,"time":1788738933427,"pid":68337,"hostname":"Mac-mini-de-Javier.local","reqId":"237388ad-7c67-45d0-9d4a-7570f8af8845","req":{"method":"GET","url":"/me","host":"127.0.0.1:3493","remoteAddress":"127.0.0.1","remotePort":64508},"msg":"incoming request"}
[api] {"level":30,"time":1788738933428,"pid":68337,"hostname":"Mac-mini-de-Javier.local","reqId":"237388ad-7c67-45d0-9d4a-7570f8af8845","res":{"statusCode":200},"responseTime":1.2596669999984442,"msg":"request completed"}
{"level":30,"time":1788738933428,"pid":68337,"hostname":"Mac-mini-de-Javier.local","reqId":"c6408dc8-1ccf-4825-a105-df94f88b497f","req":{"method":"GET","url":"/organizations","host":"127.0.0.1:3493","remoteAddress":"127.0.0.1","remotePort":64509},"msg":"incoming request"}
{"level":30,"time":1788738933429,"pid":68337,"hostname":"Mac-mini-de-Javier.local","reqId":"c6408dc8-1ccf-4825-a105-df94f88b497f","res":{"statusCode":200},"responseTime":1.2467079999987618,"msg":"request completed"}
[api] {"level":30,"time":1788738933445,"pid":68337,"hostname":"Mac-mini-de-Javier.local","reqId":"40712682-f4aa-48c1-84dc-bec23f325865","req":{"method":"GET","url":"/tenders?limit=50","host":"127.0.0.1:3493","remoteAddress":"127.0.0.1","remotePort":64515},"msg":"incoming request"}
[api] {"level":30,"time":1788738933447,"pid":68337,"hostname":"Mac-mini-de-Javier.local","reqId":"40712682-f4aa-48c1-84dc-bec23f325865","res":{"statusCode":200},"responseTime":2.2347090000039316,"msg":"request completed"}
[api] {"level":30,"time":1788738934288,"pid":68337,"hostname":"Mac-mini-de-Javier.local","reqId":"7dde3214-1cd4-42ae-b572-bc46672e4270","req":{"method":"GET","url":"/expediente/tenders/ccce845a-4944-4bcf-8fbb-ef3868d1bedb/matrix","host":"127.0.0.1:3493","remoteAddress":"127.0.0.1","remotePort":64519},"msg":"incoming request"}
[api] {"level":30,"time":1788738934290,"pid":68337,"hostname":"Mac-mini-de-Javier.local","reqId":"7dde3214-1cd4-42ae-b572-bc46672e4270","res":{"statusCode":200},"responseTime":2.6185419999965234,"msg":"request completed"}
{"level":30,"time":1788738934290,"pid":68337,"hostname":"Mac-mini-de-Javier.local","reqId":"c256bcf1-e8a9-4a7d-95c9-2605fd5955b5","req":{"method":"GET","url":"/company/capabilities","host":"127.0.0.1:3493","remoteAddress":"127.0.0.1","remotePort":64520},"msg":"incoming request"}
{"level":30,"time":1788738934292,"pid":68337,"hostname":"Mac-mini-de-Javier.local","reqId":"c256bcf1-e8a9-4a7d-95c9-2605fd5955b5","res":{"statusCode":200},"responseTime":1.9198749999995925,"msg":"request completed"}
{"level":30,"time":1788738934292,"pid":68337,"hostname":"Mac-mini-de-Javier.local","reqId":"ffb439cd-ecb2-49a8-89eb-0cf1e4dc7f62","req":{"method":"GET","url":"/company/experience","host":"127.0.0.1:3493","remoteAddress":"127.0.0.1","remotePort":64521},"msg":"incoming request"}
{"level":30,"time":1788738934296,"pid":68337,"hostname":"Mac-mini-de-Javier.local","reqId":"ffb439cd-ecb2-49a8-89eb-0cf1e4dc7f62","res":{"statusCode":200},"responseTime":3.022084000003815,"msg":"request completed"}
{"level":30,"time":1788738934296,"pid":68337,"hostname":"Mac-mini-de-Javier.local","reqId":"4501f9c2-81af-444b-a570-c384f701ba29","req":{"method":"GET","url":"/company/documents","host":"127.0.0.1:3493","remoteAddress":"127.0.0.1","remotePort":64522},"msg":"incoming request"}
{"level":30,"time":1788738934297,"pid":68337,"hostname":"Mac-mini-de-Javier.local","reqId":"4501f9c2-81af-444b-a570-c384f701ba29","res":{"statusCode":200},"responseTime":1.7437090000021271,"msg":"request completed"}
{"level":30,"time":1788738934297,"pid":68337,"hostname":"Mac-mini-de-Javier.local","reqId":"e32a8112-cd3a-4873-a289-f6ced6018e38","req":{"method":"GET","url":"/company/signatories","host":"127.0.0.1:3493","remoteAddress":"127.0.0.1","remotePort":64523},"msg":"incoming request"}
{"level":30,"time":1788738934300,"pid":68337,"hostname":"Mac-mini-de-Javier.local","reqId":"e32a8112-cd3a-4873-a289-f6ced6018e38","res":{"statusCode":200},"responseTime":2.6143749999973807,"msg":"request completed"}
[api] {"level":30,"time":1788738934301,"pid":68337,"hostname":"Mac-mini-de-Javier.local","reqId":"60e854d3-55ba-4305-9aaa-38e419206b1a","req":{"method":"GET","url":"/company/rates","host":"127.0.0.1:3493","remoteAddress":"127.0.0.1","remotePort":64524},"msg":"incoming request"}
[api] {"level":30,"time":1788738934303,"pid":68337,"hostname":"Mac-mini-de-Javier.local","reqId":"60e854d3-55ba-4305-9aaa-38e419206b1a","res":{"statusCode":200},"responseTime":2.035374999999476,"msg":"request completed"}
[api] {"level":30,"time":1788738934303,"pid":68337,"hostname":"Mac-mini-de-Javier.local","reqId":"5fd7a4a4-8abd-4e69-914e-7a8ae4c2b968","req":{"method":"GET","url":"/expediente/tenders/ccce845a-4944-4bcf-8fbb-ef3868d1bedb/proposal/sections","host":"127.0.0.1:3493","remoteAddress":"127.0.0.1","remotePort":64526},"msg":"incoming request"}
{"level":30,"time":1788738934307,"pid":68337,"hostname":"Mac-mini-de-Javier.local","reqId":"5fd7a4a4-8abd-4e69-914e-7a8ae4c2b968","res":{"statusCode":200},"responseTime":3.541624999998021,"msg":"request completed"}
[api] {"level":30,"time":1788738934307,"pid":68337,"hostname":"Mac-mini-de-Javier.local","reqId":"062fcb61-3d8f-4f8b-b6da-4f3344f6c0f0","req":{"method":"GET","url":"/expediente/tenders/ccce845a-4944-4bcf-8fbb-ef3868d1bedb/proposal","host":"127.0.0.1:3493","remoteAddress":"127.0.0.1","remotePort":64528},"msg":"incoming request"}
{"level":30,"time":1788738934310,"pid":68337,"hostname":"Mac-mini-de-Javier.local","reqId":"062fcb61-3d8f-4f8b-b6da-4f3344f6c0f0","res":{"statusCode":200},"responseTime":2.6514590000006137,"msg":"request completed"}
[api] {"level":30,"time":1788738936136,"pid":68337,"hostname":"Mac-mini-de-Javier.local","reqId":"8e68af75-8584-4744-96c4-271a8209fcc9","req":{"method":"POST","url":"/expediente/tenders/ccce845a-4944-4bcf-8fbb-ef3868d1bedb/proposal/technical/generate","host":"127.0.0.1:3493","remoteAddress":"127.0.0.1","remotePort":64570},"msg":"incoming request"}
[api] {"level":30,"time":1788738936144,"pid":68337,"hostname":"Mac-mini-de-Javier.local","reqId":"8e68af75-8584-4744-96c4-271a8209fcc9","res":{"statusCode":200},"responseTime":8.410916000000725,"msg":"request completed"}
[api] {"level":30,"time":1788738936152,"pid":68337,"hostname":"Mac-mini-de-Javier.local","reqId":"484683c2-71a6-4d28-82cb-99648a99d1db","req":{"method":"GET","url":"/expediente/tenders/ccce845a-4944-4bcf-8fbb-ef3868d1bedb/proposal","host":"127.0.0.1:3493","remoteAddress":"127.0.0.1","remotePort":64573},"msg":"incoming request"}
[api] {"level":30,"time":1788738936155,"pid":68337,"hostname":"Mac-mini-de-Javier.local","reqId":"484683c2-71a6-4d28-82cb-99648a99d1db","res":{"statusCode":200},"responseTime":2.8669169999993755,"msg":"request completed"}
{"level":30,"time":1788738936155,"pid":68337,"hostname":"Mac-mini-de-Javier.local","reqId":"c3eaaa63-31e3-4795-ad46-23e023a38301","req":{"method":"GET","url":"/expediente/tenders/ccce845a-4944-4bcf-8fbb-ef3868d1bedb/proposal/sections","host":"127.0.0.1:3493","remoteAddress":"127.0.0.1","remotePort":64574},"msg":"incoming request"}
{"level":30,"time":1788738936157,"pid":68337,"hostname":"Mac-mini-de-Javier.local","reqId":"c3eaaa63-31e3-4795-ad46-23e023a38301","res":{"statusCode":200},"responseTime":2.1925419999970472,"msg":"request completed"}
  [32m✓[39m  [2m 26 [22m[chromium] › e2e/expediente-flujo-completo.spec.ts:170:3 › Expediente — flujo completo real (ronda 5) › Redacción: genera la propuesta técnica mapeando el requisito a un dato real de empresa[2m (3.4s)[22m
[api] {"level":30,"time":1788738936238,"pid":68337,"hostname":"Mac-mini-de-Javier.local","reqId":"6ef2c48d-3287-4dbf-8839-59a1c04dea77","req":{"method":"POST","url":"/auth/refresh","host":"127.0.0.1:3493","remoteAddress":"127.0.0.1","remotePort":64585},"msg":"incoming request"}
[api] {"level":30,"time":1788738936240,"pid":68337,"hostname":"Mac-mini-de-Javier.local","reqId":"6ef2c48d-3287-4dbf-8839-59a1c04dea77","res":{"statusCode":200},"responseTime":1.8654999999998836,"msg":"request completed"}
[api] {"level":30,"time":1788738936242,"pid":68337,"hostname":"Mac-mini-de-Javier.local","reqId":"f9efe3cf-1b85-41cd-a9c8-c7d2fc6aba7b","req":{"method":"GET","url":"/me","host":"127.0.0.1:3493","remoteAddress":"127.0.0.1","remotePort":64586},"msg":"incoming request"}
[api] {"level":30,"time":1788738936243,"pid":68337,"hostname":"Mac-mini-de-Javier.local","reqId":"f9efe3cf-1b85-41cd-a9c8-c7d2fc6aba7b","res":{"statusCode":200},"responseTime":0.9442920000001322,"msg":"request completed"}
[api] {"level":30,"time":1788738936243,"pid":68337,"hostname":"Mac-mini-de-Javier.local","reqId":"f9176d2e-afb8-4877-bb61-2bea420015ec","req":{"method":"GET","url":"/organizations","host":"127.0.0.1:3493","remoteAddress":"127.0.0.1","remotePort":64587},"msg":"incoming request"}
{"level":30,"time":1788738936244,"pid":68337,"hostname":"Mac-mini-de-Javier.local","reqId":"f9176d2e-afb8-4877-bb61-2bea420015ec","res":{"statusCode":200},"responseTime":1.1599169999972219,"msg":"request completed"}
[api] {"level":30,"time":1788738936270,"pid":68337,"hostname":"Mac-mini-de-Javier.local","reqId":"d21d4659-bf21-4fe6-80db-716ab197f504","req":{"method":"GET","url":"/tenders?limit=100","host":"127.0.0.1:3493","remoteAddress":"127.0.0.1","remotePort":64593},"msg":"incoming request"}
[api] {"level":30,"time":1788738936273,"pid":68337,"hostname":"Mac-mini-de-Javier.local","reqId":"d21d4659-bf21-4fe6-80db-716ab197f504","res":{"statusCode":200},"responseTime":3.061874999999418,"msg":"request completed"}
{"level":30,"time":1788738936273,"pid":68337,"hostname":"Mac-mini-de-Javier.local","reqId":"bb7d3c5a-d334-43f7-bca4-3691c4da78b4","req":{"method":"GET","url":"/matching/tenders","host":"127.0.0.1:3493","remoteAddress":"127.0.0.1","remotePort":64594},"msg":"incoming request"}
{"level":30,"time":1788738936277,"pid":68337,"hostname":"Mac-mini-de-Javier.local","reqId":"bb7d3c5a-d334-43f7-bca4-3691c4da78b4","res":{"statusCode":200},"responseTime":3.6888340000004973,"msg":"request completed"}
{"level":30,"time":1788738936277,"pid":68337,"hostname":"Mac-mini-de-Javier.local","reqId":"280f26d1-7909-404d-b3e8-f52f4198abd3","req":{"method":"GET","url":"/company/rates","host":"127.0.0.1:3493","remoteAddress":"127.0.0.1","remotePort":64595},"msg":"incoming request"}
{"level":30,"time":1788738936279,"pid":68337,"hostname":"Mac-mini-de-Javier.local","reqId":"280f26d1-7909-404d-b3e8-f52f4198abd3","res":{"statusCode":200},"responseTime":2.055500000002212,"msg":"request completed"}
{"level":30,"time":1788738936279,"pid":68337,"hostname":"Mac-mini-de-Javier.local","reqId":"37154a9e-b531-4098-8a59-958fb0b8e29c","req":{"method":"GET","url":"/expediente/post-award-alerts","host":"127.0.0.1:3493","remoteAddress":"127.0.0.1","remotePort":64596},"msg":"incoming request"}
{"level":30,"time":1788738936282,"pid":68337,"hostname":"Mac-mini-de-Javier.local","reqId":"37154a9e-b531-4098-8a59-958fb0b8e29c","res":{"statusCode":200},"responseTime":2.7339169999977457,"msg":"request completed"}
{"level":30,"time":1788738936282,"pid":68337,"hostname":"Mac-mini-de-Javier.local","reqId":"97f7f25f-3d1b-4c7a-8055-3028a0d428be","req":{"method":"GET","url":"/audit-log","host":"127.0.0.1:3493","remoteAddress":"127.0.0.1","remotePort":64597},"msg":"incoming request"}
{"level":30,"time":1788738936284,"pid":68337,"hostname":"Mac-mini-de-Javier.local","reqId":"97f7f25f-3d1b-4c7a-8055-3028a0d428be","res":{"statusCode":200},"responseTime":1.991874999999709,"msg":"request completed"}
[api] {"level":30,"time":1788738936284,"pid":68337,"hostname":"Mac-mini-de-Javier.local","reqId":"8ba8d288-5cb4-4737-9162-bde0e3447636","req":{"method":"GET","url":"/company/profile","host":"127.0.0.1:3493","remoteAddress":"127.0.0.1","remotePort":64598},"msg":"incoming request"}
{"level":30,"time":1788738936286,"pid":68337,"hostname":"Mac-mini-de-Javier.local","reqId":"8ba8d288-5cb4-4737-9162-bde0e3447636","res":{"statusCode":200},"responseTime":1.828125,"msg":"request completed"}
[api] {"level":30,"time":1788738936286,"pid":68337,"hostname":"Mac-mini-de-Javier.local","reqId":"a51764a7-5ac2-480d-8258-c7ef5e07154b","req":{"method":"GET","url":"/company/documents","host":"127.0.0.1:3493","remoteAddress":"127.0.0.1","remotePort":64600},"msg":"incoming request"}
[api] {"level":30,"time":1788738936292,"pid":68337,"hostname":"Mac-mini-de-Javier.local","reqId":"a51764a7-5ac2-480d-8258-c7ef5e07154b","res":{"statusCode":200},"responseTime":5.501042000003508,"msg":"request completed"}
[api] {"level":30,"time":1788738936292,"pid":68337,"hostname":"Mac-mini-de-Javier.local","reqId":"4bacc188-4fed-4216-b8ee-dc4f9fc5af16","req":{"method":"GET","url":"/tenders?limit=1","host":"127.0.0.1:3493","remoteAddress":"127.0.0.1","remotePort":64602},"msg":"incoming request"}
{"level":30,"time":1788738936300,"pid":68337,"hostname":"Mac-mini-de-Javier.local","reqId":"4bacc188-4fed-4216-b8ee-dc4f9fc5af16","res":{"statusCode":200},"responseTime":7.789457999999286,"msg":"request completed"}
[api] {"level":30,"time":1788738936300,"pid":68337,"hostname":"Mac-mini-de-Javier.local","reqId":"418ee453-b3fc-4c63-9a5f-edf665da513b","req":{"method":"GET","url":"/auth/2fa/status","host":"127.0.0.1:3493","remoteAddress":"127.0.0.1","remotePort":64604},"msg":"incoming request"}
{"level":30,"time":1788738936303,"pid":68337,"hostname":"Mac-mini-de-Javier.local","reqId":"418ee453-b3fc-4c63-9a5f-edf665da513b","res":{"statusCode":200},"responseTime":2.3127089999979944,"msg":"request completed"}
[api] {"level":30,"time":1788738936835,"pid":68337,"hostname":"Mac-mini-de-Javier.local","reqId":"37df967b-167e-48d7-b99e-dc6785183d63","req":{"method":"POST","url":"/auth/refresh","host":"127.0.0.1:3493","remoteAddress":"127.0.0.1","remotePort":64623},"msg":"incoming request"}
[api] {"level":30,"time":1788738936837,"pid":68337,"hostname":"Mac-mini-de-Javier.local","reqId":"37df967b-167e-48d7-b99e-dc6785183d63","res":{"statusCode":200},"responseTime":1.719875000002503,"msg":"request completed"}
[api] {"level":30,"time":1788738936840,"pid":68337,"hostname":"Mac-mini-de-Javier.local","reqId":"c73e121f-427d-4a2b-abd0-74b85e428f16","req":{"method":"GET","url":"/me","host":"127.0.0.1:3493","remoteAddress":"127.0.0.1","remotePort":64624},"msg":"incoming request"}
[api] {"level":30,"time":1788738936841,"pid":68337,"hostname":"Mac-mini-de-Javier.local","reqId":"c73e121f-427d-4a2b-abd0-74b85e428f16","res":{"statusCode":200},"responseTime":1.0318749999933061,"msg":"request completed"}
{"level":30,"time":1788738936841,"pid":68337,"hostname":"Mac-mini-de-Javier.local","reqId":"a450b586-fd02-4c46-b055-6cdaaa42db08","req":{"method":"GET","url":"/organizations","host":"127.0.0.1:3493","remoteAddress":"127.0.0.1","remotePort":64625},"msg":"incoming request"}
{"level":30,"time":1788738936842,"pid":68337,"hostname":"Mac-mini-de-Javier.local","reqId":"a450b586-fd02-4c46-b055-6cdaaa42db08","res":{"statusCode":200},"responseTime":0.9322920000049635,"msg":"request completed"}
[api] {"level":30,"time":1788738936855,"pid":68337,"hostname":"Mac-mini-de-Javier.local","reqId":"83a904c1-ced5-4fb8-9e75-778c1d558c04","req":{"method":"GET","url":"/tenders?limit=50","host":"127.0.0.1:3493","remoteAddress":"127.0.0.1","remotePort":64631},"msg":"incoming request"}
[api] {"level":30,"time":1788738936857,"pid":68337,"hostname":"Mac-mini-de-Javier.local","reqId":"83a904c1-ced5-4fb8-9e75-778c1d558c04","res":{"statusCode":200},"responseTime":1.970499999995809,"msg":"request completed"}
[api] {"level":30,"time":1788738937668,"pid":68337,"hostname":"Mac-mini-de-Javier.local","reqId":"c6c53c18-cae9-4794-8fc5-aa45c47ed61a","req":{"method":"GET","url":"/expediente/tenders/ccce845a-4944-4bcf-8fbb-ef3868d1bedb/matrix","host":"127.0.0.1:3493","remoteAddress":"127.0.0.1","remotePort":64640},"msg":"incoming request"}
[api] {"level":30,"time":1788738937670,"pid":68337,"hostname":"Mac-mini-de-Javier.local","reqId":"c6c53c18-cae9-4794-8fc5-aa45c47ed61a","res":{"statusCode":200},"responseTime":2.531750000001921,"msg":"request completed"}
{"level":30,"time":1788738937670,"pid":68337,"hostname":"Mac-mini-de-Javier.local","reqId":"9cc24e70-b3fb-4eab-bc0a-326f6262b15f","req":{"method":"GET","url":"/company/capabilities","host":"127.0.0.1:3493","remoteAddress":"127.0.0.1","remotePort":64641},"msg":"incoming request"}
{"level":30,"time":1788738937673,"pid":68337,"hostname":"Mac-mini-de-Javier.local","reqId":"9cc24e70-b3fb-4eab-bc0a-326f6262b15f","res":{"statusCode":200},"responseTime":2.423041000001831,"msg":"request completed"}
{"level":30,"time":1788738937673,"pid":68337,"hostname":"Mac-mini-de-Javier.local","reqId":"65292661-d0e2-4afb-9c1f-1bf95036948e","req":{"method":"GET","url":"/company/experience","host":"127.0.0.1:3493","remoteAddress":"127.0.0.1","remotePort":64642},"msg":"incoming request"}
{"level":30,"time":1788738937675,"pid":68337,"hostname":"Mac-mini-de-Javier.local","reqId":"65292661-d0e2-4afb-9c1f-1bf95036948e","res":{"statusCode":200},"responseTime":2.1394579999978305,"msg":"request completed"}
{"level":30,"time":1788738937675,"pid":68337,"hostname":"Mac-mini-de-Javier.local","reqId":"080ed12d-fa21-4686-bf4d-50d7f35ad82d","req":{"method":"GET","url":"/company/documents","host":"127.0.0.1:3493","remoteAddress":"127.0.0.1","remotePort":64643},"msg":"incoming request"}
{"level":30,"time":1788738937677,"pid":68337,"hostname":"Mac-mini-de-Javier.local","reqId":"080ed12d-fa21-4686-bf4d-50d7f35ad82d","res":{"statusCode":200},"responseTime":1.9159160000053816,"msg":"request completed"}
[api] {"level":30,"time":1788738937677,"pid":68337,"hostname":"Mac-mini-de-Javier.local","reqId":"4a5eae2f-c661-408b-8981-6c33d977c8ce","req":{"method":"GET","url":"/company/signatories","host":"127.0.0.1:3493","remoteAddress":"127.0.0.1","remotePort":64644},"msg":"incoming request"}
{"level":30,"time":1788738937679,"pid":68337,"hostname":"Mac-mini-de-Javier.local","reqId":"4a5eae2f-c661-408b-8981-6c33d977c8ce","res":{"statusCode":200},"responseTime":1.6833750000005239,"msg":"request completed"}
[api] {"level":30,"time":1788738937680,"pid":68337,"hostname":"Mac-mini-de-Javier.local","reqId":"84302336-baf9-41ec-a47b-69d3a79c3ae6","req":{"method":"GET","url":"/company/rates","host":"127.0.0.1:3493","remoteAddress":"127.0.0.1","remotePort":64645},"msg":"incoming request"}
{"level":30,"time":1788738937683,"pid":68337,"hostname":"Mac-mini-de-Javier.local","reqId":"84302336-baf9-41ec-a47b-69d3a79c3ae6","res":{"statusCode":200},"responseTime":2.9736250000059954,"msg":"request completed"}
[api] {"level":30,"time":1788738937684,"pid":68337,"hostname":"Mac-mini-de-Javier.local","reqId":"eddc8b4f-0030-44af-9c70-aa14f6038dfc","req":{"method":"GET","url":"/expediente/tenders/ccce845a-4944-4bcf-8fbb-ef3868d1bedb/proposal/sections","host":"127.0.0.1:3493","remoteAddress":"127.0.0.1","remotePort":64647},"msg":"incoming request"}
{"level":30,"time":1788738937686,"pid":68337,"hostname":"Mac-mini-de-Javier.local","reqId":"eddc8b4f-0030-44af-9c70-aa14f6038dfc","res":{"statusCode":200},"responseTime":2.5532920000041486,"msg":"request completed"}
[api] {"level":30,"time":1788738937687,"pid":68337,"hostname":"Mac-mini-de-Javier.local","reqId":"34ed64e8-6720-459d-8e2a-a3a00f7d4d8c","req":{"method":"GET","url":"/expediente/tenders/ccce845a-4944-4bcf-8fbb-ef3868d1bedb/proposal","host":"127.0.0.1:3493","remoteAddress":"127.0.0.1","remotePort":64649},"msg":"incoming request"}
{"level":30,"time":1788738937689,"pid":68337,"hostname":"Mac-mini-de-Javier.local","reqId":"34ed64e8-6720-459d-8e2a-a3a00f7d4d8c","res":{"statusCode":200},"responseTime":2.0446669999946607,"msg":"request completed"}
[api] {"level":30,"time":1788738938333,"pid":68337,"hostname":"Mac-mini-de-Javier.local","reqId":"1e08af21-4b27-44ab-804f-b3ea275d7330","req":{"method":"POST","url":"/expediente/tenders/ccce845a-4944-4bcf-8fbb-ef3868d1bedb/proposal/economic/generate","host":"127.0.0.1:3493","remoteAddress":"127.0.0.1","remotePort":64657},"msg":"incoming request"}
[api] {"level":30,"time":1788738938340,"pid":68337,"hostname":"Mac-mini-de-Javier.local","reqId":"1e08af21-4b27-44ab-804f-b3ea275d7330","res":{"statusCode":200},"responseTime":7.474041000001307,"msg":"request completed"}
[api] {"level":30,"time":1788738938349,"pid":68337,"hostname":"Mac-mini-de-Javier.local","reqId":"7dd980d9-b357-4fa4-af8a-692aab90681b","req":{"method":"GET","url":"/expediente/tenders/ccce845a-4944-4bcf-8fbb-ef3868d1bedb/proposal","host":"127.0.0.1:3493","remoteAddress":"127.0.0.1","remotePort":64660},"msg":"incoming request"}
[api] {"level":30,"time":1788738938353,"pid":68337,"hostname":"Mac-mini-de-Javier.local","reqId":"7dd980d9-b357-4fa4-af8a-692aab90681b","res":{"statusCode":200},"responseTime":3.5820419999945443,"msg":"request completed"}
[api] {"level":30,"time":1788738938353,"pid":68337,"hostname":"Mac-mini-de-Javier.local","reqId":"69e257b1-08e8-425b-8806-0fff5d8bfcde","req":{"method":"GET","url":"/expediente/tenders/ccce845a-4944-4bcf-8fbb-ef3868d1bedb/proposal/sections","host":"127.0.0.1:3493","remoteAddress":"127.0.0.1","remotePort":64661},"msg":"incoming request"}
{"level":30,"time":1788738938355,"pid":68337,"hostname":"Mac-mini-de-Javier.local","reqId":"69e257b1-08e8-425b-8806-0fff5d8bfcde","res":{"statusCode":200},"responseTime":2.7189160000052652,"msg":"request completed"}
  [32m✓[39m  [2m 27 [22m[chromium] › e2e/expediente-flujo-completo.spec.ts:197:3 › Expediente — flujo completo real (ronda 5) › Redacción: genera la propuesta económica con la tarifa aprobada (sin conceptos bloqueados)[2m (3.6s)[22m
[api] {"level":30,"time":1788738939949,"pid":68337,"hostname":"Mac-mini-de-Javier.local","reqId":"e1d6cb14-7cf9-41a6-93de-ca13060eef39","req":{"method":"POST","url":"/auth/refresh","host":"127.0.0.1:3493","remoteAddress":"127.0.0.1","remotePort":64675},"msg":"incoming request"}
[api] {"level":30,"time":1788738939965,"pid":68337,"hostname":"Mac-mini-de-Javier.local","reqId":"e1d6cb14-7cf9-41a6-93de-ca13060eef39","res":{"statusCode":200},"responseTime":15.430458000002545,"msg":"request completed"}
[api] {"level":30,"time":1788738939969,"pid":68337,"hostname":"Mac-mini-de-Javier.local","reqId":"4dd7f212-beac-4822-b78a-42a306ea78d3","req":{"method":"GET","url":"/me","host":"127.0.0.1:3493","remoteAddress":"127.0.0.1","remotePort":64676},"msg":"incoming request"}
[api] {"level":30,"time":1788738939974,"pid":68337,"hostname":"Mac-mini-de-Javier.local","reqId":"4dd7f212-beac-4822-b78a-42a306ea78d3","res":{"statusCode":200},"responseTime":4.329041999997571,"msg":"request completed"}
[api] {"level":30,"time":1788738939986,"pid":68337,"hostname":"Mac-mini-de-Javier.local","reqId":"b22c8ae7-241d-49ad-9390-77b21c77c6b1","req":{"method":"GET","url":"/organizations","host":"127.0.0.1:3493","remoteAddress":"127.0.0.1","remotePort":64677},"msg":"incoming request"}
{"level":30,"time":1788738940002,"pid":68337,"hostname":"Mac-mini-de-Javier.local","reqId":"b22c8ae7-241d-49ad-9390-77b21c77c6b1","res":{"statusCode":200},"responseTime":15.286707999999635,"msg":"request completed"}
[api] {"level":30,"time":1788738940054,"pid":68337,"hostname":"Mac-mini-de-Javier.local","reqId":"bf6b5441-ed0b-4c14-91de-b4b18cb14f2b","req":{"method":"GET","url":"/tenders?limit=100","host":"127.0.0.1:3493","remoteAddress":"127.0.0.1","remotePort":64683},"msg":"incoming request"}
[api] {"level":30,"time":1788738940078,"pid":68337,"hostname":"Mac-mini-de-Javier.local","reqId":"bf6b5441-ed0b-4c14-91de-b4b18cb14f2b","res":{"statusCode":200},"responseTime":23.63958299999649,"msg":"request completed"}
{"level":30,"time":1788738940078,"pid":68337,"hostname":"Mac-mini-de-Javier.local","reqId":"adcdb7d7-84f0-48e9-9ad0-1dbd8bc683cc","req":{"method":"GET","url":"/matching/tenders","host":"127.0.0.1:3493","remoteAddress":"127.0.0.1","remotePort":64684},"msg":"incoming request"}
{"level":30,"time":1788738940111,"pid":68337,"hostname":"Mac-mini-de-Javier.local","reqId":"adcdb7d7-84f0-48e9-9ad0-1dbd8bc683cc","res":{"statusCode":200},"responseTime":33.0413750000007,"msg":"request completed"}
{"level":30,"time":1788738940111,"pid":68337,"hostname":"Mac-mini-de-Javier.local","reqId":"6f26d3e5-ee6e-4743-a2a4-599705eca276","req":{"method":"GET","url":"/company/rates","host":"127.0.0.1:3493","remoteAddress":"127.0.0.1","remotePort":64685},"msg":"incoming request"}
{"level":30,"time":1788738940123,"pid":68337,"hostname":"Mac-mini-de-Javier.local","reqId":"6f26d3e5-ee6e-4743-a2a4-599705eca276","res":{"statusCode":200},"responseTime":11.046084000001429,"msg":"request completed"}
{"level":30,"time":1788738940123,"pid":68337,"hostname":"Mac-mini-de-Javier.local","reqId":"65bc93f9-24a2-4482-9614-c252a26cd8c1","req":{"method":"GET","url":"/expediente/post-award-alerts","host":"127.0.0.1:3493","remoteAddress":"127.0.0.1","remotePort":64686},"msg":"incoming request"}
{"level":30,"time":1788738940142,"pid":68337,"hostname":"Mac-mini-de-Javier.local","reqId":"65bc93f9-24a2-4482-9614-c252a26cd8c1","res":{"statusCode":200},"responseTime":18.610499999995227,"msg":"request completed"}
[api] {"level":30,"time":1788738940143,"pid":68337,"hostname":"Mac-mini-de-Javier.local","reqId":"41e01513-e54b-4d66-8e4a-da70f4e8f1c9","req":{"method":"GET","url":"/audit-log","host":"127.0.0.1:3493","remoteAddress":"127.0.0.1","remotePort":64687},"msg":"incoming request"}
{"level":30,"time":1788738940156,"pid":68337,"hostname":"Mac-mini-de-Javier.local","reqId":"41e01513-e54b-4d66-8e4a-da70f4e8f1c9","res":{"statusCode":200},"responseTime":12.54558299999917,"msg":"request completed"}
{"level":30,"time":1788738940156,"pid":68337,"hostname":"Mac-mini-de-Javier.local","reqId":"f2817439-b43b-4be5-b5aa-fdec734ca256","req":{"method":"GET","url":"/company/profile","host":"127.0.0.1:3493","remoteAddress":"127.0.0.1","remotePort":64688},"msg":"incoming request"}
{"level":30,"time":1788738940166,"pid":68337,"hostname":"Mac-mini-de-Javier.local","reqId":"f2817439-b43b-4be5-b5aa-fdec734ca256","res":{"statusCode":200},"responseTime":9.83612500000163,"msg":"request completed"}
[api] {"level":30,"time":1788738940166,"pid":68337,"hostname":"Mac-mini-de-Javier.local","reqId":"32858734-6eb6-486e-a8fd-ad8a0cfbf114","req":{"method":"GET","url":"/company/documents","host":"127.0.0.1:3493","remoteAddress":"127.0.0.1","remotePort":64690},"msg":"incoming request"}
{"level":30,"time":1788738940168,"pid":68337,"hostname":"Mac-mini-de-Javier.local","reqId":"32858734-6eb6-486e-a8fd-ad8a0cfbf114","res":{"statusCode":200},"responseTime":1.726875000000291,"msg":"request completed"}
{"level":30,"time":1788738940173,"pid":68337,"hostname":"Mac-mini-de-Javier.local","reqId":"c16e4e73-5fac-49b3-9782-bd96e86cc8e0","req":{"method":"GET","url":"/tenders?limit=1","host":"127.0.0.1:3493","remoteAddress":"127.0.0.1","remotePort":64692},"msg":"incoming request"}
{"level":30,"time":1788738940185,"pid":68337,"hostname":"Mac-mini-de-Javier.local","reqId":"c16e4e73-5fac-49b3-9782-bd96e86cc8e0","res":{"statusCode":200},"responseTime":11.218334000004688,"msg":"request completed"}
[api] {"level":30,"time":1788738940185,"pid":68337,"hostname":"Mac-mini-de-Javier.local","reqId":"01bfad91-36aa-463b-8c45-5f01a5484b19","req":{"method":"GET","url":"/auth/2fa/status","host":"127.0.0.1:3493","remoteAddress":"127.0.0.1","remotePort":64694},"msg":"incoming request"}
{"level":30,"time":1788738940190,"pid":68337,"hostname":"Mac-mini-de-Javier.local","reqId":"01bfad91-36aa-463b-8c45-5f01a5484b19","res":{"statusCode":200},"responseTime":4.2465420000007725,"msg":"request completed"}
[api] {"level":30,"time":1788738940874,"pid":68337,"hostname":"Mac-mini-de-Javier.local","reqId":"df1e1707-c690-451c-8cf0-68d5ca7b3639","req":{"method":"POST","url":"/auth/refresh","host":"127.0.0.1:3493","remoteAddress":"127.0.0.1","remotePort":64713},"msg":"incoming request"}
[api] {"level":30,"time":1788738940883,"pid":68337,"hostname":"Mac-mini-de-Javier.local","reqId":"df1e1707-c690-451c-8cf0-68d5ca7b3639","res":{"statusCode":200},"responseTime":9.337166999997862,"msg":"request completed"}
[api] {"level":30,"time":1788738940887,"pid":68337,"hostname":"Mac-mini-de-Javier.local","reqId":"01887911-b177-4b03-a025-344c270dd6ec","req":{"method":"GET","url":"/me","host":"127.0.0.1:3493","remoteAddress":"127.0.0.1","remotePort":64714},"msg":"incoming request"}
[api] {"level":30,"time":1788738940888,"pid":68337,"hostname":"Mac-mini-de-Javier.local","reqId":"01887911-b177-4b03-a025-344c270dd6ec","res":{"statusCode":200},"responseTime":1.3827909999963595,"msg":"request completed"}
[api] {"level":30,"time":1788738940888,"pid":68337,"hostname":"Mac-mini-de-Javier.local","reqId":"ba83ef45-acae-4619-9391-4c153902771e","req":{"method":"GET","url":"/organizations","host":"127.0.0.1:3493","remoteAddress":"127.0.0.1","remotePort":64715},"msg":"incoming request"}
{"level":30,"time":1788738940891,"pid":68337,"hostname":"Mac-mini-de-Javier.local","reqId":"ba83ef45-acae-4619-9391-4c153902771e","res":{"statusCode":200},"responseTime":2.393499999998312,"msg":"request completed"}
[api] {"level":30,"time":1788738940911,"pid":68337,"hostname":"Mac-mini-de-Javier.local","reqId":"dc14464b-6328-469e-a4da-3e601c7adf8f","req":{"method":"GET","url":"/tenders?limit=50","host":"127.0.0.1:3493","remoteAddress":"127.0.0.1","remotePort":64721},"msg":"incoming request"}
[api] {"level":30,"time":1788738940918,"pid":68337,"hostname":"Mac-mini-de-Javier.local","reqId":"dc14464b-6328-469e-a4da-3e601c7adf8f","res":{"statusCode":200},"responseTime":6.189957999995386,"msg":"request completed"}
[api] {"level":30,"time":1788738941986,"pid":68337,"hostname":"Mac-mini-de-Javier.local","reqId":"ed5b6bf5-a14b-4cbc-880e-ca99e2e1ef71","req":{"method":"GET","url":"/expediente/tenders/ccce845a-4944-4bcf-8fbb-ef3868d1bedb/checklist","host":"127.0.0.1:3493","remoteAddress":"127.0.0.1","remotePort":64736},"msg":"incoming request"}
[api] {"level":30,"time":1788738942123,"pid":68337,"hostname":"Mac-mini-de-Javier.local","reqId":"ed5b6bf5-a14b-4cbc-880e-ca99e2e1ef71","res":{"statusCode":200},"responseTime":129.8309999999983,"msg":"request completed"}
[api] {"level":30,"time":1788738942260,"pid":68337,"hostname":"Mac-mini-de-Javier.local","reqId":"7eb195de-4609-4e63-9286-466c35d38f77","req":{"method":"POST","url":"/expediente/tenders/ccce845a-4944-4bcf-8fbb-ef3868d1bedb/checklist/run","host":"127.0.0.1:3493","remoteAddress":"127.0.0.1","remotePort":64739},"msg":"incoming request"}
[api] {"level":30,"time":1788738942526,"pid":68337,"hostname":"Mac-mini-de-Javier.local","reqId":"7eb195de-4609-4e63-9286-466c35d38f77","res":{"statusCode":200},"responseTime":266.6152920000022,"msg":"request completed"}
[api] {"level":30,"time":1788738942581,"pid":68337,"hostname":"Mac-mini-de-Javier.local","reqId":"fb14384b-81be-4ede-8331-a35be9f936a8","req":{"method":"GET","url":"/expediente/tenders/ccce845a-4944-4bcf-8fbb-ef3868d1bedb/checklist","host":"127.0.0.1:3493","remoteAddress":"127.0.0.1","remotePort":64742},"msg":"incoming request"}
[api] {"level":30,"time":1788738942613,"pid":68337,"hostname":"Mac-mini-de-Javier.local","reqId":"fb14384b-81be-4ede-8331-a35be9f936a8","res":{"statusCode":200},"responseTime":32.25620799999888,"msg":"request completed"}
  [32m✓[39m  [2m 28 [22m[chromium] › e2e/expediente-flujo-completo.spec.ts:227:3 › Expediente — flujo completo real (ronda 5) › Cumplimiento documental: ejecuta el checklist de integridad real y queda en verde[2m (3.0s)[22m
[api] {"level":30,"time":1788738942982,"pid":68337,"hostname":"Mac-mini-de-Javier.local","reqId":"4d8216b8-99d9-4c8e-baac-080f0c2d716b","req":{"method":"POST","url":"/auth/login","host":"127.0.0.1:3493","remoteAddress":"127.0.0.1","remotePort":63324},"msg":"incoming request"}
[api] {"level":30,"time":1788738943232,"pid":68337,"hostname":"Mac-mini-de-Javier.local","reqId":"4d8216b8-99d9-4c8e-baac-080f0c2d716b","res":{"statusCode":200},"responseTime":249.90600000000268,"msg":"request completed"}
[api] {"level":30,"time":1788738943529,"pid":68337,"hostname":"Mac-mini-de-Javier.local","reqId":"0ab9f6f7-a3c7-4e18-a943-768fc34e99b0","req":{"method":"POST","url":"/auth/refresh","host":"127.0.0.1:3493","remoteAddress":"127.0.0.1","remotePort":64764},"msg":"incoming request"}
[api] {"level":30,"time":1788738943532,"pid":68337,"hostname":"Mac-mini-de-Javier.local","reqId":"0ab9f6f7-a3c7-4e18-a943-768fc34e99b0","res":{"statusCode":200},"responseTime":2.692750000001979,"msg":"request completed"}
[api] {"level":30,"time":1788738943534,"pid":68337,"hostname":"Mac-mini-de-Javier.local","reqId":"a2116c2f-03dd-4a26-91d9-41a735297164","req":{"method":"GET","url":"/me","host":"127.0.0.1:3493","remoteAddress":"127.0.0.1","remotePort":64765},"msg":"incoming request"}
[api] {"level":30,"time":1788738943536,"pid":68337,"hostname":"Mac-mini-de-Javier.local","reqId":"a2116c2f-03dd-4a26-91d9-41a735297164","res":{"statusCode":200},"responseTime":1.5837499999979627,"msg":"request completed"}
[api] {"level":30,"time":1788738943536,"pid":68337,"hostname":"Mac-mini-de-Javier.local","reqId":"a906b66f-a533-45a8-b7f1-d508b21f4316","req":{"method":"GET","url":"/organizations","host":"127.0.0.1:3493","remoteAddress":"127.0.0.1","remotePort":64766},"msg":"incoming request"}
{"level":30,"time":1788738943537,"pid":68337,"hostname":"Mac-mini-de-Javier.local","reqId":"a906b66f-a533-45a8-b7f1-d508b21f4316","res":{"statusCode":200},"responseTime":1.0753750000003492,"msg":"request completed"}
[api] {"level":30,"time":1788738943571,"pid":68337,"hostname":"Mac-mini-de-Javier.local","reqId":"8b0c6036-a083-4f53-a918-b433c8da8670","req":{"method":"GET","url":"/tenders?limit=100","host":"127.0.0.1:3493","remoteAddress":"127.0.0.1","remotePort":64776},"msg":"incoming request"}
[api] {"level":30,"time":1788738943577,"pid":68337,"hostname":"Mac-mini-de-Javier.local","reqId":"8b0c6036-a083-4f53-a918-b433c8da8670","res":{"statusCode":200},"responseTime":5.122333999999682,"msg":"request completed"}
[api] {"level":30,"time":1788738943577,"pid":68337,"hostname":"Mac-mini-de-Javier.local","reqId":"1dbc305d-ead6-4f7a-a5f7-e7c9f688e80f","req":{"method":"GET","url":"/matching/tenders","host":"127.0.0.1:3493","remoteAddress":"127.0.0.1","remotePort":64777},"msg":"incoming request"}
{"level":30,"time":1788738943585,"pid":68337,"hostname":"Mac-mini-de-Javier.local","reqId":"1dbc305d-ead6-4f7a-a5f7-e7c9f688e80f","res":{"statusCode":200},"responseTime":7.644833000005747,"msg":"request completed"}
[api] {"level":30,"time":1788738943585,"pid":68337,"hostname":"Mac-mini-de-Javier.local","reqId":"c85e2226-d833-4274-9761-456eb807ba0f","req":{"method":"GET","url":"/company/rates","host":"127.0.0.1:3493","remoteAddress":"127.0.0.1","remotePort":64778},"msg":"incoming request"}
{"level":30,"time":1788738943593,"pid":68337,"hostname":"Mac-mini-de-Javier.local","reqId":"c85e2226-d833-4274-9761-456eb807ba0f","res":{"statusCode":200},"responseTime":6.818165999997291,"msg":"request completed"}
[api] {"level":30,"time":1788738943594,"pid":68337,"hostname":"Mac-mini-de-Javier.local","reqId":"27efafbc-fd1e-4086-8d86-ad9d163ea558","req":{"method":"GET","url":"/expediente/post-award-alerts","host":"127.0.0.1:3493","remoteAddress":"127.0.0.1","remotePort":64779},"msg":"incoming request"}
{"level":30,"time":1788738943597,"pid":68337,"hostname":"Mac-mini-de-Javier.local","reqId":"27efafbc-fd1e-4086-8d86-ad9d163ea558","res":{"statusCode":200},"responseTime":3.2119590000002063,"msg":"request completed"}
[api] {"level":30,"time":1788738943598,"pid":68337,"hostname":"Mac-mini-de-Javier.local","reqId":"8ee97b26-f11a-4315-919b-875b1cd4019e","req":{"method":"GET","url":"/audit-log","host":"127.0.0.1:3493","remoteAddress":"127.0.0.1","remotePort":64780},"msg":"incoming request"}
{"level":30,"time":1788738943601,"pid":68337,"hostname":"Mac-mini-de-Javier.local","reqId":"8ee97b26-f11a-4315-919b-875b1cd4019e","res":{"statusCode":403},"responseTime":2.991415999997116,"msg":"request completed"}
[api] {"level":30,"time":1788738943601,"pid":68337,"hostname":"Mac-mini-de-Javier.local","reqId":"eb7d3aaa-3dd8-4c74-9e08-24455ec693cf","req":{"method":"GET","url":"/company/profile","host":"127.0.0.1:3493","remoteAddress":"127.0.0.1","remotePort":64781},"msg":"incoming request"}
{"level":30,"time":1788738943611,"pid":68337,"hostname":"Mac-mini-de-Javier.local","reqId":"eb7d3aaa-3dd8-4c74-9e08-24455ec693cf","res":{"statusCode":200},"responseTime":9.082666000002064,"msg":"request completed"}
[api] {"level":30,"time":1788738943611,"pid":68337,"hostname":"Mac-mini-de-Javier.local","reqId":"6f069abe-926e-4aa2-8b81-5c28b1597af2","req":{"method":"GET","url":"/company/documents","host":"127.0.0.1:3493","remoteAddress":"127.0.0.1","remotePort":64783},"msg":"incoming request"}
{"level":30,"time":1788738943625,"pid":68337,"hostname":"Mac-mini-de-Javier.local","reqId":"6f069abe-926e-4aa2-8b81-5c28b1597af2","res":{"statusCode":200},"responseTime":13.254540999994788,"msg":"request completed"}
[api] {"level":30,"time":1788738943626,"pid":68337,"hostname":"Mac-mini-de-Javier.local","reqId":"f0061d31-e7e9-4e2d-a1a0-a44715ce3bd1","req":{"method":"GET","url":"/tenders?limit=1","host":"127.0.0.1:3493","remoteAddress":"127.0.0.1","remotePort":64785},"msg":"incoming request"}
{"level":30,"time":1788738943631,"pid":68337,"hostname":"Mac-mini-de-Javier.local","reqId":"f0061d31-e7e9-4e2d-a1a0-a44715ce3bd1","res":{"statusCode":200},"responseTime":4.438749999993888,"msg":"request completed"}
[api] {"level":30,"time":1788738943631,"pid":68337,"hostname":"Mac-mini-de-Javier.local","reqId":"b8f5f1d0-7747-45dc-9294-1a483008e39b","req":{"method":"GET","url":"/auth/2fa/status","host":"127.0.0.1:3493","remoteAddress":"127.0.0.1","remotePort":64790},"msg":"incoming request"}
{"level":30,"time":1788738943634,"pid":68337,"hostname":"Mac-mini-de-Javier.local","reqId":"b8f5f1d0-7747-45dc-9294-1a483008e39b","res":{"statusCode":200},"responseTime":2.514415999998164,"msg":"request completed"}
[api] {"level":30,"time":1788738944606,"pid":68337,"hostname":"Mac-mini-de-Javier.local","reqId":"48286764-48be-40db-9983-875bd04bc424","req":{"method":"GET","url":"/audit-log","host":"127.0.0.1:3493","remoteAddress":"127.0.0.1","remotePort":64812},"msg":"incoming request"}
[api] {"level":30,"time":1788738944609,"pid":68337,"hostname":"Mac-mini-de-Javier.local","reqId":"48286764-48be-40db-9983-875bd04bc424","res":{"statusCode":403},"responseTime":2.932042000000365,"msg":"request completed"}
[api] {"level":30,"time":1788738944641,"pid":68337,"hostname":"Mac-mini-de-Javier.local","reqId":"23962158-8a66-493c-81ce-0118e42de720","req":{"method":"GET","url":"/tenders?limit=100","host":"127.0.0.1:3493","remoteAddress":"127.0.0.1","remotePort":64819},"msg":"incoming request"}
[api] {"level":30,"time":1788738944650,"pid":68337,"hostname":"Mac-mini-de-Javier.local","reqId":"23962158-8a66-493c-81ce-0118e42de720","res":{"statusCode":200},"responseTime":8.765874999997322,"msg":"request completed"}
{"level":30,"time":1788738944651,"pid":68337,"hostname":"Mac-mini-de-Javier.local","reqId":"5d40b252-ac7d-480b-bb80-7627785b26e5","req":{"method":"GET","url":"/matching/tenders","host":"127.0.0.1:3493","remoteAddress":"127.0.0.1","remotePort":64820},"msg":"incoming request"}
{"level":30,"time":1788738944666,"pid":68337,"hostname":"Mac-mini-de-Javier.local","reqId":"5d40b252-ac7d-480b-bb80-7627785b26e5","res":{"statusCode":200},"responseTime":15.035708999996132,"msg":"request completed"}
{"level":30,"time":1788738944666,"pid":68337,"hostname":"Mac-mini-de-Javier.local","reqId":"bd17d93a-9784-4810-8e7f-f2f99c27e0a4","req":{"method":"GET","url":"/company/rates","host":"127.0.0.1:3493","remoteAddress":"127.0.0.1","remotePort":64821},"msg":"incoming request"}
{"level":30,"time":1788738944670,"pid":68337,"hostname":"Mac-mini-de-Javier.local","reqId":"bd17d93a-9784-4810-8e7f-f2f99c27e0a4","res":{"statusCode":200},"responseTime":3.948792000002868,"msg":"request completed"}
{"level":30,"time":1788738944670,"pid":68337,"hostname":"Mac-mini-de-Javier.local","reqId":"8ef51a84-1378-4a55-836e-d27feca09c18","req":{"method":"GET","url":"/expediente/post-award-alerts","host":"127.0.0.1:3493","remoteAddress":"127.0.0.1","remotePort":64822},"msg":"incoming request"}
{"level":30,"time":1788738944675,"pid":68337,"hostname":"Mac-mini-de-Javier.local","reqId":"8ef51a84-1378-4a55-836e-d27feca09c18","res":{"statusCode":200},"responseTime":4.841916000004858,"msg":"request completed"}
{"level":30,"time":1788738944675,"pid":68337,"hostname":"Mac-mini-de-Javier.local","reqId":"22060d40-c5d4-4179-8faf-7de62eced081","req":{"method":"GET","url":"/audit-log","host":"127.0.0.1:3493","remoteAddress":"127.0.0.1","remotePort":64823},"msg":"incoming request"}
{"level":30,"time":1788738944682,"pid":68337,"hostname":"Mac-mini-de-Javier.local","reqId":"22060d40-c5d4-4179-8faf-7de62eced081","res":{"statusCode":403},"responseTime":6.266209000001254,"msg":"request completed"}
{"level":30,"time":1788738944682,"pid":68337,"hostname":"Mac-mini-de-Javier.local","reqId":"82de8fc7-d2ac-4ea8-8bd3-375c075e58af","req":{"method":"GET","url":"/company/profile","host":"127.0.0.1:3493","remoteAddress":"127.0.0.1","remotePort":64824},"msg":"incoming request"}
{"level":30,"time":1788738944686,"pid":68337,"hostname":"Mac-mini-de-Javier.local","reqId":"82de8fc7-d2ac-4ea8-8bd3-375c075e58af","res":{"statusCode":200},"responseTime":4.4395000000004075,"msg":"request completed"}
[api] {"level":30,"time":1788738944687,"pid":68337,"hostname":"Mac-mini-de-Javier.local","reqId":"e3c6976e-1c18-4ee5-bd5c-8176287a79f9","req":{"method":"GET","url":"/company/documents","host":"127.0.0.1:3493","remoteAddress":"127.0.0.1","remotePort":64826},"msg":"incoming request"}
[api] {"level":30,"time":1788738944691,"pid":68337,"hostname":"Mac-mini-de-Javier.local","reqId":"e3c6976e-1c18-4ee5-bd5c-8176287a79f9","res":{"statusCode":200},"responseTime":4.182459000003291,"msg":"request completed"}
[api] {"level":30,"time":1788738944692,"pid":68337,"hostname":"Mac-mini-de-Javier.local","reqId":"d0ede8d7-c3d5-4f73-96f7-33a030e66204","req":{"method":"GET","url":"/tenders?limit=1","host":"127.0.0.1:3493","remoteAddress":"127.0.0.1","remotePort":64828},"msg":"incoming request"}
{"level":30,"time":1788738944697,"pid":68337,"hostname":"Mac-mini-de-Javier.local","reqId":"d0ede8d7-c3d5-4f73-96f7-33a030e66204","res":{"statusCode":200},"responseTime":4.982166000001598,"msg":"request completed"}
[api] {"level":30,"time":1788738944887,"pid":68337,"hostname":"Mac-mini-de-Javier.local","reqId":"375aef1b-78ac-4e41-98a7-354590a7eab2","req":{"method":"POST","url":"/auth/refresh","host":"127.0.0.1:3493","remoteAddress":"127.0.0.1","remotePort":64835},"msg":"incoming request"}
[api] {"level":30,"time":1788738944893,"pid":68337,"hostname":"Mac-mini-de-Javier.local","reqId":"375aef1b-78ac-4e41-98a7-354590a7eab2","res":{"statusCode":200},"responseTime":6.210916999996698,"msg":"request completed"}
[api] {"level":30,"time":1788738944903,"pid":68337,"hostname":"Mac-mini-de-Javier.local","reqId":"04929fdf-aeef-453e-ba23-160e1748e33a","req":{"method":"GET","url":"/me","host":"127.0.0.1:3493","remoteAddress":"127.0.0.1","remotePort":64836},"msg":"incoming request"}
[api] {"level":30,"time":1788738944906,"pid":68337,"hostname":"Mac-mini-de-Javier.local","reqId":"04929fdf-aeef-453e-ba23-160e1748e33a","res":{"statusCode":200},"responseTime":2.8438330000062706,"msg":"request completed"}
[api] {"level":30,"time":1788738944907,"pid":68337,"hostname":"Mac-mini-de-Javier.local","reqId":"fefa930c-fd23-433f-80a1-632f1efa4be5","req":{"method":"GET","url":"/organizations","host":"127.0.0.1:3493","remoteAddress":"127.0.0.1","remotePort":64837},"msg":"incoming request"}
[api] {"level":30,"time":1788738944910,"pid":68337,"hostname":"Mac-mini-de-Javier.local","reqId":"fefa930c-fd23-433f-80a1-632f1efa4be5","res":{"statusCode":200},"responseTime":2.6115419999987353,"msg":"request completed"}
[api] {"level":30,"time":1788738944942,"pid":68337,"hostname":"Mac-mini-de-Javier.local","reqId":"ae2a2e58-3895-47d6-b874-b70b897e6472","req":{"method":"GET","url":"/tenders?limit=50","host":"127.0.0.1:3493","remoteAddress":"127.0.0.1","remotePort":64843},"msg":"incoming request"}
[api] {"level":30,"time":1788738944944,"pid":68337,"hostname":"Mac-mini-de-Javier.local","reqId":"ae2a2e58-3895-47d6-b874-b70b897e6472","res":{"statusCode":200},"responseTime":2.113540999998804,"msg":"request completed"}
[api] {"level":30,"time":1788738944944,"pid":68337,"hostname":"Mac-mini-de-Javier.local","reqId":"fb421125-1de2-4550-a521-5f1ce555e0d8","req":{"method":"GET","url":"/auth/2fa/status","host":"127.0.0.1:3493","remoteAddress":"127.0.0.1","remotePort":64844},"msg":"incoming request"}
{"level":30,"time":1788738944947,"pid":68337,"hostname":"Mac-mini-de-Javier.local","reqId":"fb421125-1de2-4550-a521-5f1ce555e0d8","res":{"statusCode":200},"responseTime":2.135958999999275,"msg":"request completed"}
[api] {"level":30,"time":1788738945794,"pid":68337,"hostname":"Mac-mini-de-Javier.local","reqId":"94acb9c9-b4b3-4dab-bf14-0a7b3380dbcb","req":{"method":"GET","url":"/expediente/tenders/ccce845a-4944-4bcf-8fbb-ef3868d1bedb/approval","host":"127.0.0.1:3493","remoteAddress":"127.0.0.1","remotePort":64849},"msg":"incoming request"}
[api] {"level":30,"time":1788738945815,"pid":68337,"hostname":"Mac-mini-de-Javier.local","reqId":"94acb9c9-b4b3-4dab-bf14-0a7b3380dbcb","res":{"statusCode":200},"responseTime":21.136500000000524,"msg":"request completed"}
[api] {"level":30,"time":1788738946005,"pid":68337,"hostname":"Mac-mini-de-Javier.local","reqId":"cdf55f08-ab60-477b-b0f2-6075af378c27","req":{"method":"POST","url":"/expediente/tenders/ccce845a-4944-4bcf-8fbb-ef3868d1bedb/approval/request-review","host":"127.0.0.1:3493","remoteAddress":"127.0.0.1","remotePort":64850},"msg":"incoming request"}
[api] {"level":30,"time":1788738946031,"pid":68337,"hostname":"Mac-mini-de-Javier.local","reqId":"cdf55f08-ab60-477b-b0f2-6075af378c27","res":{"statusCode":200},"responseTime":25.972084000000905,"msg":"request completed"}
[api] {"level":30,"time":1788738946035,"pid":68337,"hostname":"Mac-mini-de-Javier.local","reqId":"bf15b4de-4e6e-47d9-8624-d83ab388807d","req":{"method":"GET","url":"/expediente/tenders/ccce845a-4944-4bcf-8fbb-ef3868d1bedb/approval","host":"127.0.0.1:3493","remoteAddress":"127.0.0.1","remotePort":64851},"msg":"incoming request"}
[api] {"level":30,"time":1788738946053,"pid":68337,"hostname":"Mac-mini-de-Javier.local","reqId":"bf15b4de-4e6e-47d9-8624-d83ab388807d","res":{"statusCode":200},"responseTime":18.311290999998164,"msg":"request completed"}
  [32m✓[39m  [2m 29 [22m[chromium] › e2e/expediente-flujo-completo.spec.ts:238:3 › Expediente — flujo completo real (ronda 5) › Revisión: writer solicita revisión del expediente[2m (2.9s)[22m
[api] {"level":30,"time":1788738946224,"pid":68337,"hostname":"Mac-mini-de-Javier.local","reqId":"a8e059a7-7442-450b-ac53-b8768c47f2b7","req":{"method":"POST","url":"/auth/refresh","host":"127.0.0.1:3493","remoteAddress":"127.0.0.1","remotePort":64855},"msg":"incoming request"}
[api] {"level":30,"time":1788738946227,"pid":68337,"hostname":"Mac-mini-de-Javier.local","reqId":"a8e059a7-7442-450b-ac53-b8768c47f2b7","res":{"statusCode":200},"responseTime":2.481667000000016,"msg":"request completed"}
[api] {"level":30,"time":1788738946230,"pid":68337,"hostname":"Mac-mini-de-Javier.local","reqId":"3d28566f-5155-43f0-a0c1-ba15c68785e2","req":{"method":"GET","url":"/me","host":"127.0.0.1:3493","remoteAddress":"127.0.0.1","remotePort":64856},"msg":"incoming request"}
[api] {"level":30,"time":1788738946233,"pid":68337,"hostname":"Mac-mini-de-Javier.local","reqId":"3d28566f-5155-43f0-a0c1-ba15c68785e2","res":{"statusCode":200},"responseTime":2.641958000000159,"msg":"request completed"}
[api] {"level":30,"time":1788738946233,"pid":68337,"hostname":"Mac-mini-de-Javier.local","reqId":"6383a9e0-31aa-4c2d-89be-880c3c3e75b3","req":{"method":"GET","url":"/organizations","host":"127.0.0.1:3493","remoteAddress":"127.0.0.1","remotePort":64857},"msg":"incoming request"}
{"level":30,"time":1788738946236,"pid":68337,"hostname":"Mac-mini-de-Javier.local","reqId":"6383a9e0-31aa-4c2d-89be-880c3c3e75b3","res":{"statusCode":200},"responseTime":2.304916000000958,"msg":"request completed"}
[api] {"level":30,"time":1788738946275,"pid":68337,"hostname":"Mac-mini-de-Javier.local","reqId":"83064f10-7a4c-4b98-aa5a-01050adce227","req":{"method":"GET","url":"/tenders?limit=100","host":"127.0.0.1:3493","remoteAddress":"127.0.0.1","remotePort":64863},"msg":"incoming request"}
[api] {"level":30,"time":1788738946285,"pid":68337,"hostname":"Mac-mini-de-Javier.local","reqId":"83064f10-7a4c-4b98-aa5a-01050adce227","res":{"statusCode":200},"responseTime":10.350833000004059,"msg":"request completed"}
{"level":30,"time":1788738946285,"pid":68337,"hostname":"Mac-mini-de-Javier.local","reqId":"c5359c3e-c689-4153-85df-5a491b4d54a7","req":{"method":"GET","url":"/matching/tenders","host":"127.0.0.1:3493","remoteAddress":"127.0.0.1","remotePort":64864},"msg":"incoming request"}
{"level":30,"time":1788738946310,"pid":68337,"hostname":"Mac-mini-de-Javier.local","reqId":"c5359c3e-c689-4153-85df-5a491b4d54a7","res":{"statusCode":200},"responseTime":24.174291999996058,"msg":"request completed"}
[api] {"level":30,"time":1788738946312,"pid":68337,"hostname":"Mac-mini-de-Javier.local","reqId":"f3a881d4-876d-44ad-b25c-01ce9b6ac87c","req":{"method":"GET","url":"/company/rates","host":"127.0.0.1:3493","remoteAddress":"127.0.0.1","remotePort":64865},"msg":"incoming request"}
{"level":30,"time":1788738946319,"pid":68337,"hostname":"Mac-mini-de-Javier.local","reqId":"f3a881d4-876d-44ad-b25c-01ce9b6ac87c","res":{"statusCode":200},"responseTime":6.713041999995767,"msg":"request completed"}
[api] {"level":30,"time":1788738946319,"pid":68337,"hostname":"Mac-mini-de-Javier.local","reqId":"182e2128-5d83-41d2-80dd-86dea16bcd6f","req":{"method":"GET","url":"/expediente/post-award-alerts","host":"127.0.0.1:3493","remoteAddress":"127.0.0.1","remotePort":64866},"msg":"incoming request"}
{"level":30,"time":1788738946325,"pid":68337,"hostname":"Mac-mini-de-Javier.local","reqId":"182e2128-5d83-41d2-80dd-86dea16bcd6f","res":{"statusCode":200},"responseTime":5.337707999999111,"msg":"request completed"}
[api] {"level":30,"time":1788738946328,"pid":68337,"hostname":"Mac-mini-de-Javier.local","reqId":"80b2d4fd-d4e6-42ef-bc50-ce52d3303ca6","req":{"method":"GET","url":"/audit-log","host":"127.0.0.1:3493","remoteAddress":"127.0.0.1","remotePort":64867},"msg":"incoming request"}
{"level":30,"time":1788738946335,"pid":68337,"hostname":"Mac-mini-de-Javier.local","reqId":"80b2d4fd-d4e6-42ef-bc50-ce52d3303ca6","res":{"statusCode":403},"responseTime":6.973124999996799,"msg":"request completed"}
[api] {"level":30,"time":1788738946335,"pid":68337,"hostname":"Mac-mini-de-Javier.local","reqId":"94ea1448-0ced-4a9c-8634-1159ffbe3e06","req":{"method":"GET","url":"/company/profile","host":"127.0.0.1:3493","remoteAddress":"127.0.0.1","remotePort":64868},"msg":"incoming request"}
{"level":30,"time":1788738946341,"pid":68337,"hostname":"Mac-mini-de-Javier.local","reqId":"94ea1448-0ced-4a9c-8634-1159ffbe3e06","res":{"statusCode":200},"responseTime":5.955000000001746,"msg":"request completed"}
[api] {"level":30,"time":1788738946341,"pid":68337,"hostname":"Mac-mini-de-Javier.local","reqId":"de7b4163-3b53-4a8e-86ef-2ecc7eb0f9be","req":{"method":"GET","url":"/company/documents","host":"127.0.0.1:3493","remoteAddress":"127.0.0.1","remotePort":64870},"msg":"incoming request"}
{"level":30,"time":1788738946349,"pid":68337,"hostname":"Mac-mini-de-Javier.local","reqId":"de7b4163-3b53-4a8e-86ef-2ecc7eb0f9be","res":{"statusCode":200},"responseTime":7.44695800000045,"msg":"request completed"}
[api] {"level":30,"time":1788738946350,"pid":68337,"hostname":"Mac-mini-de-Javier.local","reqId":"572fd5e8-902d-49c6-9d81-57fc2fae4181","req":{"method":"GET","url":"/tenders?limit=1","host":"127.0.0.1:3493","remoteAddress":"127.0.0.1","remotePort":64872},"msg":"incoming request"}
{"level":30,"time":1788738946355,"pid":68337,"hostname":"Mac-mini-de-Javier.local","reqId":"572fd5e8-902d-49c6-9d81-57fc2fae4181","res":{"statusCode":200},"responseTime":5.232792000002519,"msg":"request completed"}
[api] {"level":30,"time":1788738946356,"pid":68337,"hostname":"Mac-mini-de-Javier.local","reqId":"b50e567a-22ba-4f8c-b0f8-e730dda11218","req":{"method":"GET","url":"/auth/2fa/status","host":"127.0.0.1:3493","remoteAddress":"127.0.0.1","remotePort":64874},"msg":"incoming request"}
{"level":30,"time":1788738946358,"pid":68337,"hostname":"Mac-mini-de-Javier.local","reqId":"b50e567a-22ba-4f8c-b0f8-e730dda11218","res":{"statusCode":200},"responseTime":2.5698750000010477,"msg":"request completed"}
[api] {"level":30,"time":1788738946919,"pid":68337,"hostname":"Mac-mini-de-Javier.local","reqId":"af3dffe3-51d6-4d99-beae-19cccc06d492","req":{"method":"POST","url":"/auth/refresh","host":"127.0.0.1:3493","remoteAddress":"127.0.0.1","remotePort":64879},"msg":"incoming request"}
[api] {"level":30,"time":1788738946923,"pid":68337,"hostname":"Mac-mini-de-Javier.local","reqId":"af3dffe3-51d6-4d99-beae-19cccc06d492","res":{"statusCode":200},"responseTime":4.268041999996058,"msg":"request completed"}
[api] {"level":30,"time":1788738946930,"pid":68337,"hostname":"Mac-mini-de-Javier.local","reqId":"bc461cad-9ae9-4a0f-bf1c-64b3816db8f6","req":{"method":"GET","url":"/me","host":"127.0.0.1:3493","remoteAddress":"127.0.0.1","remotePort":64880},"msg":"incoming request"}
[api] {"level":30,"time":1788738946935,"pid":68337,"hostname":"Mac-mini-de-Javier.local","reqId":"bc461cad-9ae9-4a0f-bf1c-64b3816db8f6","res":{"statusCode":200},"responseTime":4.4498339999991,"msg":"request completed"}
{"level":30,"time":1788738946935,"pid":68337,"hostname":"Mac-mini-de-Javier.local","reqId":"15f6133a-4727-4c43-9ecc-94dc4fb043b7","req":{"method":"GET","url":"/organizations","host":"127.0.0.1:3493","remoteAddress":"127.0.0.1","remotePort":64881},"msg":"incoming request"}
{"level":30,"time":1788738946937,"pid":68337,"hostname":"Mac-mini-de-Javier.local","reqId":"15f6133a-4727-4c43-9ecc-94dc4fb043b7","res":{"statusCode":200},"responseTime":2.053165999997873,"msg":"request completed"}
[api] {"level":30,"time":1788738946963,"pid":68337,"hostname":"Mac-mini-de-Javier.local","reqId":"8297a209-58e4-4396-8c6d-62a4d4e34cc0","req":{"method":"GET","url":"/tenders?limit=50","host":"127.0.0.1:3493","remoteAddress":"127.0.0.1","remotePort":64887},"msg":"incoming request"}
[api] {"level":30,"time":1788738946969,"pid":68337,"hostname":"Mac-mini-de-Javier.local","reqId":"8297a209-58e4-4396-8c6d-62a4d4e34cc0","res":{"statusCode":200},"responseTime":5.727874999996857,"msg":"request completed"}
{"level":30,"time":1788738946969,"pid":68337,"hostname":"Mac-mini-de-Javier.local","reqId":"622f3cf6-4c01-4cc0-9178-ba44dcddad1c","req":{"method":"GET","url":"/auth/2fa/status","host":"127.0.0.1:3493","remoteAddress":"127.0.0.1","remotePort":64890},"msg":"incoming request"}
{"level":30,"time":1788738946976,"pid":68337,"hostname":"Mac-mini-de-Javier.local","reqId":"622f3cf6-4c01-4cc0-9178-ba44dcddad1c","res":{"statusCode":200},"responseTime":7.120374999998603,"msg":"request completed"}
[api] {"level":30,"time":1788738947811,"pid":68337,"hostname":"Mac-mini-de-Javier.local","reqId":"86bd577e-a5c0-4bd3-9cd1-cb05cc2353c4","req":{"method":"GET","url":"/expediente/tenders/ccce845a-4944-4bcf-8fbb-ef3868d1bedb/approval","host":"127.0.0.1:3493","remoteAddress":"127.0.0.1","remotePort":64905},"msg":"incoming request"}
[api] {"level":30,"time":1788738947890,"pid":68337,"hostname":"Mac-mini-de-Javier.local","reqId":"86bd577e-a5c0-4bd3-9cd1-cb05cc2353c4","res":{"statusCode":200},"responseTime":77.42991699999402,"msg":"request completed"}
  [32m✓[39m  [2m 30 [22m[chromium] › e2e/expediente-flujo-completo.spec.ts:250:3 › Expediente — flujo completo real (ronda 5) › A12: el rol writer no puede aprobar el expediente (la UI ni siquiera ofrece el botón)[2m (3.7s)[22m
[api] {"level":30,"time":1788738949891,"pid":68337,"hostname":"Mac-mini-de-Javier.local","reqId":"64df96a7-99ed-4671-af5a-d44eff96db2b","req":{"method":"POST","url":"/auth/refresh","host":"127.0.0.1:3493","remoteAddress":"127.0.0.1","remotePort":64926},"msg":"incoming request"}
[api] {"level":30,"time":1788738949901,"pid":68337,"hostname":"Mac-mini-de-Javier.local","reqId":"64df96a7-99ed-4671-af5a-d44eff96db2b","res":{"statusCode":200},"responseTime":9.638584000000264,"msg":"request completed"}
[api] {"level":30,"time":1788738949904,"pid":68337,"hostname":"Mac-mini-de-Javier.local","reqId":"bb6dbf4c-9194-46df-b638-b25b6125f122","req":{"method":"GET","url":"/me","host":"127.0.0.1:3493","remoteAddress":"127.0.0.1","remotePort":64927},"msg":"incoming request"}
[api] {"level":30,"time":1788738949906,"pid":68337,"hostname":"Mac-mini-de-Javier.local","reqId":"bb6dbf4c-9194-46df-b638-b25b6125f122","res":{"statusCode":200},"responseTime":1.8326670000024023,"msg":"request completed"}
{"level":30,"time":1788738949906,"pid":68337,"hostname":"Mac-mini-de-Javier.local","reqId":"f42f49cb-7df1-47ad-b8dc-a5fd066914d9","req":{"method":"GET","url":"/organizations","host":"127.0.0.1:3493","remoteAddress":"127.0.0.1","remotePort":64928},"msg":"incoming request"}
{"level":30,"time":1788738949908,"pid":68337,"hostname":"Mac-mini-de-Javier.local","reqId":"f42f49cb-7df1-47ad-b8dc-a5fd066914d9","res":{"statusCode":200},"responseTime":2.1569999999992433,"msg":"request completed"}
[api] {"level":30,"time":1788738949942,"pid":68337,"hostname":"Mac-mini-de-Javier.local","reqId":"f8c6fad6-4032-4851-a5ae-e6fbeac5a884","req":{"method":"GET","url":"/tenders?limit=100","host":"127.0.0.1:3493","remoteAddress":"127.0.0.1","remotePort":64934},"msg":"incoming request"}
[api] {"level":30,"time":1788738949949,"pid":68337,"hostname":"Mac-mini-de-Javier.local","reqId":"f8c6fad6-4032-4851-a5ae-e6fbeac5a884","res":{"statusCode":200},"responseTime":6.723250000002736,"msg":"request completed"}
{"level":30,"time":1788738949950,"pid":68337,"hostname":"Mac-mini-de-Javier.local","reqId":"ca19b139-b4d5-4ce3-b429-0036ae29f5f5","req":{"method":"GET","url":"/matching/tenders","host":"127.0.0.1:3493","remoteAddress":"127.0.0.1","remotePort":64935},"msg":"incoming request"}
{"level":30,"time":1788738949967,"pid":68337,"hostname":"Mac-mini-de-Javier.local","reqId":"ca19b139-b4d5-4ce3-b429-0036ae29f5f5","res":{"statusCode":200},"responseTime":17.742874999996275,"msg":"request completed"}
{"level":30,"time":1788738949968,"pid":68337,"hostname":"Mac-mini-de-Javier.local","reqId":"9e22548c-3c12-4880-92b9-020d9372edd7","req":{"method":"GET","url":"/company/rates","host":"127.0.0.1:3493","remoteAddress":"127.0.0.1","remotePort":64936},"msg":"incoming request"}
{"level":30,"time":1788738949971,"pid":68337,"hostname":"Mac-mini-de-Javier.local","reqId":"9e22548c-3c12-4880-92b9-020d9372edd7","res":{"statusCode":200},"responseTime":3.264083000001847,"msg":"request completed"}
{"level":30,"time":1788738949971,"pid":68337,"hostname":"Mac-mini-de-Javier.local","reqId":"48807b2b-36c3-45cb-9812-d036030e65a0","req":{"method":"GET","url":"/expediente/post-award-alerts","host":"127.0.0.1:3493","remoteAddress":"127.0.0.1","remotePort":64937},"msg":"incoming request"}
{"level":30,"time":1788738949975,"pid":68337,"hostname":"Mac-mini-de-Javier.local","reqId":"48807b2b-36c3-45cb-9812-d036030e65a0","res":{"statusCode":200},"responseTime":3.8801670000029844,"msg":"request completed"}
{"level":30,"time":1788738949975,"pid":68337,"hostname":"Mac-mini-de-Javier.local","reqId":"2d047587-292a-4c80-a6c0-50b7dd5c2193","req":{"method":"GET","url":"/audit-log","host":"127.0.0.1:3493","remoteAddress":"127.0.0.1","remotePort":64938},"msg":"incoming request"}
{"level":30,"time":1788738949982,"pid":68337,"hostname":"Mac-mini-de-Javier.local","reqId":"2d047587-292a-4c80-a6c0-50b7dd5c2193","res":{"statusCode":200},"responseTime":6.97324999999546,"msg":"request completed"}
[api] {"level":30,"time":1788738949982,"pid":68337,"hostname":"Mac-mini-de-Javier.local","reqId":"605585f6-3a6a-47f5-ae3f-232a166edf3a","req":{"method":"GET","url":"/company/profile","host":"127.0.0.1:3493","remoteAddress":"127.0.0.1","remotePort":64939},"msg":"incoming request"}
{"level":30,"time":1788738949987,"pid":68337,"hostname":"Mac-mini-de-Javier.local","reqId":"605585f6-3a6a-47f5-ae3f-232a166edf3a","res":{"statusCode":200},"responseTime":4.39679199999955,"msg":"request completed"}
[api] {"level":30,"time":1788738949988,"pid":68337,"hostname":"Mac-mini-de-Javier.local","reqId":"97d4ed72-1712-47e4-8160-8058102e85a6","req":{"method":"GET","url":"/company/documents","host":"127.0.0.1:3493","remoteAddress":"127.0.0.1","remotePort":64941},"msg":"incoming request"}
{"level":30,"time":1788738949992,"pid":68337,"hostname":"Mac-mini-de-Javier.local","reqId":"97d4ed72-1712-47e4-8160-8058102e85a6","res":{"statusCode":200},"responseTime":4.504832999999053,"msg":"request completed"}
[api] {"level":30,"time":1788738949993,"pid":68337,"hostname":"Mac-mini-de-Javier.local","reqId":"2ba5ce5c-e947-4090-95fd-923b072fd431","req":{"method":"GET","url":"/tenders?limit=1","host":"127.0.0.1:3493","remoteAddress":"127.0.0.1","remotePort":64943},"msg":"incoming request"}
{"level":30,"time":1788738949999,"pid":68337,"hostname":"Mac-mini-de-Javier.local","reqId":"2ba5ce5c-e947-4090-95fd-923b072fd431","res":{"statusCode":200},"responseTime":6.237082999999984,"msg":"request completed"}
[api] {"level":30,"time":1788738949999,"pid":68337,"hostname":"Mac-mini-de-Javier.local","reqId":"e7519fc6-0941-42fc-b106-be4d8d09bbd9","req":{"method":"GET","url":"/auth/2fa/status","host":"127.0.0.1:3493","remoteAddress":"127.0.0.1","remotePort":64945},"msg":"incoming request"}
{"level":30,"time":1788738950002,"pid":68337,"hostname":"Mac-mini-de-Javier.local","reqId":"e7519fc6-0941-42fc-b106-be4d8d09bbd9","res":{"statusCode":200},"responseTime":2.7032079999989946,"msg":"request completed"}
[api] {"level":30,"time":1788738950560,"pid":68337,"hostname":"Mac-mini-de-Javier.local","reqId":"47087c99-89c5-4104-836f-192ffef9a0af","req":{"method":"POST","url":"/auth/refresh","host":"127.0.0.1:3493","remoteAddress":"127.0.0.1","remotePort":64954},"msg":"incoming request"}
[api] {"level":30,"time":1788738950567,"pid":68337,"hostname":"Mac-mini-de-Javier.local","reqId":"47087c99-89c5-4104-836f-192ffef9a0af","res":{"statusCode":200},"responseTime":7.242874999996275,"msg":"request completed"}
[api] {"level":30,"time":1788738950581,"pid":68337,"hostname":"Mac-mini-de-Javier.local","reqId":"4daf6af6-029d-4f91-b95e-c301a1ffb0d8","req":{"method":"GET","url":"/me","host":"127.0.0.1:3493","remoteAddress":"127.0.0.1","remotePort":64955},"msg":"incoming request"}
[api] {"level":30,"time":1788738950586,"pid":68337,"hostname":"Mac-mini-de-Javier.local","reqId":"4daf6af6-029d-4f91-b95e-c301a1ffb0d8","res":{"statusCode":200},"responseTime":4.828209000006609,"msg":"request completed"}
[api] {"level":30,"time":1788738950587,"pid":68337,"hostname":"Mac-mini-de-Javier.local","reqId":"d082097c-3b6d-44c9-864a-9de26b5189e1","req":{"method":"GET","url":"/organizations","host":"127.0.0.1:3493","remoteAddress":"127.0.0.1","remotePort":64956},"msg":"incoming request"}
{"level":30,"time":1788738950590,"pid":68337,"hostname":"Mac-mini-de-Javier.local","reqId":"d082097c-3b6d-44c9-864a-9de26b5189e1","res":{"statusCode":200},"responseTime":3.060833999996248,"msg":"request completed"}
[api] {"level":30,"time":1788738950615,"pid":68337,"hostname":"Mac-mini-de-Javier.local","reqId":"87c6257e-50de-44e3-9670-339fe7100db1","req":{"method":"GET","url":"/tenders?limit=50","host":"127.0.0.1:3493","remoteAddress":"127.0.0.1","remotePort":64964},"msg":"incoming request"}
[api] {"level":30,"time":1788738950622,"pid":68337,"hostname":"Mac-mini-de-Javier.local","reqId":"87c6257e-50de-44e3-9670-339fe7100db1","res":{"statusCode":200},"responseTime":6.120125000001281,"msg":"request completed"}
[api] {"level":30,"time":1788738950622,"pid":68337,"hostname":"Mac-mini-de-Javier.local","reqId":"faab9dcb-935d-4e91-9236-c81fd0a319d8","req":{"method":"GET","url":"/auth/2fa/status","host":"127.0.0.1:3493","remoteAddress":"127.0.0.1","remotePort":64965},"msg":"incoming request"}
{"level":30,"time":1788738950627,"pid":68337,"hostname":"Mac-mini-de-Javier.local","reqId":"faab9dcb-935d-4e91-9236-c81fd0a319d8","res":{"statusCode":200},"responseTime":4.931250000001455,"msg":"request completed"}
[api] {"level":30,"time":1788738951548,"pid":68337,"hostname":"Mac-mini-de-Javier.local","reqId":"1dd80759-c03d-423a-ac2c-4cf1843f690b","req":{"method":"GET","url":"/expediente/tenders/ccce845a-4944-4bcf-8fbb-ef3868d1bedb/approval","host":"127.0.0.1:3493","remoteAddress":"127.0.0.1","remotePort":64972},"msg":"incoming request"}
[api] {"level":30,"time":1788738951605,"pid":68337,"hostname":"Mac-mini-de-Javier.local","reqId":"1dd80759-c03d-423a-ac2c-4cf1843f690b","res":{"statusCode":200},"responseTime":56.27441700000054,"msg":"request completed"}
[api] {"level":30,"time":1788738952027,"pid":68337,"hostname":"Mac-mini-de-Javier.local","reqId":"03a12f72-eaef-4534-bfb3-2be221f9c962","req":{"method":"POST","url":"/auth/2fa/step-up","host":"127.0.0.1:3493","remoteAddress":"127.0.0.1","remotePort":64979},"msg":"incoming request"}
[api] {"level":30,"time":1788738952045,"pid":68337,"hostname":"Mac-mini-de-Javier.local","reqId":"03a12f72-eaef-4534-bfb3-2be221f9c962","res":{"statusCode":201},"responseTime":17.871832999997423,"msg":"request completed"}
[api] {"level":30,"time":1788738952048,"pid":68337,"hostname":"Mac-mini-de-Javier.local","reqId":"1af81638-283e-4beb-bfaa-5434acad53e4","req":{"method":"POST","url":"/expediente/tenders/ccce845a-4944-4bcf-8fbb-ef3868d1bedb/approval/approve","host":"127.0.0.1:3493","remoteAddress":"127.0.0.1","remotePort":64980},"msg":"incoming request"}
[api] {"level":30,"time":1788738952084,"pid":68337,"hostname":"Mac-mini-de-Javier.local","reqId":"1af81638-283e-4beb-bfaa-5434acad53e4","res":{"statusCode":200},"responseTime":35.738750000004075,"msg":"request completed"}
[api] {"level":30,"time":1788738952088,"pid":68337,"hostname":"Mac-mini-de-Javier.local","reqId":"924db920-aa33-4833-b295-128a42ca70de","req":{"method":"GET","url":"/expediente/tenders/ccce845a-4944-4bcf-8fbb-ef3868d1bedb/approval","host":"127.0.0.1:3493","remoteAddress":"127.0.0.1","remotePort":64981},"msg":"incoming request"}
[api] {"level":30,"time":1788738952100,"pid":68337,"hostname":"Mac-mini-de-Javier.local","reqId":"924db920-aa33-4833-b295-128a42ca70de","res":{"statusCode":200},"responseTime":11.929750000002969,"msg":"request completed"}
  [32m✓[39m  [2m 31 [22m[chromium] › e2e/expediente-flujo-completo.spec.ts:273:3 › Expediente — flujo completo real (ronda 5) › admin aprueba el expediente con step-up 2FA (actor distinto de quien solicitó la revisión)[2m (2.3s)[22m
[api] {"level":30,"time":1788738952260,"pid":68337,"hostname":"Mac-mini-de-Javier.local","reqId":"5287742c-ae68-4a40-9c38-c9ea5acd86d7","req":{"method":"POST","url":"/auth/refresh","host":"127.0.0.1:3493","remoteAddress":"127.0.0.1","remotePort":64986},"msg":"incoming request"}
[api] {"level":30,"time":1788738952268,"pid":68337,"hostname":"Mac-mini-de-Javier.local","reqId":"5287742c-ae68-4a40-9c38-c9ea5acd86d7","res":{"statusCode":200},"responseTime":7.5222089999952,"msg":"request completed"}
[api] {"level":30,"time":1788738952273,"pid":68337,"hostname":"Mac-mini-de-Javier.local","reqId":"b4859e75-2182-4c5a-b894-61275cc3fd3d","req":{"method":"GET","url":"/me","host":"127.0.0.1:3493","remoteAddress":"127.0.0.1","remotePort":64987},"msg":"incoming request"}
[api] {"level":30,"time":1788738952277,"pid":68337,"hostname":"Mac-mini-de-Javier.local","reqId":"b4859e75-2182-4c5a-b894-61275cc3fd3d","res":{"statusCode":200},"responseTime":3.0372500000012224,"msg":"request completed"}
{"level":30,"time":1788738952277,"pid":68337,"hostname":"Mac-mini-de-Javier.local","reqId":"ea4f7c89-ac8e-4e70-b5fe-f7e2a96e441c","req":{"method":"GET","url":"/organizations","host":"127.0.0.1:3493","remoteAddress":"127.0.0.1","remotePort":64988},"msg":"incoming request"}
{"level":30,"time":1788738952281,"pid":68337,"hostname":"Mac-mini-de-Javier.local","reqId":"ea4f7c89-ac8e-4e70-b5fe-f7e2a96e441c","res":{"statusCode":200},"responseTime":3.6143750000046566,"msg":"request completed"}
[api] {"level":30,"time":1788738952333,"pid":68337,"hostname":"Mac-mini-de-Javier.local","reqId":"f8423b95-711f-474b-8447-381acce75d4d","req":{"method":"GET","url":"/tenders?limit=100","host":"127.0.0.1:3493","remoteAddress":"127.0.0.1","remotePort":64994},"msg":"incoming request"}
[api] {"level":30,"time":1788738952344,"pid":68337,"hostname":"Mac-mini-de-Javier.local","reqId":"f8423b95-711f-474b-8447-381acce75d4d","res":{"statusCode":200},"responseTime":10.796417000005022,"msg":"request completed"}
[api] {"level":30,"time":1788738952344,"pid":68337,"hostname":"Mac-mini-de-Javier.local","reqId":"4faf3362-0996-4774-848c-f5a09f70e742","req":{"method":"GET","url":"/matching/tenders","host":"127.0.0.1:3493","remoteAddress":"127.0.0.1","remotePort":64995},"msg":"incoming request"}
{"level":30,"time":1788738952365,"pid":68337,"hostname":"Mac-mini-de-Javier.local","reqId":"4faf3362-0996-4774-848c-f5a09f70e742","res":{"statusCode":200},"responseTime":20.85274999999092,"msg":"request completed"}
[api] {"level":30,"time":1788738952366,"pid":68337,"hostname":"Mac-mini-de-Javier.local","reqId":"53a172e4-a0c1-4a6c-85b3-dceb1dab53d4","req":{"method":"GET","url":"/company/rates","host":"127.0.0.1:3493","remoteAddress":"127.0.0.1","remotePort":64996},"msg":"incoming request"}
{"level":30,"time":1788738952370,"pid":68337,"hostname":"Mac-mini-de-Javier.local","reqId":"53a172e4-a0c1-4a6c-85b3-dceb1dab53d4","res":{"statusCode":200},"responseTime":4.0448750000068685,"msg":"request completed"}
[api] {"level":30,"time":1788738952370,"pid":68337,"hostname":"Mac-mini-de-Javier.local","reqId":"6a512460-867c-419a-956c-8dc01f1f32c8","req":{"method":"GET","url":"/expediente/post-award-alerts","host":"127.0.0.1:3493","remoteAddress":"127.0.0.1","remotePort":64997},"msg":"incoming request"}
{"level":30,"time":1788738952374,"pid":68337,"hostname":"Mac-mini-de-Javier.local","reqId":"6a512460-867c-419a-956c-8dc01f1f32c8","res":{"statusCode":200},"responseTime":3.767707999999402,"msg":"request completed"}
[api] {"level":30,"time":1788738952375,"pid":68337,"hostname":"Mac-mini-de-Javier.local","reqId":"6ad08134-390a-4ccc-81b0-21f2023b8aa3","req":{"method":"GET","url":"/audit-log","host":"127.0.0.1:3493","remoteAddress":"127.0.0.1","remotePort":64998},"msg":"incoming request"}
{"level":30,"time":1788738952379,"pid":68337,"hostname":"Mac-mini-de-Javier.local","reqId":"6ad08134-390a-4ccc-81b0-21f2023b8aa3","res":{"statusCode":200},"responseTime":4.055124999998952,"msg":"request completed"}
[api] {"level":30,"time":1788738952379,"pid":68337,"hostname":"Mac-mini-de-Javier.local","reqId":"dfcb044a-efc7-4106-b432-fe2aad8c35a4","req":{"method":"GET","url":"/company/profile","host":"127.0.0.1:3493","remoteAddress":"127.0.0.1","remotePort":64999},"msg":"incoming request"}
{"level":30,"time":1788738952386,"pid":68337,"hostname":"Mac-mini-de-Javier.local","reqId":"dfcb044a-efc7-4106-b432-fe2aad8c35a4","res":{"statusCode":200},"responseTime":6.591249999997672,"msg":"request completed"}
[api] {"level":30,"time":1788738952424,"pid":68337,"hostname":"Mac-mini-de-Javier.local","reqId":"f5b4433a-a1fd-4c0c-9d42-4963472be389","req":{"method":"GET","url":"/company/documents","host":"127.0.0.1:3493","remoteAddress":"127.0.0.1","remotePort":65001},"msg":"incoming request"}
{"level":30,"time":1788738952444,"pid":68337,"hostname":"Mac-mini-de-Javier.local","reqId":"f5b4433a-a1fd-4c0c-9d42-4963472be389","res":{"statusCode":200},"responseTime":19.048667000010028,"msg":"request completed"}
[api] {"level":30,"time":1788738952444,"pid":68337,"hostname":"Mac-mini-de-Javier.local","reqId":"61184295-874d-409b-be61-eca265e7d9b3","req":{"method":"GET","url":"/tenders?limit=1","host":"127.0.0.1:3493","remoteAddress":"127.0.0.1","remotePort":65003},"msg":"incoming request"}
{"level":30,"time":1788738952457,"pid":68337,"hostname":"Mac-mini-de-Javier.local","reqId":"61184295-874d-409b-be61-eca265e7d9b3","res":{"statusCode":200},"responseTime":12.691124999997555,"msg":"request completed"}
[api] {"level":30,"time":1788738952457,"pid":68337,"hostname":"Mac-mini-de-Javier.local","reqId":"11381fad-c632-49e1-a7de-7d1f3e9521a3","req":{"method":"GET","url":"/auth/2fa/status","host":"127.0.0.1:3493","remoteAddress":"127.0.0.1","remotePort":65005},"msg":"incoming request"}
{"level":30,"time":1788738952460,"pid":68337,"hostname":"Mac-mini-de-Javier.local","reqId":"11381fad-c632-49e1-a7de-7d1f3e9521a3","res":{"statusCode":200},"responseTime":2.8335409999999683,"msg":"request completed"}
[api] {"level":30,"time":1788738953003,"pid":68337,"hostname":"Mac-mini-de-Javier.local","reqId":"4a599672-9ac1-4e02-adbd-04ce1204d63f","req":{"method":"POST","url":"/auth/refresh","host":"127.0.0.1:3493","remoteAddress":"127.0.0.1","remotePort":65015},"msg":"incoming request"}
[api] {"level":30,"time":1788738953006,"pid":68337,"hostname":"Mac-mini-de-Javier.local","reqId":"4a599672-9ac1-4e02-adbd-04ce1204d63f","res":{"statusCode":200},"responseTime":3.6468329999916023,"msg":"request completed"}
[api] {"level":30,"time":1788738953009,"pid":68337,"hostname":"Mac-mini-de-Javier.local","reqId":"971352ab-1e7f-4c5f-968b-e52efcc54c33","req":{"method":"GET","url":"/me","host":"127.0.0.1:3493","remoteAddress":"127.0.0.1","remotePort":65017},"msg":"incoming request"}
[api] {"level":30,"time":1788738953012,"pid":68337,"hostname":"Mac-mini-de-Javier.local","reqId":"971352ab-1e7f-4c5f-968b-e52efcc54c33","res":{"statusCode":200},"responseTime":2.8129580000095302,"msg":"request completed"}
{"level":30,"time":1788738953012,"pid":68337,"hostname":"Mac-mini-de-Javier.local","reqId":"8ce93e4f-3390-477a-aebe-c3b59094c24f","req":{"method":"GET","url":"/organizations","host":"127.0.0.1:3493","remoteAddress":"127.0.0.1","remotePort":65018},"msg":"incoming request"}
{"level":30,"time":1788738953014,"pid":68337,"hostname":"Mac-mini-de-Javier.local","reqId":"8ce93e4f-3390-477a-aebe-c3b59094c24f","res":{"statusCode":200},"responseTime":1.9100409999955446,"msg":"request completed"}
[api] {"level":30,"time":1788738953032,"pid":68337,"hostname":"Mac-mini-de-Javier.local","reqId":"d4db1a5d-1009-43fa-bf12-ec3b307785d3","req":{"method":"GET","url":"/tenders?limit=50","host":"127.0.0.1:3493","remoteAddress":"127.0.0.1","remotePort":65025},"msg":"incoming request"}
[api] {"level":30,"time":1788738953038,"pid":68337,"hostname":"Mac-mini-de-Javier.local","reqId":"d4db1a5d-1009-43fa-bf12-ec3b307785d3","res":{"statusCode":200},"responseTime":5.87608299999556,"msg":"request completed"}
[api] {"level":30,"time":1788738953889,"pid":68337,"hostname":"Mac-mini-de-Javier.local","reqId":"3a9e32a9-2482-4077-81dd-0efeea1b00bc","req":{"method":"GET","url":"/expediente/tenders/ccce845a-4944-4bcf-8fbb-ef3868d1bedb/package/latest","host":"127.0.0.1:3493","remoteAddress":"127.0.0.1","remotePort":65050},"msg":"incoming request"}
[api] {"level":30,"time":1788738953910,"pid":68337,"hostname":"Mac-mini-de-Javier.local","reqId":"3a9e32a9-2482-4077-81dd-0efeea1b00bc","res":{"statusCode":200},"responseTime":19.807832999998936,"msg":"request completed"}
[api] {"level":30,"time":1788738954373,"pid":68337,"hostname":"Mac-mini-de-Javier.local","reqId":"c2bbdfc3-3c2b-425c-a512-7f851352d66a","req":{"method":"POST","url":"/expediente/tenders/ccce845a-4944-4bcf-8fbb-ef3868d1bedb/package/assemble","host":"127.0.0.1:3493","remoteAddress":"127.0.0.1","remotePort":65062},"msg":"incoming request"}
[api] {"level":30,"time":1788738954570,"pid":68337,"hostname":"Mac-mini-de-Javier.local","reqId":"c2bbdfc3-3c2b-425c-a512-7f851352d66a","res":{"statusCode":200},"responseTime":196.9378749999887,"msg":"request completed"}
[api] {"level":30,"time":1788738954584,"pid":68337,"hostname":"Mac-mini-de-Javier.local","reqId":"43640f85-8871-4f65-b92f-6fb7a6769d74","req":{"method":"GET","url":"/expediente/tenders/ccce845a-4944-4bcf-8fbb-ef3868d1bedb/package/latest","host":"127.0.0.1:3493","remoteAddress":"127.0.0.1","remotePort":65065},"msg":"incoming request"}
[api] {"level":30,"time":1788738954605,"pid":68337,"hostname":"Mac-mini-de-Javier.local","reqId":"43640f85-8871-4f65-b92f-6fb7a6769d74","res":{"statusCode":200},"responseTime":20.634124999996857,"msg":"request completed"}
  [32m✓[39m  [2m 32 [22m[chromium] › e2e/expediente-flujo-completo.spec.ts:285:3 › Expediente — flujo completo real (ronda 5) › el paquete pasa a "Listo para presentar" con el expediente completo y aprobado[2m (2.5s)[22m
[api] {"level":30,"time":1788738954755,"pid":68337,"hostname":"Mac-mini-de-Javier.local","reqId":"a47e4ee2-e647-41c1-bf97-9a343c832415","req":{"method":"POST","url":"/auth/refresh","host":"127.0.0.1:3493","remoteAddress":"127.0.0.1","remotePort":65074},"msg":"incoming request"}
[api] {"level":30,"time":1788738954761,"pid":68337,"hostname":"Mac-mini-de-Javier.local","reqId":"a47e4ee2-e647-41c1-bf97-9a343c832415","res":{"statusCode":200},"responseTime":5.9245000000082655,"msg":"request completed"}
[api] {"level":30,"time":1788738954765,"pid":68337,"hostname":"Mac-mini-de-Javier.local","reqId":"a8782d93-9619-4c2c-8c66-43ed59eef124","req":{"method":"GET","url":"/me","host":"127.0.0.1:3493","remoteAddress":"127.0.0.1","remotePort":65075},"msg":"incoming request"}
[api] {"level":30,"time":1788738954768,"pid":68337,"hostname":"Mac-mini-de-Javier.local","reqId":"a8782d93-9619-4c2c-8c66-43ed59eef124","res":{"statusCode":200},"responseTime":2.19100000000617,"msg":"request completed"}
[api] {"level":30,"time":1788738954768,"pid":68337,"hostname":"Mac-mini-de-Javier.local","reqId":"fc1d5ba0-1c77-44e3-89d3-c0a8957df105","req":{"method":"GET","url":"/organizations","host":"127.0.0.1:3493","remoteAddress":"127.0.0.1","remotePort":65076},"msg":"incoming request"}
{"level":30,"time":1788738954770,"pid":68337,"hostname":"Mac-mini-de-Javier.local","reqId":"fc1d5ba0-1c77-44e3-89d3-c0a8957df105","res":{"statusCode":200},"responseTime":2.1169579999987036,"msg":"request completed"}
[api] {"level":30,"time":1788738954803,"pid":68337,"hostname":"Mac-mini-de-Javier.local","reqId":"e15c6a10-1857-4406-9666-c497b3448cfa","req":{"method":"GET","url":"/tenders?limit=100","host":"127.0.0.1:3493","remoteAddress":"127.0.0.1","remotePort":65082},"msg":"incoming request"}
[api] {"level":30,"time":1788738954809,"pid":68337,"hostname":"Mac-mini-de-Javier.local","reqId":"e15c6a10-1857-4406-9666-c497b3448cfa","res":{"statusCode":200},"responseTime":5.772500000006403,"msg":"request completed"}
[api] {"level":30,"time":1788738954809,"pid":68337,"hostname":"Mac-mini-de-Javier.local","reqId":"619d382f-34e0-4e4a-8e1b-e8d7c7fe42bd","req":{"method":"GET","url":"/matching/tenders","host":"127.0.0.1:3493","remoteAddress":"127.0.0.1","remotePort":65083},"msg":"incoming request"}
{"level":30,"time":1788738954833,"pid":68337,"hostname":"Mac-mini-de-Javier.local","reqId":"619d382f-34e0-4e4a-8e1b-e8d7c7fe42bd","res":{"statusCode":200},"responseTime":23.709208000000217,"msg":"request completed"}
[api] {"level":30,"time":1788738954833,"pid":68337,"hostname":"Mac-mini-de-Javier.local","reqId":"ff614e50-0435-4441-82ea-daf7d24500a9","req":{"method":"GET","url":"/company/rates","host":"127.0.0.1:3493","remoteAddress":"127.0.0.1","remotePort":65084},"msg":"incoming request"}
{"level":30,"time":1788738954845,"pid":68337,"hostname":"Mac-mini-de-Javier.local","reqId":"ff614e50-0435-4441-82ea-daf7d24500a9","res":{"statusCode":200},"responseTime":11.425957999992534,"msg":"request completed"}
[api] {"level":30,"time":1788738954848,"pid":68337,"hostname":"Mac-mini-de-Javier.local","reqId":"9b2a70e0-9fce-47f2-9e97-42966c695378","req":{"method":"GET","url":"/expediente/post-award-alerts","host":"127.0.0.1:3493","remoteAddress":"127.0.0.1","remotePort":65085},"msg":"incoming request"}
{"level":30,"time":1788738954853,"pid":68337,"hostname":"Mac-mini-de-Javier.local","reqId":"9b2a70e0-9fce-47f2-9e97-42966c695378","res":{"statusCode":200},"responseTime":5.106791999991401,"msg":"request completed"}
[api] {"level":30,"time":1788738954853,"pid":68337,"hostname":"Mac-mini-de-Javier.local","reqId":"31c5d720-b4b8-485f-b212-193c5aa16828","req":{"method":"GET","url":"/audit-log","host":"127.0.0.1:3493","remoteAddress":"127.0.0.1","remotePort":65086},"msg":"incoming request"}
{"level":30,"time":1788738954858,"pid":68337,"hostname":"Mac-mini-de-Javier.local","reqId":"31c5d720-b4b8-485f-b212-193c5aa16828","res":{"statusCode":200},"responseTime":4.924707999991369,"msg":"request completed"}
[api] {"level":30,"time":1788738954858,"pid":68337,"hostname":"Mac-mini-de-Javier.local","reqId":"74dc627b-d64c-4a55-ab2f-2708cad9263d","req":{"method":"GET","url":"/company/profile","host":"127.0.0.1:3493","remoteAddress":"127.0.0.1","remotePort":65087},"msg":"incoming request"}
{"level":30,"time":1788738954863,"pid":68337,"hostname":"Mac-mini-de-Javier.local","reqId":"74dc627b-d64c-4a55-ab2f-2708cad9263d","res":{"statusCode":200},"responseTime":5.141084000002593,"msg":"request completed"}
[api] {"level":30,"time":1788738954864,"pid":68337,"hostname":"Mac-mini-de-Javier.local","reqId":"5e4f1173-807e-4955-91b4-893ade2ca60e","req":{"method":"GET","url":"/company/documents","host":"127.0.0.1:3493","remoteAddress":"127.0.0.1","remotePort":65089},"msg":"incoming request"}
{"level":30,"time":1788738954867,"pid":68337,"hostname":"Mac-mini-de-Javier.local","reqId":"5e4f1173-807e-4955-91b4-893ade2ca60e","res":{"statusCode":200},"responseTime":3.2912910000013653,"msg":"request completed"}
[api] {"level":30,"time":1788738954869,"pid":68337,"hostname":"Mac-mini-de-Javier.local","reqId":"3c413d85-4720-4079-802f-fc4122c94f80","req":{"method":"GET","url":"/tenders?limit=1","host":"127.0.0.1:3493","remoteAddress":"127.0.0.1","remotePort":65091},"msg":"incoming request"}
{"level":30,"time":1788738954872,"pid":68337,"hostname":"Mac-mini-de-Javier.local","reqId":"3c413d85-4720-4079-802f-fc4122c94f80","res":{"statusCode":200},"responseTime":3.418082999996841,"msg":"request completed"}
[api] {"level":30,"time":1788738954873,"pid":68337,"hostname":"Mac-mini-de-Javier.local","reqId":"48d9d73f-80d8-4836-92e3-478d4c41831d","req":{"method":"GET","url":"/auth/2fa/status","host":"127.0.0.1:3493","remoteAddress":"127.0.0.1","remotePort":65093},"msg":"incoming request"}
{"level":30,"time":1788738954876,"pid":68337,"hostname":"Mac-mini-de-Javier.local","reqId":"48d9d73f-80d8-4836-92e3-478d4c41831d","res":{"statusCode":200},"responseTime":2.955415999997058,"msg":"request completed"}
[api] {"level":30,"time":1788738955466,"pid":68337,"hostname":"Mac-mini-de-Javier.local","reqId":"02029c1c-af1f-40fa-82a1-74ed64420479","req":{"method":"POST","url":"/auth/refresh","host":"127.0.0.1:3493","remoteAddress":"127.0.0.1","remotePort":65112},"msg":"incoming request"}
[api] {"level":30,"time":1788738955471,"pid":68337,"hostname":"Mac-mini-de-Javier.local","reqId":"02029c1c-af1f-40fa-82a1-74ed64420479","res":{"statusCode":200},"responseTime":4.755457999999635,"msg":"request completed"}
[api] {"level":30,"time":1788738955476,"pid":68337,"hostname":"Mac-mini-de-Javier.local","reqId":"8aaff7da-5d91-45fd-922f-8425a3d2e461","req":{"method":"GET","url":"/me","host":"127.0.0.1:3493","remoteAddress":"127.0.0.1","remotePort":65113},"msg":"incoming request"}
[api] {"level":30,"time":1788738955480,"pid":68337,"hostname":"Mac-mini-de-Javier.local","reqId":"8aaff7da-5d91-45fd-922f-8425a3d2e461","res":{"statusCode":200},"responseTime":3.9983329999959096,"msg":"request completed"}
[api] {"level":30,"time":1788738955481,"pid":68337,"hostname":"Mac-mini-de-Javier.local","reqId":"ae404486-ad65-4c40-b522-62d101296a98","req":{"method":"GET","url":"/organizations","host":"127.0.0.1:3493","remoteAddress":"127.0.0.1","remotePort":65114},"msg":"incoming request"}
{"level":30,"time":1788738955483,"pid":68337,"hostname":"Mac-mini-de-Javier.local","reqId":"ae404486-ad65-4c40-b522-62d101296a98","res":{"statusCode":200},"responseTime":2.27820800000336,"msg":"request completed"}
[api] {"level":30,"time":1788738955514,"pid":68337,"hostname":"Mac-mini-de-Javier.local","reqId":"c622a031-5f81-4c78-bf84-08fae3ea74ae","req":{"method":"GET","url":"/tenders?limit=50","host":"127.0.0.1:3493","remoteAddress":"127.0.0.1","remotePort":65120},"msg":"incoming request"}
[api] {"level":30,"time":1788738955520,"pid":68337,"hostname":"Mac-mini-de-Javier.local","reqId":"c622a031-5f81-4c78-bf84-08fae3ea74ae","res":{"statusCode":200},"responseTime":5.784708000006503,"msg":"request completed"}
[api] {"level":30,"time":1788738956412,"pid":68337,"hostname":"Mac-mini-de-Javier.local","reqId":"f4e2cd61-fa6c-4c8c-9a79-4be73c51c60e","req":{"method":"GET","url":"/expediente/tenders/ccce845a-4944-4bcf-8fbb-ef3868d1bedb/package/latest","host":"127.0.0.1:3493","remoteAddress":"127.0.0.1","remotePort":65131},"msg":"incoming request"}
[api] {"level":30,"time":1788738956515,"pid":68337,"hostname":"Mac-mini-de-Javier.local","reqId":"f4e2cd61-fa6c-4c8c-9a79-4be73c51c60e","res":{"statusCode":200},"responseTime":103.20745899999747,"msg":"request completed"}
[api] {"level":30,"time":1788738956628,"pid":68337,"hostname":"Mac-mini-de-Javier.local","reqId":"f19a11f5-3aa9-40c9-b342-08dbe35a6c09","req":{"method":"GET","url":"/expediente/tenders/ccce845a-4944-4bcf-8fbb-ef3868d1bedb/package/download","host":"127.0.0.1:3493","remoteAddress":"127.0.0.1","remotePort":65134},"msg":"incoming request"}
[api] {"level":30,"time":1788738956661,"pid":68337,"hostname":"Mac-mini-de-Javier.local","reqId":"f19a11f5-3aa9-40c9-b342-08dbe35a6c09","res":{"statusCode":200},"responseTime":32.8171250000014,"msg":"request completed"}
  [32m✓[39m  [2m 33 [22m[chromium] › e2e/expediente-flujo-completo.spec.ts:296:3 › Expediente — flujo completo real (ronda 5) › descarga autenticada del paquete listo[2m (2.0s)[22m
[api] {"level":30,"time":1788738956837,"pid":68337,"hostname":"Mac-mini-de-Javier.local","reqId":"9cb7a464-644a-4422-8b75-071af1e46b3f","req":{"method":"POST","url":"/auth/refresh","host":"127.0.0.1:3493","remoteAddress":"127.0.0.1","remotePort":65138},"msg":"incoming request"}
[api] {"level":30,"time":1788738956861,"pid":68337,"hostname":"Mac-mini-de-Javier.local","reqId":"9cb7a464-644a-4422-8b75-071af1e46b3f","res":{"statusCode":200},"responseTime":23.444250000000466,"msg":"request completed"}
[api] {"level":30,"time":1788738956880,"pid":68337,"hostname":"Mac-mini-de-Javier.local","reqId":"31c4310c-7aa7-49bb-84ac-c24f0f738c6e","req":{"method":"GET","url":"/me","host":"127.0.0.1:3493","remoteAddress":"127.0.0.1","remotePort":65139},"msg":"incoming request"}
[api] {"level":30,"time":1788738956882,"pid":68337,"hostname":"Mac-mini-de-Javier.local","reqId":"31c4310c-7aa7-49bb-84ac-c24f0f738c6e","res":{"statusCode":200},"responseTime":1.5277920000080485,"msg":"request completed"}
{"level":30,"time":1788738956882,"pid":68337,"hostname":"Mac-mini-de-Javier.local","reqId":"f09ee385-fcf9-467f-8727-913378b6bd3d","req":{"method":"GET","url":"/organizations","host":"127.0.0.1:3493","remoteAddress":"127.0.0.1","remotePort":65140},"msg":"incoming request"}
{"level":30,"time":1788738956888,"pid":68337,"hostname":"Mac-mini-de-Javier.local","reqId":"f09ee385-fcf9-467f-8727-913378b6bd3d","res":{"statusCode":200},"responseTime":5.182249999998021,"msg":"request completed"}
[api] {"level":30,"time":1788738956928,"pid":68337,"hostname":"Mac-mini-de-Javier.local","reqId":"c4e1a021-c310-43dc-b0f5-1f347480c28a","req":{"method":"GET","url":"/tenders?limit=100","host":"127.0.0.1:3493","remoteAddress":"127.0.0.1","remotePort":65149},"msg":"incoming request"}
[api] {"level":30,"time":1788738956944,"pid":68337,"hostname":"Mac-mini-de-Javier.local","reqId":"c4e1a021-c310-43dc-b0f5-1f347480c28a","res":{"statusCode":200},"responseTime":15.922416999994311,"msg":"request completed"}
[api] {"level":30,"time":1788738956957,"pid":68337,"hostname":"Mac-mini-de-Javier.local","reqId":"51676cce-75fb-4607-9fb3-043bf8506989","req":{"method":"GET","url":"/matching/tenders","host":"127.0.0.1:3493","remoteAddress":"127.0.0.1","remotePort":65150},"msg":"incoming request"}
{"level":30,"time":1788738956978,"pid":68337,"hostname":"Mac-mini-de-Javier.local","reqId":"51676cce-75fb-4607-9fb3-043bf8506989","res":{"statusCode":200},"responseTime":19.60562500001106,"msg":"request completed"}
[api] {"level":30,"time":1788738956979,"pid":68337,"hostname":"Mac-mini-de-Javier.local","reqId":"7d473626-e66c-456e-890a-e5ff8c3386a2","req":{"method":"GET","url":"/company/rates","host":"127.0.0.1:3493","remoteAddress":"127.0.0.1","remotePort":65151},"msg":"incoming request"}
{"level":30,"time":1788738956985,"pid":68337,"hostname":"Mac-mini-de-Javier.local","reqId":"7d473626-e66c-456e-890a-e5ff8c3386a2","res":{"statusCode":200},"responseTime":5.9290840000030585,"msg":"request completed"}
[api] {"level":30,"time":1788738956986,"pid":68337,"hostname":"Mac-mini-de-Javier.local","reqId":"34af6f60-16c4-4f2a-a3d5-4122318add77","req":{"method":"GET","url":"/expediente/post-award-alerts","host":"127.0.0.1:3493","remoteAddress":"127.0.0.1","remotePort":65152},"msg":"incoming request"}
{"level":30,"time":1788738957001,"pid":68337,"hostname":"Mac-mini-de-Javier.local","reqId":"34af6f60-16c4-4f2a-a3d5-4122318add77","res":{"statusCode":200},"responseTime":15.304292000000714,"msg":"request completed"}
[api] {"level":30,"time":1788738957002,"pid":68337,"hostname":"Mac-mini-de-Javier.local","reqId":"cd5aef1e-25f3-406f-846d-83a6ef8a4976","req":{"method":"GET","url":"/audit-log","host":"127.0.0.1:3493","remoteAddress":"127.0.0.1","remotePort":65153},"msg":"incoming request"}
{"level":30,"time":1788738957042,"pid":68337,"hostname":"Mac-mini-de-Javier.local","reqId":"cd5aef1e-25f3-406f-846d-83a6ef8a4976","res":{"statusCode":200},"responseTime":40.699915999997756,"msg":"request completed"}
[api] {"level":30,"time":1788738957042,"pid":68337,"hostname":"Mac-mini-de-Javier.local","reqId":"6723a788-2ea6-43ba-82dd-9744110c7e60","req":{"method":"GET","url":"/company/profile","host":"127.0.0.1:3493","remoteAddress":"127.0.0.1","remotePort":65154},"msg":"incoming request"}
{"level":30,"time":1788738957071,"pid":68337,"hostname":"Mac-mini-de-Javier.local","reqId":"6723a788-2ea6-43ba-82dd-9744110c7e60","res":{"statusCode":200},"responseTime":28.7357500000071,"msg":"request completed"}
[api] {"level":30,"time":1788738957072,"pid":68337,"hostname":"Mac-mini-de-Javier.local","reqId":"f31cb264-3e2e-4312-87ac-7237105ec461","req":{"method":"GET","url":"/company/documents","host":"127.0.0.1:3493","remoteAddress":"127.0.0.1","remotePort":65156},"msg":"incoming request"}
{"level":30,"time":1788738957083,"pid":68337,"hostname":"Mac-mini-de-Javier.local","reqId":"f31cb264-3e2e-4312-87ac-7237105ec461","res":{"statusCode":200},"responseTime":10.591583999994327,"msg":"request completed"}
[api] {"level":30,"time":1788738957084,"pid":68337,"hostname":"Mac-mini-de-Javier.local","reqId":"51909763-6b22-4a5e-b0d5-57bd2cd26a62","req":{"method":"GET","url":"/tenders?limit=1","host":"127.0.0.1:3493","remoteAddress":"127.0.0.1","remotePort":65158},"msg":"incoming request"}
{"level":30,"time":1788738957096,"pid":68337,"hostname":"Mac-mini-de-Javier.local","reqId":"51909763-6b22-4a5e-b0d5-57bd2cd26a62","res":{"statusCode":200},"responseTime":11.446042000010493,"msg":"request completed"}
[api] {"level":30,"time":1788738957109,"pid":68337,"hostname":"Mac-mini-de-Javier.local","reqId":"3b42e209-ba9d-4fd6-bc96-280ec7e328cf","req":{"method":"GET","url":"/auth/2fa/status","host":"127.0.0.1:3493","remoteAddress":"127.0.0.1","remotePort":65160},"msg":"incoming request"}
{"level":30,"time":1788738957115,"pid":68337,"hostname":"Mac-mini-de-Javier.local","reqId":"3b42e209-ba9d-4fd6-bc96-280ec7e328cf","res":{"statusCode":200},"responseTime":5.893958000000566,"msg":"request completed"}
[api] {"level":30,"time":1788738957692,"pid":68337,"hostname":"Mac-mini-de-Javier.local","reqId":"baeddcfa-aa4e-47ab-9912-8ed2f31c2c67","req":{"method":"POST","url":"/auth/refresh","host":"127.0.0.1:3493","remoteAddress":"127.0.0.1","remotePort":65193},"msg":"incoming request"}
[api] {"level":30,"time":1788738957700,"pid":68337,"hostname":"Mac-mini-de-Javier.local","reqId":"baeddcfa-aa4e-47ab-9912-8ed2f31c2c67","res":{"statusCode":200},"responseTime":7.6342920000024606,"msg":"request completed"}
[api] {"level":30,"time":1788738957703,"pid":68337,"hostname":"Mac-mini-de-Javier.local","reqId":"1143de2d-4af5-440b-80ac-93b4da0edf36","req":{"method":"GET","url":"/me","host":"127.0.0.1:3493","remoteAddress":"127.0.0.1","remotePort":65194},"msg":"incoming request"}
[api] {"level":30,"time":1788738957707,"pid":68337,"hostname":"Mac-mini-de-Javier.local","reqId":"1143de2d-4af5-440b-80ac-93b4da0edf36","res":{"statusCode":200},"responseTime":3.855667000010726,"msg":"request completed"}
[api] {"level":30,"time":1788738957708,"pid":68337,"hostname":"Mac-mini-de-Javier.local","reqId":"6c0e7fe6-26d0-44b0-8419-2dd561b45616","req":{"method":"GET","url":"/organizations","host":"127.0.0.1:3493","remoteAddress":"127.0.0.1","remotePort":65195},"msg":"incoming request"}
{"level":30,"time":1788738957711,"pid":68337,"hostname":"Mac-mini-de-Javier.local","reqId":"6c0e7fe6-26d0-44b0-8419-2dd561b45616","res":{"statusCode":200},"responseTime":2.6965000000054715,"msg":"request completed"}
[api] {"level":30,"time":1788738957736,"pid":68337,"hostname":"Mac-mini-de-Javier.local","reqId":"132547c0-d0be-466f-8643-6f83f445f35a","req":{"method":"GET","url":"/tenders?limit=50","host":"127.0.0.1:3493","remoteAddress":"127.0.0.1","remotePort":65205},"msg":"incoming request"}
[api] {"level":30,"time":1788738957751,"pid":68337,"hostname":"Mac-mini-de-Javier.local","reqId":"132547c0-d0be-466f-8643-6f83f445f35a","res":{"statusCode":200},"responseTime":13.610542000009445,"msg":"request completed"}
[api] {"level":30,"time":1788738958620,"pid":68337,"hostname":"Mac-mini-de-Javier.local","reqId":"97ec7cd1-5909-48a5-a880-24a8af62c067","req":{"method":"GET","url":"/expediente/tenders/ccce845a-4944-4bcf-8fbb-ef3868d1bedb/submission","host":"127.0.0.1:3493","remoteAddress":"127.0.0.1","remotePort":65217},"msg":"incoming request"}
[api] {"level":30,"time":1788738958673,"pid":68337,"hostname":"Mac-mini-de-Javier.local","reqId":"97ec7cd1-5909-48a5-a880-24a8af62c067","res":{"statusCode":200},"responseTime":51.93758300000627,"msg":"request completed"}
[api] {"level":30,"time":1788738958822,"pid":68337,"hostname":"Mac-mini-de-Javier.local","reqId":"3e388610-3951-4ea4-9863-e3ab25d927b5","req":{"method":"POST","url":"/expediente/tenders/ccce845a-4944-4bcf-8fbb-ef3868d1bedb/submission/declare","host":"127.0.0.1:3493","remoteAddress":"127.0.0.1","remotePort":65220},"msg":"incoming request"}
[api] {"level":30,"time":1788738958858,"pid":68337,"hostname":"Mac-mini-de-Javier.local","reqId":"3e388610-3951-4ea4-9863-e3ab25d927b5","res":{"statusCode":201},"responseTime":34.82166699999652,"msg":"request completed"}
[api] {"level":30,"time":1788738958867,"pid":68337,"hostname":"Mac-mini-de-Javier.local","reqId":"da378974-49ab-4a8a-8c29-a371293a74d8","req":{"method":"GET","url":"/expediente/tenders/ccce845a-4944-4bcf-8fbb-ef3868d1bedb/submission","host":"127.0.0.1:3493","remoteAddress":"127.0.0.1","remotePort":65223},"msg":"incoming request"}
[api] {"level":30,"time":1788738958896,"pid":68337,"hostname":"Mac-mini-de-Javier.local","reqId":"da378974-49ab-4a8a-8c29-a371293a74d8","res":{"statusCode":200},"responseTime":28.249291999993147,"msg":"request completed"}
  [32m✓[39m  [2m 34 [22m[chromium] › e2e/expediente-flujo-completo.spec.ts:310:3 › Expediente — flujo completo real (ronda 5) › declara la presentación del expediente (nunca se envía nada a un portal externo)[2m (2.2s)[22m
[api] {"level":30,"time":1788738959090,"pid":68337,"hostname":"Mac-mini-de-Javier.local","reqId":"3c14ee64-e12a-4310-9caa-c646b6a5e373","req":{"method":"POST","url":"/auth/refresh","host":"127.0.0.1:3493","remoteAddress":"127.0.0.1","remotePort":65226},"msg":"incoming request"}
[api] {"level":30,"time":1788738959120,"pid":68337,"hostname":"Mac-mini-de-Javier.local","reqId":"3c14ee64-e12a-4310-9caa-c646b6a5e373","res":{"statusCode":200},"responseTime":30.233666999993147,"msg":"request completed"}
[api] {"level":30,"time":1788738959136,"pid":68337,"hostname":"Mac-mini-de-Javier.local","reqId":"41c2ac56-eac8-4fc2-8279-99373b239b6c","req":{"method":"GET","url":"/me","host":"127.0.0.1:3493","remoteAddress":"127.0.0.1","remotePort":65227},"msg":"incoming request"}
[api] {"level":30,"time":1788738959145,"pid":68337,"hostname":"Mac-mini-de-Javier.local","reqId":"41c2ac56-eac8-4fc2-8279-99373b239b6c","res":{"statusCode":200},"responseTime":8.796374999990803,"msg":"request completed"}
[api] {"level":30,"time":1788738959189,"pid":68337,"hostname":"Mac-mini-de-Javier.local","reqId":"db090e6b-290f-421b-86fa-ae631649a48c","req":{"method":"GET","url":"/organizations","host":"127.0.0.1:3493","remoteAddress":"127.0.0.1","remotePort":65228},"msg":"incoming request"}
{"level":30,"time":1788738959191,"pid":68337,"hostname":"Mac-mini-de-Javier.local","reqId":"db090e6b-290f-421b-86fa-ae631649a48c","res":{"statusCode":200},"responseTime":1.6291659999988042,"msg":"request completed"}
[api] {"level":30,"time":1788738959242,"pid":68337,"hostname":"Mac-mini-de-Javier.local","reqId":"b309fab6-6ac0-41f5-af83-3e3d425efcc2","req":{"method":"GET","url":"/tenders?limit=100","host":"127.0.0.1:3493","remoteAddress":"127.0.0.1","remotePort":65234},"msg":"incoming request"}
[api] {"level":30,"time":1788738959254,"pid":68337,"hostname":"Mac-mini-de-Javier.local","reqId":"b309fab6-6ac0-41f5-af83-3e3d425efcc2","res":{"statusCode":200},"responseTime":11.813416999997571,"msg":"request completed"}
[api] {"level":30,"time":1788738959255,"pid":68337,"hostname":"Mac-mini-de-Javier.local","reqId":"affa4c59-fe6e-4c39-8889-9f86d81347d3","req":{"method":"GET","url":"/matching/tenders","host":"127.0.0.1:3493","remoteAddress":"127.0.0.1","remotePort":65235},"msg":"incoming request"}
{"level":30,"time":1788738959321,"pid":68337,"hostname":"Mac-mini-de-Javier.local","reqId":"affa4c59-fe6e-4c39-8889-9f86d81347d3","res":{"statusCode":200},"responseTime":65.95358299999498,"msg":"request completed"}
[api] {"level":30,"time":1788738959325,"pid":68337,"hostname":"Mac-mini-de-Javier.local","reqId":"6fe35eab-4800-46b8-9a54-8aab73edf8b5","req":{"method":"GET","url":"/company/rates","host":"127.0.0.1:3493","remoteAddress":"127.0.0.1","remotePort":65236},"msg":"incoming request"}
{"level":30,"time":1788738959333,"pid":68337,"hostname":"Mac-mini-de-Javier.local","reqId":"6fe35eab-4800-46b8-9a54-8aab73edf8b5","res":{"statusCode":200},"responseTime":8.167207999998936,"msg":"request completed"}
[api] {"level":30,"time":1788738959333,"pid":68337,"hostname":"Mac-mini-de-Javier.local","reqId":"0ebbf493-d296-4379-bf89-be2dbbfdccbc","req":{"method":"GET","url":"/expediente/post-award-alerts","host":"127.0.0.1:3493","remoteAddress":"127.0.0.1","remotePort":65237},"msg":"incoming request"}
{"level":30,"time":1788738959338,"pid":68337,"hostname":"Mac-mini-de-Javier.local","reqId":"0ebbf493-d296-4379-bf89-be2dbbfdccbc","res":{"statusCode":200},"responseTime":4.61541600000055,"msg":"request completed"}
[api] {"level":30,"time":1788738959339,"pid":68337,"hostname":"Mac-mini-de-Javier.local","reqId":"93122c94-54de-43e3-baa5-bd1850a87a8c","req":{"method":"GET","url":"/audit-log","host":"127.0.0.1:3493","remoteAddress":"127.0.0.1","remotePort":65238},"msg":"incoming request"}
{"level":30,"time":1788738959368,"pid":68337,"hostname":"Mac-mini-de-Javier.local","reqId":"93122c94-54de-43e3-baa5-bd1850a87a8c","res":{"statusCode":200},"responseTime":29.162541999990935,"msg":"request completed"}
[api] {"level":30,"time":1788738959368,"pid":68337,"hostname":"Mac-mini-de-Javier.local","reqId":"efdd28ea-ad34-4694-8c65-87e7d0cd76d2","req":{"method":"GET","url":"/company/profile","host":"127.0.0.1:3493","remoteAddress":"127.0.0.1","remotePort":65239},"msg":"incoming request"}
{"level":30,"time":1788738959396,"pid":68337,"hostname":"Mac-mini-de-Javier.local","reqId":"efdd28ea-ad34-4694-8c65-87e7d0cd76d2","res":{"statusCode":200},"responseTime":27.05129200000374,"msg":"request completed"}
[api] {"level":30,"time":1788738959396,"pid":68337,"hostname":"Mac-mini-de-Javier.local","reqId":"2401e595-0411-43c7-9e76-379523d36fd0","req":{"method":"GET","url":"/company/documents","host":"127.0.0.1:3493","remoteAddress":"127.0.0.1","remotePort":65241},"msg":"incoming request"}
{"level":30,"time":1788738959407,"pid":68337,"hostname":"Mac-mini-de-Javier.local","reqId":"2401e595-0411-43c7-9e76-379523d36fd0","res":{"statusCode":200},"responseTime":11.114333999998053,"msg":"request completed"}
[api] {"level":30,"time":1788738959409,"pid":68337,"hostname":"Mac-mini-de-Javier.local","reqId":"7745addd-e422-4082-ae41-8c8f6df2d19f","req":{"method":"GET","url":"/tenders?limit=1","host":"127.0.0.1:3493","remoteAddress":"127.0.0.1","remotePort":65243},"msg":"incoming request"}
{"level":30,"time":1788738959416,"pid":68337,"hostname":"Mac-mini-de-Javier.local","reqId":"7745addd-e422-4082-ae41-8c8f6df2d19f","res":{"statusCode":200},"responseTime":7.376875000001746,"msg":"request completed"}
[api] {"level":30,"time":1788738959417,"pid":68337,"hostname":"Mac-mini-de-Javier.local","reqId":"97919cd9-44fa-4e71-b277-5d7a3040a7ef","req":{"method":"GET","url":"/auth/2fa/status","host":"127.0.0.1:3493","remoteAddress":"127.0.0.1","remotePort":65245},"msg":"incoming request"}
{"level":30,"time":1788738959425,"pid":68337,"hostname":"Mac-mini-de-Javier.local","reqId":"97919cd9-44fa-4e71-b277-5d7a3040a7ef","res":{"statusCode":200},"responseTime":7.946624999996857,"msg":"request completed"}
[api] {"level":30,"time":1788738960017,"pid":68337,"hostname":"Mac-mini-de-Javier.local","reqId":"50e61fb4-84b7-4a8a-bac3-07e8bddd87c9","req":{"method":"POST","url":"/auth/refresh","host":"127.0.0.1:3493","remoteAddress":"127.0.0.1","remotePort":65258},"msg":"incoming request"}
[api] {"level":30,"time":1788738960028,"pid":68337,"hostname":"Mac-mini-de-Javier.local","reqId":"50e61fb4-84b7-4a8a-bac3-07e8bddd87c9","res":{"statusCode":200},"responseTime":10.703666000001249,"msg":"request completed"}
[api] {"level":30,"time":1788738960031,"pid":68337,"hostname":"Mac-mini-de-Javier.local","reqId":"9c473596-17c1-40f7-a533-26016a19df70","req":{"method":"GET","url":"/me","host":"127.0.0.1:3493","remoteAddress":"127.0.0.1","remotePort":65259},"msg":"incoming request"}
[api] {"level":30,"time":1788738960034,"pid":68337,"hostname":"Mac-mini-de-Javier.local","reqId":"9c473596-17c1-40f7-a533-26016a19df70","res":{"statusCode":200},"responseTime":3.0594160000036936,"msg":"request completed"}
{"level":30,"time":1788738960035,"pid":68337,"hostname":"Mac-mini-de-Javier.local","reqId":"20c1baa9-54b6-49c2-b20c-b19b5440b34f","req":{"method":"GET","url":"/organizations","host":"127.0.0.1:3493","remoteAddress":"127.0.0.1","remotePort":65260},"msg":"incoming request"}
{"level":30,"time":1788738960041,"pid":68337,"hostname":"Mac-mini-de-Javier.local","reqId":"20c1baa9-54b6-49c2-b20c-b19b5440b34f","res":{"statusCode":200},"responseTime":6.073583000004874,"msg":"request completed"}
[api] {"level":30,"time":1788738960060,"pid":68337,"hostname":"Mac-mini-de-Javier.local","reqId":"30edc361-11a3-4606-a47a-362bb2a13b5d","req":{"method":"GET","url":"/tenders?limit=50","host":"127.0.0.1:3493","remoteAddress":"127.0.0.1","remotePort":65266},"msg":"incoming request"}
[api] {"level":30,"time":1788738960065,"pid":68337,"hostname":"Mac-mini-de-Javier.local","reqId":"30edc361-11a3-4606-a47a-362bb2a13b5d","res":{"statusCode":200},"responseTime":5.451792000007117,"msg":"request completed"}
[api] {"level":30,"time":1788738960996,"pid":68337,"hostname":"Mac-mini-de-Javier.local","reqId":"e734775f-218b-4d9e-933f-b880f7c60f53","req":{"method":"GET","url":"/expediente/tenders/ccce845a-4944-4bcf-8fbb-ef3868d1bedb/matrix","host":"127.0.0.1:3493","remoteAddress":"127.0.0.1","remotePort":65291},"msg":"incoming request"}
[api] {"level":30,"time":1788738961021,"pid":68337,"hostname":"Mac-mini-de-Javier.local","reqId":"e734775f-218b-4d9e-933f-b880f7c60f53","res":{"statusCode":200},"responseTime":24.518041999996058,"msg":"request completed"}
[api] {"level":30,"time":1788738961021,"pid":68337,"hostname":"Mac-mini-de-Javier.local","reqId":"6cb597d5-0d2f-4b3a-ba96-fe8def54b9a2","req":{"method":"GET","url":"/company/capabilities","host":"127.0.0.1:3493","remoteAddress":"127.0.0.1","remotePort":65292},"msg":"incoming request"}
{"level":30,"time":1788738961029,"pid":68337,"hostname":"Mac-mini-de-Javier.local","reqId":"6cb597d5-0d2f-4b3a-ba96-fe8def54b9a2","res":{"statusCode":200},"responseTime":6.974584000010509,"msg":"request completed"}
[api] {"level":30,"time":1788738961030,"pid":68337,"hostname":"Mac-mini-de-Javier.local","reqId":"b100cd2c-c03f-473b-8278-b9a3927e9481","req":{"method":"GET","url":"/company/experience","host":"127.0.0.1:3493","remoteAddress":"127.0.0.1","remotePort":65293},"msg":"incoming request"}
{"level":30,"time":1788738961038,"pid":68337,"hostname":"Mac-mini-de-Javier.local","reqId":"b100cd2c-c03f-473b-8278-b9a3927e9481","res":{"statusCode":200},"responseTime":7.944083000009414,"msg":"request completed"}
[api] {"level":30,"time":1788738961039,"pid":68337,"hostname":"Mac-mini-de-Javier.local","reqId":"e3d10219-e90f-4d9e-ae95-884e38359c1c","req":{"method":"GET","url":"/company/documents","host":"127.0.0.1:3493","remoteAddress":"127.0.0.1","remotePort":65294},"msg":"incoming request"}
{"level":30,"time":1788738961050,"pid":68337,"hostname":"Mac-mini-de-Javier.local","reqId":"e3d10219-e90f-4d9e-ae95-884e38359c1c","res":{"statusCode":200},"responseTime":10.985000000000582,"msg":"request completed"}
[api] {"level":30,"time":1788738961094,"pid":68337,"hostname":"Mac-mini-de-Javier.local","reqId":"1044633c-691a-48b6-8486-0aacc9a6ab98","req":{"method":"GET","url":"/company/signatories","host":"127.0.0.1:3493","remoteAddress":"127.0.0.1","remotePort":65295},"msg":"incoming request"}
{"level":30,"time":1788738961104,"pid":68337,"hostname":"Mac-mini-de-Javier.local","reqId":"1044633c-691a-48b6-8486-0aacc9a6ab98","res":{"statusCode":200},"responseTime":9.81141700000444,"msg":"request completed"}
[api] {"level":30,"time":1788738961105,"pid":68337,"hostname":"Mac-mini-de-Javier.local","reqId":"3d25f46a-8554-4700-86ad-3172344321b8","req":{"method":"GET","url":"/company/rates","host":"127.0.0.1:3493","remoteAddress":"127.0.0.1","remotePort":65296},"msg":"incoming request"}
{"level":30,"time":1788738961114,"pid":68337,"hostname":"Mac-mini-de-Javier.local","reqId":"3d25f46a-8554-4700-86ad-3172344321b8","res":{"statusCode":200},"responseTime":9.08779200000572,"msg":"request completed"}
[api] {"level":30,"time":1788738961115,"pid":68337,"hostname":"Mac-mini-de-Javier.local","reqId":"5a64dca3-c5a1-487f-9925-a65b42ff59dc","req":{"method":"GET","url":"/expediente/tenders/ccce845a-4944-4bcf-8fbb-ef3868d1bedb/proposal/sections","host":"127.0.0.1:3493","remoteAddress":"127.0.0.1","remotePort":65300},"msg":"incoming request"}
{"level":30,"time":1788738961129,"pid":68337,"hostname":"Mac-mini-de-Javier.local","reqId":"5a64dca3-c5a1-487f-9925-a65b42ff59dc","res":{"statusCode":200},"responseTime":13.778833000003942,"msg":"request completed"}
[api] {"level":30,"time":1788738961129,"pid":68337,"hostname":"Mac-mini-de-Javier.local","reqId":"170419c3-e406-4d7d-b244-0177784b44a5","req":{"method":"GET","url":"/expediente/tenders/ccce845a-4944-4bcf-8fbb-ef3868d1bedb/proposal","host":"127.0.0.1:3493","remoteAddress":"127.0.0.1","remotePort":65302},"msg":"incoming request"}
{"level":30,"time":1788738961134,"pid":68337,"hostname":"Mac-mini-de-Javier.local","reqId":"170419c3-e406-4d7d-b244-0177784b44a5","res":{"statusCode":200},"responseTime":5.087749999991502,"msg":"request completed"}
[api] {"level":30,"time":1788738961598,"pid":68337,"hostname":"Mac-mini-de-Javier.local","reqId":"3b00988a-d703-4bd8-bd9c-ccee5da464ec","req":{"method":"PATCH","url":"/expediente/tenders/ccce845a-4944-4bcf-8fbb-ef3868d1bedb/proposal/sections/economic%3Aanexo","host":"127.0.0.1:3493","remoteAddress":"127.0.0.1","remotePort":65316},"msg":"incoming request"}
[api] {"level":30,"time":1788738961683,"pid":68337,"hostname":"Mac-mini-de-Javier.local","reqId":"3b00988a-d703-4bd8-bd9c-ccee5da464ec","res":{"statusCode":200},"responseTime":82.40008300000045,"msg":"request completed"}
[api] {"level":30,"time":1788738961692,"pid":68337,"hostname":"Mac-mini-de-Javier.local","reqId":"e7a118c0-c886-49cb-8629-7aee566259a4","req":{"method":"GET","url":"/expediente/tenders/ccce845a-4944-4bcf-8fbb-ef3868d1bedb/proposal","host":"127.0.0.1:3493","remoteAddress":"127.0.0.1","remotePort":65319},"msg":"incoming request"}
[api] {"level":30,"time":1788738961700,"pid":68337,"hostname":"Mac-mini-de-Javier.local","reqId":"e7a118c0-c886-49cb-8629-7aee566259a4","res":{"statusCode":200},"responseTime":8.14533400000073,"msg":"request completed"}
[api] {"level":30,"time":1788738961700,"pid":68337,"hostname":"Mac-mini-de-Javier.local","reqId":"bc8a4cc9-c7f2-4721-9015-e36a901650b0","req":{"method":"GET","url":"/expediente/tenders/ccce845a-4944-4bcf-8fbb-ef3868d1bedb/proposal/sections","host":"127.0.0.1:3493","remoteAddress":"127.0.0.1","remotePort":65320},"msg":"incoming request"}
{"level":30,"time":1788738961714,"pid":68337,"hostname":"Mac-mini-de-Javier.local","reqId":"bc8a4cc9-c7f2-4721-9015-e36a901650b0","res":{"statusCode":200},"responseTime":13.381750000000466,"msg":"request completed"}
[api] {"level":30,"time":1788738961740,"pid":68337,"hostname":"Mac-mini-de-Javier.local","reqId":"e32cb55a-dc34-45fb-ac1d-238d5250b24a","req":{"method":"POST","url":"/auth/refresh","host":"127.0.0.1:3493","remoteAddress":"127.0.0.1","remotePort":65329},"msg":"incoming request"}
[api] {"level":30,"time":1788738961747,"pid":68337,"hostname":"Mac-mini-de-Javier.local","reqId":"e32cb55a-dc34-45fb-ac1d-238d5250b24a","res":{"statusCode":200},"responseTime":6.017166999998153,"msg":"request completed"}
[api] {"level":30,"time":1788738961759,"pid":68337,"hostname":"Mac-mini-de-Javier.local","reqId":"d6159d82-3a86-44bf-af1b-a3930193e946","req":{"method":"GET","url":"/me","host":"127.0.0.1:3493","remoteAddress":"127.0.0.1","remotePort":65330},"msg":"incoming request"}
[api] {"level":30,"time":1788738961761,"pid":68337,"hostname":"Mac-mini-de-Javier.local","reqId":"d6159d82-3a86-44bf-af1b-a3930193e946","res":{"statusCode":200},"responseTime":2.1059169999934966,"msg":"request completed"}
{"level":30,"time":1788738961762,"pid":68337,"hostname":"Mac-mini-de-Javier.local","reqId":"d92ea491-9fae-4af4-aad8-b2e5f0f19695","req":{"method":"GET","url":"/organizations","host":"127.0.0.1:3493","remoteAddress":"127.0.0.1","remotePort":65331},"msg":"incoming request"}
{"level":30,"time":1788738961808,"pid":68337,"hostname":"Mac-mini-de-Javier.local","reqId":"d92ea491-9fae-4af4-aad8-b2e5f0f19695","res":{"statusCode":200},"responseTime":43.68583299999591,"msg":"request completed"}
[api] {"level":30,"time":1788738961850,"pid":68337,"hostname":"Mac-mini-de-Javier.local","reqId":"32453c2c-b652-49c5-853f-ad00b8348472","req":{"method":"GET","url":"/tenders?limit=50","host":"127.0.0.1:3493","remoteAddress":"127.0.0.1","remotePort":65339},"msg":"incoming request"}
[api] {"level":30,"time":1788738961853,"pid":68337,"hostname":"Mac-mini-de-Javier.local","reqId":"32453c2c-b652-49c5-853f-ad00b8348472","res":{"statusCode":200},"responseTime":2.1125000000029104,"msg":"request completed"}
[api] {"level":30,"time":1788738961853,"pid":68337,"hostname":"Mac-mini-de-Javier.local","reqId":"687c1ade-4262-41b1-acf2-30edac911b6e","req":{"method":"GET","url":"/auth/2fa/status","host":"127.0.0.1:3493","remoteAddress":"127.0.0.1","remotePort":65340},"msg":"incoming request"}
{"level":30,"time":1788738961894,"pid":68337,"hostname":"Mac-mini-de-Javier.local","reqId":"687c1ade-4262-41b1-acf2-30edac911b6e","res":{"statusCode":200},"responseTime":41.26212500000838,"msg":"request completed"}
[api] {"level":30,"time":1788738963575,"pid":68337,"hostname":"Mac-mini-de-Javier.local","reqId":"fbb279cd-9618-482d-b734-3385ae7da682","req":{"method":"GET","url":"/expediente/tenders/ccce845a-4944-4bcf-8fbb-ef3868d1bedb/approval","host":"127.0.0.1:3493","remoteAddress":"127.0.0.1","remotePort":65379},"msg":"incoming request"}
[api] {"level":30,"time":1788738963653,"pid":68337,"hostname":"Mac-mini-de-Javier.local","reqId":"fbb279cd-9618-482d-b734-3385ae7da682","res":{"statusCode":200},"responseTime":76.60729099999298,"msg":"request completed"}
[api] {"level":30,"time":1788738963733,"pid":68337,"hostname":"Mac-mini-de-Javier.local","reqId":"3f96aad6-2946-4cff-b410-f6604bc60654","req":{"method":"POST","url":"/auth/refresh","host":"127.0.0.1:3493","remoteAddress":"127.0.0.1","remotePort":65383},"msg":"incoming request"}
[api] {"level":30,"time":1788738963755,"pid":68337,"hostname":"Mac-mini-de-Javier.local","reqId":"3f96aad6-2946-4cff-b410-f6604bc60654","res":{"statusCode":200},"responseTime":21.69474999999511,"msg":"request completed"}
[api] {"level":30,"time":1788738963760,"pid":68337,"hostname":"Mac-mini-de-Javier.local","reqId":"e0f02b60-7bef-4124-a041-edfc4c5247ee","req":{"method":"GET","url":"/me","host":"127.0.0.1:3493","remoteAddress":"127.0.0.1","remotePort":65384},"msg":"incoming request"}
[api] {"level":30,"time":1788738963765,"pid":68337,"hostname":"Mac-mini-de-Javier.local","reqId":"e0f02b60-7bef-4124-a041-edfc4c5247ee","res":{"statusCode":200},"responseTime":5.289915999994264,"msg":"request completed"}
[api] {"level":30,"time":1788738963766,"pid":68337,"hostname":"Mac-mini-de-Javier.local","reqId":"1717c96a-742c-4e0e-88f8-7278b9cc16b5","req":{"method":"GET","url":"/organizations","host":"127.0.0.1:3493","remoteAddress":"127.0.0.1","remotePort":65385},"msg":"incoming request"}
{"level":30,"time":1788738963775,"pid":68337,"hostname":"Mac-mini-de-Javier.local","reqId":"1717c96a-742c-4e0e-88f8-7278b9cc16b5","res":{"statusCode":200},"responseTime":8.604709000006551,"msg":"request completed"}
[api] {"level":30,"time":1788738963812,"pid":68337,"hostname":"Mac-mini-de-Javier.local","reqId":"cc9de2b6-6382-4d55-9e12-b670753e7cec","req":{"method":"GET","url":"/tenders?limit=50","host":"127.0.0.1:3493","remoteAddress":"127.0.0.1","remotePort":65391},"msg":"incoming request"}
[api] {"level":30,"time":1788738963828,"pid":68337,"hostname":"Mac-mini-de-Javier.local","reqId":"cc9de2b6-6382-4d55-9e12-b670753e7cec","res":{"statusCode":200},"responseTime":15.661999999996624,"msg":"request completed"}
[api] {"level":30,"time":1788738964775,"pid":68337,"hostname":"Mac-mini-de-Javier.local","reqId":"aa41cb88-d59b-48f7-8a04-24e4c3d6b4aa","req":{"method":"GET","url":"/expediente/tenders/ccce845a-4944-4bcf-8fbb-ef3868d1bedb/package/latest","host":"127.0.0.1:3493","remoteAddress":"127.0.0.1","remotePort":65403},"msg":"incoming request"}
[api] {"level":30,"time":1788738964914,"pid":68337,"hostname":"Mac-mini-de-Javier.local","reqId":"aa41cb88-d59b-48f7-8a04-24e4c3d6b4aa","res":{"statusCode":200},"responseTime":139.74720800000068,"msg":"request completed"}
  [32m✓[39m  [2m 35 [22m[chromium] › e2e/expediente-flujo-completo.spec.ts:326:3 › Expediente — flujo completo real (ronda 5) › A11: editar una sección tras aprobar invalida la aprobación y el paquete vuelve a "Borrador"[2m (6.1s)[22m
[api] {"level":30,"time":1788738965214,"pid":68337,"hostname":"Mac-mini-de-Javier.local","reqId":"b53fa3b7-298d-42b0-b18d-01c33dcbdefc","req":{"method":"POST","url":"/auth/refresh","host":"127.0.0.1:3493","remoteAddress":"127.0.0.1","remotePort":65408},"msg":"incoming request"}
[api] {"level":30,"time":1788738965220,"pid":68337,"hostname":"Mac-mini-de-Javier.local","reqId":"b53fa3b7-298d-42b0-b18d-01c33dcbdefc","res":{"statusCode":200},"responseTime":5.316959000003408,"msg":"request completed"}
[api] {"level":30,"time":1788738965224,"pid":68337,"hostname":"Mac-mini-de-Javier.local","reqId":"a647a735-2caf-4711-bbe7-2b565226ad82","req":{"method":"GET","url":"/me","host":"127.0.0.1:3493","remoteAddress":"127.0.0.1","remotePort":65409},"msg":"incoming request"}
[api] {"level":30,"time":1788738965227,"pid":68337,"hostname":"Mac-mini-de-Javier.local","reqId":"a647a735-2caf-4711-bbe7-2b565226ad82","res":{"statusCode":200},"responseTime":2.642375000010361,"msg":"request completed"}
{"level":30,"time":1788738965227,"pid":68337,"hostname":"Mac-mini-de-Javier.local","reqId":"e715b3d6-341b-4c87-9acf-3b1180427566","req":{"method":"GET","url":"/organizations","host":"127.0.0.1:3493","remoteAddress":"127.0.0.1","remotePort":65410},"msg":"incoming request"}
{"level":30,"time":1788738965230,"pid":68337,"hostname":"Mac-mini-de-Javier.local","reqId":"e715b3d6-341b-4c87-9acf-3b1180427566","res":{"statusCode":200},"responseTime":2.91133400000399,"msg":"request completed"}
[api] {"level":30,"time":1788738965264,"pid":68337,"hostname":"Mac-mini-de-Javier.local","reqId":"bca5ae41-8da9-42cc-bfa9-1d26e419435e","req":{"method":"GET","url":"/tenders?limit=100","host":"127.0.0.1:3493","remoteAddress":"127.0.0.1","remotePort":65416},"msg":"incoming request"}
[api] {"level":30,"time":1788738965272,"pid":68337,"hostname":"Mac-mini-de-Javier.local","reqId":"bca5ae41-8da9-42cc-bfa9-1d26e419435e","res":{"statusCode":200},"responseTime":8.006708000000799,"msg":"request completed"}
{"level":30,"time":1788738965273,"pid":68337,"hostname":"Mac-mini-de-Javier.local","reqId":"45f0a8ae-0393-4e2b-8ca5-d28c7791f1b7","req":{"method":"GET","url":"/matching/tenders","host":"127.0.0.1:3493","remoteAddress":"127.0.0.1","remotePort":65417},"msg":"incoming request"}
{"level":30,"time":1788738965287,"pid":68337,"hostname":"Mac-mini-de-Javier.local","reqId":"45f0a8ae-0393-4e2b-8ca5-d28c7791f1b7","res":{"statusCode":200},"responseTime":14.49720799998613,"msg":"request completed"}
[api] {"level":30,"time":1788738965288,"pid":68337,"hostname":"Mac-mini-de-Javier.local","reqId":"44d90cf2-1cc6-47fd-849f-e605f79649d6","req":{"method":"GET","url":"/company/rates","host":"127.0.0.1:3493","remoteAddress":"127.0.0.1","remotePort":65418},"msg":"incoming request"}
{"level":30,"time":1788738965293,"pid":68337,"hostname":"Mac-mini-de-Javier.local","reqId":"44d90cf2-1cc6-47fd-849f-e605f79649d6","res":{"statusCode":200},"responseTime":4.948082999995677,"msg":"request completed"}
[api] {"level":30,"time":1788738965293,"pid":68337,"hostname":"Mac-mini-de-Javier.local","reqId":"e0a20147-64f7-4859-a1a2-c60615ca99fa","req":{"method":"GET","url":"/expediente/post-award-alerts","host":"127.0.0.1:3493","remoteAddress":"127.0.0.1","remotePort":65419},"msg":"incoming request"}
{"level":30,"time":1788738965302,"pid":68337,"hostname":"Mac-mini-de-Javier.local","reqId":"e0a20147-64f7-4859-a1a2-c60615ca99fa","res":{"statusCode":200},"responseTime":8.576333000004524,"msg":"request completed"}
[api] {"level":30,"time":1788738965304,"pid":68337,"hostname":"Mac-mini-de-Javier.local","reqId":"74da737d-884c-4eb4-af1f-3058a8c8f810","req":{"method":"GET","url":"/audit-log","host":"127.0.0.1:3493","remoteAddress":"127.0.0.1","remotePort":65420},"msg":"incoming request"}
{"level":30,"time":1788738965308,"pid":68337,"hostname":"Mac-mini-de-Javier.local","reqId":"74da737d-884c-4eb4-af1f-3058a8c8f810","res":{"statusCode":200},"responseTime":3.0968750000029104,"msg":"request completed"}
[api] {"level":30,"time":1788738965315,"pid":68337,"hostname":"Mac-mini-de-Javier.local","reqId":"41a6c292-5f21-411d-baa2-eb5a489d0c01","req":{"method":"GET","url":"/company/profile","host":"127.0.0.1:3493","remoteAddress":"127.0.0.1","remotePort":65421},"msg":"incoming request"}
{"level":30,"time":1788738965320,"pid":68337,"hostname":"Mac-mini-de-Javier.local","reqId":"41a6c292-5f21-411d-baa2-eb5a489d0c01","res":{"statusCode":200},"responseTime":4.355999999999767,"msg":"request completed"}
[api] {"level":30,"time":1788738965320,"pid":68337,"hostname":"Mac-mini-de-Javier.local","reqId":"de7fea2c-fc5a-4b05-a80e-bdec3347e3fe","req":{"method":"GET","url":"/company/documents","host":"127.0.0.1:3493","remoteAddress":"127.0.0.1","remotePort":65423},"msg":"incoming request"}
{"level":30,"time":1788738965358,"pid":68337,"hostname":"Mac-mini-de-Javier.local","reqId":"de7fea2c-fc5a-4b05-a80e-bdec3347e3fe","res":{"statusCode":200},"responseTime":37.547833000004175,"msg":"request completed"}
[api] {"level":30,"time":1788738965358,"pid":68337,"hostname":"Mac-mini-de-Javier.local","reqId":"079bd2b2-3961-4395-a7b9-c359be8db97f","req":{"method":"GET","url":"/tenders?limit=1","host":"127.0.0.1:3493","remoteAddress":"127.0.0.1","remotePort":65425},"msg":"incoming request"}
{"level":30,"time":1788738965373,"pid":68337,"hostname":"Mac-mini-de-Javier.local","reqId":"079bd2b2-3961-4395-a7b9-c359be8db97f","res":{"statusCode":200},"responseTime":14.454875000010361,"msg":"request completed"}
[api] {"level":30,"time":1788738965373,"pid":68337,"hostname":"Mac-mini-de-Javier.local","reqId":"bed6b1ee-2894-47a8-a60b-df12d6d84ac0","req":{"method":"GET","url":"/auth/2fa/status","host":"127.0.0.1:3493","remoteAddress":"127.0.0.1","remotePort":65427},"msg":"incoming request"}
{"level":30,"time":1788738965376,"pid":68337,"hostname":"Mac-mini-de-Javier.local","reqId":"bed6b1ee-2894-47a8-a60b-df12d6d84ac0","res":{"statusCode":200},"responseTime":2.866915999999037,"msg":"request completed"}
[api] {"level":30,"time":1788738965944,"pid":68337,"hostname":"Mac-mini-de-Javier.local","reqId":"92c9d3d7-9fac-4082-b41a-8bd31d071ff5","req":{"method":"POST","url":"/auth/refresh","host":"127.0.0.1:3493","remoteAddress":"127.0.0.1","remotePort":65437},"msg":"incoming request"}
[api] {"level":30,"time":1788738965948,"pid":68337,"hostname":"Mac-mini-de-Javier.local","reqId":"92c9d3d7-9fac-4082-b41a-8bd31d071ff5","res":{"statusCode":200},"responseTime":4.614083000007668,"msg":"request completed"}
[api] {"level":30,"time":1788738965951,"pid":68337,"hostname":"Mac-mini-de-Javier.local","reqId":"2e3d4cc5-3ea8-4d98-9296-7dabd0e0d1b0","req":{"method":"GET","url":"/me","host":"127.0.0.1:3493","remoteAddress":"127.0.0.1","remotePort":65438},"msg":"incoming request"}
[api] {"level":30,"time":1788738965956,"pid":68337,"hostname":"Mac-mini-de-Javier.local","reqId":"2e3d4cc5-3ea8-4d98-9296-7dabd0e0d1b0","res":{"statusCode":200},"responseTime":4.455000000001746,"msg":"request completed"}
{"level":30,"time":1788738965956,"pid":68337,"hostname":"Mac-mini-de-Javier.local","reqId":"ac98a024-8d47-4098-a353-a26991e3f56f","req":{"method":"GET","url":"/organizations","host":"127.0.0.1:3493","remoteAddress":"127.0.0.1","remotePort":65439},"msg":"incoming request"}
{"level":30,"time":1788738965958,"pid":68337,"hostname":"Mac-mini-de-Javier.local","reqId":"ac98a024-8d47-4098-a353-a26991e3f56f","res":{"statusCode":200},"responseTime":2.6398340000014286,"msg":"request completed"}
[api] {"level":30,"time":1788738965988,"pid":68337,"hostname":"Mac-mini-de-Javier.local","reqId":"d54bd971-7e6d-4db8-999a-782a42ffa031","req":{"method":"GET","url":"/tenders?limit=50","host":"127.0.0.1:3493","remoteAddress":"127.0.0.1","remotePort":65445},"msg":"incoming request"}
[api] {"level":30,"time":1788738966002,"pid":68337,"hostname":"Mac-mini-de-Javier.local","reqId":"d54bd971-7e6d-4db8-999a-782a42ffa031","res":{"statusCode":200},"responseTime":13.856458000009297,"msg":"request completed"}
[api] {"level":30,"time":1788738966863,"pid":68337,"hostname":"Mac-mini-de-Javier.local","reqId":"25313811-8c2d-4c48-bcd8-32afcd0e4a82","req":{"method":"POST","url":"/auth/refresh","host":"127.0.0.1:3493","remoteAddress":"127.0.0.1","remotePort":65476},"msg":"incoming request"}
[api] {"level":30,"time":1788738966866,"pid":68337,"hostname":"Mac-mini-de-Javier.local","reqId":"25313811-8c2d-4c48-bcd8-32afcd0e4a82","res":{"statusCode":200},"responseTime":3.0245839999988675,"msg":"request completed"}
[api] {"level":30,"time":1788738966869,"pid":68337,"hostname":"Mac-mini-de-Javier.local","reqId":"ab0d59c0-9624-494f-a74d-c78792ecd397","req":{"method":"GET","url":"/me","host":"127.0.0.1:3493","remoteAddress":"127.0.0.1","remotePort":65477},"msg":"incoming request"}
[api] {"level":30,"time":1788738966872,"pid":68337,"hostname":"Mac-mini-de-Javier.local","reqId":"ab0d59c0-9624-494f-a74d-c78792ecd397","res":{"statusCode":200},"responseTime":3.324583999987226,"msg":"request completed"}
[api] {"level":30,"time":1788738966873,"pid":68337,"hostname":"Mac-mini-de-Javier.local","reqId":"c8843980-3c83-48d7-b416-7349401ebef9","req":{"method":"GET","url":"/organizations","host":"127.0.0.1:3493","remoteAddress":"127.0.0.1","remotePort":65478},"msg":"incoming request"}
{"level":30,"time":1788738966875,"pid":68337,"hostname":"Mac-mini-de-Javier.local","reqId":"c8843980-3c83-48d7-b416-7349401ebef9","res":{"statusCode":200},"responseTime":2.844834000003175,"msg":"request completed"}
[api] {"level":30,"time":1788738966893,"pid":68337,"hostname":"Mac-mini-de-Javier.local","reqId":"0087a4ac-eb5e-421a-af43-310b3edb8a7c","req":{"method":"GET","url":"/tenders?limit=50","host":"127.0.0.1:3493","remoteAddress":"127.0.0.1","remotePort":65483},"msg":"incoming request"}
[api] {"level":30,"time":1788738966898,"pid":68337,"hostname":"Mac-mini-de-Javier.local","reqId":"0087a4ac-eb5e-421a-af43-310b3edb8a7c","res":{"statusCode":200},"responseTime":4.944375000006403,"msg":"request completed"}
[api] {"level":30,"time":1788738967726,"pid":68337,"hostname":"Mac-mini-de-Javier.local","reqId":"3e079c7f-a4e2-40ac-a8a4-3ae93773f0d8","req":{"method":"POST","url":"/auth/refresh","host":"127.0.0.1:3493","remoteAddress":"127.0.0.1","remotePort":65501},"msg":"incoming request"}
[api] {"level":30,"time":1788738967729,"pid":68337,"hostname":"Mac-mini-de-Javier.local","reqId":"3e079c7f-a4e2-40ac-a8a4-3ae93773f0d8","res":{"statusCode":200},"responseTime":2.33512500001234,"msg":"request completed"}
[api] {"level":30,"time":1788738967731,"pid":68337,"hostname":"Mac-mini-de-Javier.local","reqId":"e75aa4e3-afda-41ae-9e0b-a82f45d58e12","req":{"method":"GET","url":"/me","host":"127.0.0.1:3493","remoteAddress":"127.0.0.1","remotePort":65502},"msg":"incoming request"}
[api] {"level":30,"time":1788738967732,"pid":68337,"hostname":"Mac-mini-de-Javier.local","reqId":"e75aa4e3-afda-41ae-9e0b-a82f45d58e12","res":{"statusCode":200},"responseTime":1.2477919999946607,"msg":"request completed"}
[api] {"level":30,"time":1788738967732,"pid":68337,"hostname":"Mac-mini-de-Javier.local","reqId":"3fb4b594-611c-4d58-a27e-b8305efe1679","req":{"method":"GET","url":"/organizations","host":"127.0.0.1:3493","remoteAddress":"127.0.0.1","remotePort":65503},"msg":"incoming request"}
{"level":30,"time":1788738967733,"pid":68337,"hostname":"Mac-mini-de-Javier.local","reqId":"3fb4b594-611c-4d58-a27e-b8305efe1679","res":{"statusCode":200},"responseTime":1.1844159999891417,"msg":"request completed"}
[api] {"level":30,"time":1788738967749,"pid":68337,"hostname":"Mac-mini-de-Javier.local","reqId":"ada954da-1336-4528-b4f4-f37cc7e51e61","req":{"method":"GET","url":"/tenders?limit=50","host":"127.0.0.1:3493","remoteAddress":"127.0.0.1","remotePort":65508},"msg":"incoming request"}
[api] {"level":30,"time":1788738967756,"pid":68337,"hostname":"Mac-mini-de-Javier.local","reqId":"ada954da-1336-4528-b4f4-f37cc7e51e61","res":{"statusCode":200},"responseTime":6.535209000008763,"msg":"request completed"}
[api] {"level":30,"time":1788738968609,"pid":68337,"hostname":"Mac-mini-de-Javier.local","reqId":"3c50dad3-55f9-4e09-8edb-560757a103fe","req":{"method":"POST","url":"/auth/refresh","host":"127.0.0.1:3493","remoteAddress":"127.0.0.1","remotePort":65518},"msg":"incoming request"}
[api] {"level":30,"time":1788738968666,"pid":68337,"hostname":"Mac-mini-de-Javier.local","reqId":"3c50dad3-55f9-4e09-8edb-560757a103fe","res":{"statusCode":200},"responseTime":56.96783300000243,"msg":"request completed"}
[api] {"level":30,"time":1788738968671,"pid":68337,"hostname":"Mac-mini-de-Javier.local","reqId":"250cc539-a3da-4d01-a95a-a784cf019c57","req":{"method":"GET","url":"/me","host":"127.0.0.1:3493","remoteAddress":"127.0.0.1","remotePort":65519},"msg":"incoming request"}
[api] {"level":30,"time":1788738968674,"pid":68337,"hostname":"Mac-mini-de-Javier.local","reqId":"250cc539-a3da-4d01-a95a-a784cf019c57","res":{"statusCode":200},"responseTime":1.8939160000008997,"msg":"request completed"}
[api] {"level":30,"time":1788738968674,"pid":68337,"hostname":"Mac-mini-de-Javier.local","reqId":"8978fbdc-eb34-48fb-84b8-190ef1620dd7","req":{"method":"GET","url":"/organizations","host":"127.0.0.1:3493","remoteAddress":"127.0.0.1","remotePort":65520},"msg":"incoming request"}
{"level":30,"time":1788738968676,"pid":68337,"hostname":"Mac-mini-de-Javier.local","reqId":"8978fbdc-eb34-48fb-84b8-190ef1620dd7","res":{"statusCode":200},"responseTime":2.179042000003392,"msg":"request completed"}
[api] {"level":30,"time":1788738968705,"pid":68337,"hostname":"Mac-mini-de-Javier.local","reqId":"a902a1b9-feb2-4451-92e2-0456b067292c","req":{"method":"GET","url":"/tenders?limit=50","host":"127.0.0.1:3493","remoteAddress":"127.0.0.1","remotePort":65525},"msg":"incoming request"}
[api] {"level":30,"time":1788738968713,"pid":68337,"hostname":"Mac-mini-de-Javier.local","reqId":"a902a1b9-feb2-4451-92e2-0456b067292c","res":{"statusCode":200},"responseTime":7.66691699999501,"msg":"request completed"}
  [32m✓[39m  [2m 36 [22m[chromium] › e2e/expediente-flujo-completo.spec.ts:352:3 › Expediente — flujo completo real (ronda 5) › 320×568 y 390×844: Análisis de bases y Redacción sin scroll horizontal con datos reales[2m (4.5s)[22m
[api] {"level":30,"time":1788738969604,"pid":68337,"hostname":"Mac-mini-de-Javier.local","reqId":"aba9e0a2-ac0d-4ccd-8708-915de043e752","req":{"method":"POST","url":"/auth/refresh","host":"127.0.0.1:3493","remoteAddress":"127.0.0.1","remotePort":49152},"msg":"incoming request"}
[api] {"level":30,"time":1788738969607,"pid":68337,"hostname":"Mac-mini-de-Javier.local","reqId":"aba9e0a2-ac0d-4ccd-8708-915de043e752","res":{"statusCode":200},"responseTime":2.891916000007768,"msg":"request completed"}
[api] {"level":30,"time":1788738969609,"pid":68337,"hostname":"Mac-mini-de-Javier.local","reqId":"efabe42e-aeec-457f-be25-d515afb21cd4","req":{"method":"GET","url":"/me","host":"127.0.0.1:3493","remoteAddress":"127.0.0.1","remotePort":49153},"msg":"incoming request"}
[api] {"level":30,"time":1788738969610,"pid":68337,"hostname":"Mac-mini-de-Javier.local","reqId":"efabe42e-aeec-457f-be25-d515afb21cd4","res":{"statusCode":200},"responseTime":1.2241250000079162,"msg":"request completed"}
[api] {"level":30,"time":1788738969610,"pid":68337,"hostname":"Mac-mini-de-Javier.local","reqId":"45cbeebe-aa33-4dc1-af84-65c05d6dfe97","req":{"method":"GET","url":"/organizations","host":"127.0.0.1:3493","remoteAddress":"127.0.0.1","remotePort":49154},"msg":"incoming request"}
{"level":30,"time":1788738969611,"pid":68337,"hostname":"Mac-mini-de-Javier.local","reqId":"45cbeebe-aa33-4dc1-af84-65c05d6dfe97","res":{"statusCode":200},"responseTime":1.2690419999998994,"msg":"request completed"}
[api] {"level":30,"time":1788738969638,"pid":68337,"hostname":"Mac-mini-de-Javier.local","reqId":"9245b4ef-0ca4-48ae-b07f-da905940c911","req":{"method":"GET","url":"/tenders?limit=100","host":"127.0.0.1:3493","remoteAddress":"127.0.0.1","remotePort":49159},"msg":"incoming request"}
[api] {"level":30,"time":1788738969641,"pid":68337,"hostname":"Mac-mini-de-Javier.local","reqId":"9245b4ef-0ca4-48ae-b07f-da905940c911","res":{"statusCode":200},"responseTime":3.043999999994412,"msg":"request completed"}
{"level":30,"time":1788738969641,"pid":68337,"hostname":"Mac-mini-de-Javier.local","reqId":"2540d94f-b95b-47ee-ae77-9f67d6baa277","req":{"method":"GET","url":"/matching/tenders","host":"127.0.0.1:3493","remoteAddress":"127.0.0.1","remotePort":49160},"msg":"incoming request"}
{"level":30,"time":1788738969647,"pid":68337,"hostname":"Mac-mini-de-Javier.local","reqId":"2540d94f-b95b-47ee-ae77-9f67d6baa277","res":{"statusCode":200},"responseTime":5.774124999996275,"msg":"request completed"}
{"level":30,"time":1788738969648,"pid":68337,"hostname":"Mac-mini-de-Javier.local","reqId":"6d5085f1-a704-486c-88a0-d8ad46c09154","req":{"method":"GET","url":"/company/rates","host":"127.0.0.1:3493","remoteAddress":"127.0.0.1","remotePort":49161},"msg":"incoming request"}
{"level":30,"time":1788738969654,"pid":68337,"hostname":"Mac-mini-de-Javier.local","reqId":"6d5085f1-a704-486c-88a0-d8ad46c09154","res":{"statusCode":200},"responseTime":5.906749999994645,"msg":"request completed"}
{"level":30,"time":1788738969654,"pid":68337,"hostname":"Mac-mini-de-Javier.local","reqId":"4ce8bed9-7035-4006-9508-93c6b070bd0c","req":{"method":"GET","url":"/expediente/post-award-alerts","host":"127.0.0.1:3493","remoteAddress":"127.0.0.1","remotePort":49162},"msg":"incoming request"}
{"level":30,"time":1788738969656,"pid":68337,"hostname":"Mac-mini-de-Javier.local","reqId":"4ce8bed9-7035-4006-9508-93c6b070bd0c","res":{"statusCode":200},"responseTime":2.613208000009763,"msg":"request completed"}
{"level":30,"time":1788738969656,"pid":68337,"hostname":"Mac-mini-de-Javier.local","reqId":"72a57bd6-0d95-477f-9c0e-e3768779834c","req":{"method":"GET","url":"/audit-log","host":"127.0.0.1:3493","remoteAddress":"127.0.0.1","remotePort":49163},"msg":"incoming request"}
{"level":30,"time":1788738969663,"pid":68337,"hostname":"Mac-mini-de-Javier.local","reqId":"72a57bd6-0d95-477f-9c0e-e3768779834c","res":{"statusCode":200},"responseTime":6.209833000000799,"msg":"request completed"}
{"level":30,"time":1788738969663,"pid":68337,"hostname":"Mac-mini-de-Javier.local","reqId":"667a8f43-ca29-4b45-b6a1-6d930bfa8229","req":{"method":"GET","url":"/company/profile","host":"127.0.0.1:3493","remoteAddress":"127.0.0.1","remotePort":49164},"msg":"incoming request"}
{"level":30,"time":1788738969666,"pid":68337,"hostname":"Mac-mini-de-Javier.local","reqId":"667a8f43-ca29-4b45-b6a1-6d930bfa8229","res":{"statusCode":200},"responseTime":2.85816600000544,"msg":"request completed"}
[api] {"level":30,"time":1788738969667,"pid":68337,"hostname":"Mac-mini-de-Javier.local","reqId":"0728bdb1-805e-408e-bb9d-9f65178e68e9","req":{"method":"GET","url":"/company/documents","host":"127.0.0.1:3493","remoteAddress":"127.0.0.1","remotePort":49166},"msg":"incoming request"}
[api] {"level":30,"time":1788738969670,"pid":68337,"hostname":"Mac-mini-de-Javier.local","reqId":"0728bdb1-805e-408e-bb9d-9f65178e68e9","res":{"statusCode":200},"responseTime":3.198791999995592,"msg":"request completed"}
[api] {"level":30,"time":1788738969670,"pid":68337,"hostname":"Mac-mini-de-Javier.local","reqId":"3db4d7dc-db35-4ce6-b12a-d2a5b65c081f","req":{"method":"GET","url":"/tenders?limit=1","host":"127.0.0.1:3493","remoteAddress":"127.0.0.1","remotePort":49170},"msg":"incoming request"}
{"level":30,"time":1788738969673,"pid":68337,"hostname":"Mac-mini-de-Javier.local","reqId":"3db4d7dc-db35-4ce6-b12a-d2a5b65c081f","res":{"statusCode":200},"responseTime":2.83758300000045,"msg":"request completed"}
[api] {"level":30,"time":1788738969673,"pid":68337,"hostname":"Mac-mini-de-Javier.local","reqId":"480d0cb2-6ed3-42cf-bc06-da22e08f52b1","req":{"method":"GET","url":"/auth/2fa/status","host":"127.0.0.1:3493","remoteAddress":"127.0.0.1","remotePort":49174},"msg":"incoming request"}
{"level":30,"time":1788738969675,"pid":68337,"hostname":"Mac-mini-de-Javier.local","reqId":"480d0cb2-6ed3-42cf-bc06-da22e08f52b1","res":{"statusCode":200},"responseTime":1.3520419999986188,"msg":"request completed"}
[api] {"level":30,"time":1788738970488,"pid":68337,"hostname":"Mac-mini-de-Javier.local","reqId":"dac43e8c-ce42-4bef-a47d-d04ebce9abb3","req":{"method":"GET","url":"/tenders?limit=100","host":"127.0.0.1:3493","remoteAddress":"127.0.0.1","remotePort":49187},"msg":"incoming request"}
[api] {"level":30,"time":1788738970491,"pid":68337,"hostname":"Mac-mini-de-Javier.local","reqId":"dac43e8c-ce42-4bef-a47d-d04ebce9abb3","res":{"statusCode":200},"responseTime":3.079958999995142,"msg":"request completed"}
{"level":30,"time":1788738970491,"pid":68337,"hostname":"Mac-mini-de-Javier.local","reqId":"d5aa99d2-3483-4648-9d3a-8b335c94d7ce","req":{"method":"GET","url":"/matching/tenders","host":"127.0.0.1:3493","remoteAddress":"127.0.0.1","remotePort":49188},"msg":"incoming request"}
{"level":30,"time":1788738970495,"pid":68337,"hostname":"Mac-mini-de-Javier.local","reqId":"d5aa99d2-3483-4648-9d3a-8b335c94d7ce","res":{"statusCode":200},"responseTime":4.20966700000281,"msg":"request completed"}
{"level":30,"time":1788738970496,"pid":68337,"hostname":"Mac-mini-de-Javier.local","reqId":"30b927f8-2465-44c5-95e4-384dd7babf05","req":{"method":"GET","url":"/company/rates","host":"127.0.0.1:3493","remoteAddress":"127.0.0.1","remotePort":49189},"msg":"incoming request"}
{"level":30,"time":1788738970500,"pid":68337,"hostname":"Mac-mini-de-Javier.local","reqId":"30b927f8-2465-44c5-95e4-384dd7babf05","res":{"statusCode":200},"responseTime":3.9216250000026776,"msg":"request completed"}
{"level":30,"time":1788738970500,"pid":68337,"hostname":"Mac-mini-de-Javier.local","reqId":"d632c80f-347e-4881-b3b9-9a1f7dd568e1","req":{"method":"GET","url":"/expediente/post-award-alerts","host":"127.0.0.1:3493","remoteAddress":"127.0.0.1","remotePort":49190},"msg":"incoming request"}
{"level":30,"time":1788738970503,"pid":68337,"hostname":"Mac-mini-de-Javier.local","reqId":"d632c80f-347e-4881-b3b9-9a1f7dd568e1","res":{"statusCode":200},"responseTime":3.0023329999967245,"msg":"request completed"}
{"level":30,"time":1788738970503,"pid":68337,"hostname":"Mac-mini-de-Javier.local","reqId":"93ab7b38-1909-4cda-a6b7-24e53daa8584","req":{"method":"GET","url":"/audit-log","host":"127.0.0.1:3493","remoteAddress":"127.0.0.1","remotePort":49191},"msg":"incoming request"}
{"level":30,"time":1788738970505,"pid":68337,"hostname":"Mac-mini-de-Javier.local","reqId":"93ab7b38-1909-4cda-a6b7-24e53daa8584","res":{"statusCode":200},"responseTime":2.5269160000025295,"msg":"request completed"}
[api] {"level":30,"time":1788738970506,"pid":68337,"hostname":"Mac-mini-de-Javier.local","reqId":"e3f384ea-9093-4253-810c-7f8b821ad299","req":{"method":"GET","url":"/company/profile","host":"127.0.0.1:3493","remoteAddress":"127.0.0.1","remotePort":49192},"msg":"incoming request"}
[api] {"level":30,"time":1788738970508,"pid":68337,"hostname":"Mac-mini-de-Javier.local","reqId":"e3f384ea-9093-4253-810c-7f8b821ad299","res":{"statusCode":200},"responseTime":2.1193750000093132,"msg":"request completed"}
[api] {"level":30,"time":1788738970508,"pid":68337,"hostname":"Mac-mini-de-Javier.local","reqId":"85d36ffc-b545-4d60-8a0f-471e436e9dc6","req":{"method":"GET","url":"/company/documents","host":"127.0.0.1:3493","remoteAddress":"127.0.0.1","remotePort":49194},"msg":"incoming request"}
{"level":30,"time":1788738970510,"pid":68337,"hostname":"Mac-mini-de-Javier.local","reqId":"85d36ffc-b545-4d60-8a0f-471e436e9dc6","res":{"statusCode":200},"responseTime":1.9865000000136206,"msg":"request completed"}
[api] {"level":30,"time":1788738970510,"pid":68337,"hostname":"Mac-mini-de-Javier.local","reqId":"fb98dea2-62bc-4bd0-8e08-b79852fe4f03","req":{"method":"GET","url":"/tenders?limit=1","host":"127.0.0.1:3493","remoteAddress":"127.0.0.1","remotePort":49196},"msg":"incoming request"}
{"level":30,"time":1788738970513,"pid":68337,"hostname":"Mac-mini-de-Javier.local","reqId":"fb98dea2-62bc-4bd0-8e08-b79852fe4f03","res":{"statusCode":200},"responseTime":2.496541000000434,"msg":"request completed"}
[api] {"level":30,"time":1788738970704,"pid":68337,"hostname":"Mac-mini-de-Javier.local","reqId":"8e91242d-d9b6-48e4-b2f8-b1017ba154f6","req":{"method":"POST","url":"/auth/refresh","host":"127.0.0.1:3493","remoteAddress":"127.0.0.1","remotePort":49209},"msg":"incoming request"}
[api] {"level":30,"time":1788738970707,"pid":68337,"hostname":"Mac-mini-de-Javier.local","reqId":"8e91242d-d9b6-48e4-b2f8-b1017ba154f6","res":{"statusCode":200},"responseTime":2.5974589999968885,"msg":"request completed"}
[api] {"level":30,"time":1788738970709,"pid":68337,"hostname":"Mac-mini-de-Javier.local","reqId":"85db642d-b13c-41af-87df-7676e1d382c5","req":{"method":"GET","url":"/me","host":"127.0.0.1:3493","remoteAddress":"127.0.0.1","remotePort":49210},"msg":"incoming request"}
[api] {"level":30,"time":1788738970711,"pid":68337,"hostname":"Mac-mini-de-Javier.local","reqId":"85db642d-b13c-41af-87df-7676e1d382c5","res":{"statusCode":200},"responseTime":1.1901249999937136,"msg":"request completed"}
{"level":30,"time":1788738970711,"pid":68337,"hostname":"Mac-mini-de-Javier.local","reqId":"71700fec-792f-467f-a137-296e24e2c874","req":{"method":"GET","url":"/organizations","host":"127.0.0.1:3493","remoteAddress":"127.0.0.1","remotePort":49211},"msg":"incoming request"}
{"level":30,"time":1788738970712,"pid":68337,"hostname":"Mac-mini-de-Javier.local","reqId":"71700fec-792f-467f-a137-296e24e2c874","res":{"statusCode":200},"responseTime":1.5825840000034077,"msg":"request completed"}
[api] {"level":30,"time":1788738970739,"pid":68337,"hostname":"Mac-mini-de-Javier.local","reqId":"07fbc7ba-6f85-4437-918d-6f256a1047be","req":{"method":"GET","url":"/tenders?limit=100","host":"127.0.0.1:3493","remoteAddress":"127.0.0.1","remotePort":49217},"msg":"incoming request"}
[api] {"level":30,"time":1788738970742,"pid":68337,"hostname":"Mac-mini-de-Javier.local","reqId":"07fbc7ba-6f85-4437-918d-6f256a1047be","res":{"statusCode":200},"responseTime":2.710458000001381,"msg":"request completed"}
{"level":30,"time":1788738970742,"pid":68337,"hostname":"Mac-mini-de-Javier.local","reqId":"ea7e4cf1-07d9-4f27-81d4-b314e69b9f04","req":{"method":"GET","url":"/matching/tenders","host":"127.0.0.1:3493","remoteAddress":"127.0.0.1","remotePort":49218},"msg":"incoming request"}
{"level":30,"time":1788738970750,"pid":68337,"hostname":"Mac-mini-de-Javier.local","reqId":"ea7e4cf1-07d9-4f27-81d4-b314e69b9f04","res":{"statusCode":200},"responseTime":7.250124999991385,"msg":"request completed"}
{"level":30,"time":1788738970750,"pid":68337,"hostname":"Mac-mini-de-Javier.local","reqId":"7eacfea3-e589-4c83-84d7-bb076f3536da","req":{"method":"GET","url":"/company/rates","host":"127.0.0.1:3493","remoteAddress":"127.0.0.1","remotePort":49219},"msg":"incoming request"}
{"level":30,"time":1788738970752,"pid":68337,"hostname":"Mac-mini-de-Javier.local","reqId":"7eacfea3-e589-4c83-84d7-bb076f3536da","res":{"statusCode":200},"responseTime":2.0010000000038417,"msg":"request completed"}
{"level":30,"time":1788738970752,"pid":68337,"hostname":"Mac-mini-de-Javier.local","reqId":"acd15e49-3b29-41ab-b64d-29c8377d805c","req":{"method":"GET","url":"/expediente/post-award-alerts","host":"127.0.0.1:3493","remoteAddress":"127.0.0.1","remotePort":49220},"msg":"incoming request"}
{"level":30,"time":1788738970754,"pid":68337,"hostname":"Mac-mini-de-Javier.local","reqId":"acd15e49-3b29-41ab-b64d-29c8377d805c","res":{"statusCode":200},"responseTime":1.7672500000044238,"msg":"request completed"}
{"level":30,"time":1788738970754,"pid":68337,"hostname":"Mac-mini-de-Javier.local","reqId":"347a5667-492a-45e2-8fbc-a5a5afe18c55","req":{"method":"GET","url":"/audit-log","host":"127.0.0.1:3493","remoteAddress":"127.0.0.1","remotePort":49221},"msg":"incoming request"}
{"level":30,"time":1788738970755,"pid":68337,"hostname":"Mac-mini-de-Javier.local","reqId":"347a5667-492a-45e2-8fbc-a5a5afe18c55","res":{"statusCode":403},"responseTime":1.0533750000031432,"msg":"request completed"}
{"level":30,"time":1788738970755,"pid":68337,"hostname":"Mac-mini-de-Javier.local","reqId":"78f8e7ce-61ab-41ac-a9c4-6007991c2888","req":{"method":"GET","url":"/company/profile","host":"127.0.0.1:3493","remoteAddress":"127.0.0.1","remotePort":49222},"msg":"incoming request"}
{"level":30,"time":1788738970757,"pid":68337,"hostname":"Mac-mini-de-Javier.local","reqId":"78f8e7ce-61ab-41ac-a9c4-6007991c2888","res":{"statusCode":200},"responseTime":2.6685839999991003,"msg":"request completed"}
[api] {"level":30,"time":1788738970758,"pid":68337,"hostname":"Mac-mini-de-Javier.local","reqId":"ac37a788-99de-4874-a968-51c6f51ffb4f","req":{"method":"GET","url":"/company/documents","host":"127.0.0.1:3493","remoteAddress":"127.0.0.1","remotePort":49224},"msg":"incoming request"}
[api] {"level":30,"time":1788738970763,"pid":68337,"hostname":"Mac-mini-de-Javier.local","reqId":"ac37a788-99de-4874-a968-51c6f51ffb4f","res":{"statusCode":200},"responseTime":4.622040999995079,"msg":"request completed"}
[api] {"level":30,"time":1788738970763,"pid":68337,"hostname":"Mac-mini-de-Javier.local","reqId":"815a1294-d354-4a59-ace2-d6f1e6231196","req":{"method":"GET","url":"/tenders?limit=1","host":"127.0.0.1:3493","remoteAddress":"127.0.0.1","remotePort":49226},"msg":"incoming request"}
{"level":30,"time":1788738970768,"pid":68337,"hostname":"Mac-mini-de-Javier.local","reqId":"815a1294-d354-4a59-ace2-d6f1e6231196","res":{"statusCode":200},"responseTime":4.820834000012837,"msg":"request completed"}
[api] {"level":30,"time":1788738970768,"pid":68337,"hostname":"Mac-mini-de-Javier.local","reqId":"7b7abd83-cb00-4dac-ab7e-b5329ba3cfd2","req":{"method":"GET","url":"/auth/2fa/status","host":"127.0.0.1:3493","remoteAddress":"127.0.0.1","remotePort":49228},"msg":"incoming request"}
{"level":30,"time":1788738970771,"pid":68337,"hostname":"Mac-mini-de-Javier.local","reqId":"7b7abd83-cb00-4dac-ab7e-b5329ba3cfd2","res":{"statusCode":200},"responseTime":2.3697920000122394,"msg":"request completed"}
[api] {"level":30,"time":1788738971602,"pid":68337,"hostname":"Mac-mini-de-Javier.local","reqId":"dbbab7fd-ebe0-4ebd-a762-0ddd4df7e82e","req":{"method":"GET","url":"/tenders?limit=100","host":"127.0.0.1:3493","remoteAddress":"127.0.0.1","remotePort":49240},"msg":"incoming request"}
[api] {"level":30,"time":1788738971606,"pid":68337,"hostname":"Mac-mini-de-Javier.local","reqId":"dbbab7fd-ebe0-4ebd-a762-0ddd4df7e82e","res":{"statusCode":200},"responseTime":3.448583999997936,"msg":"request completed"}
{"level":30,"time":1788738971606,"pid":68337,"hostname":"Mac-mini-de-Javier.local","reqId":"a4c78ee2-e59b-4c95-b0b1-35625b039555","req":{"method":"GET","url":"/matching/tenders","host":"127.0.0.1:3493","remoteAddress":"127.0.0.1","remotePort":49241},"msg":"incoming request"}
{"level":30,"time":1788738971610,"pid":68337,"hostname":"Mac-mini-de-Javier.local","reqId":"a4c78ee2-e59b-4c95-b0b1-35625b039555","res":{"statusCode":200},"responseTime":3.7212080000026617,"msg":"request completed"}
{"level":30,"time":1788738971610,"pid":68337,"hostname":"Mac-mini-de-Javier.local","reqId":"0e688701-5b33-4897-bf99-f52b8ed39d08","req":{"method":"GET","url":"/company/rates","host":"127.0.0.1:3493","remoteAddress":"127.0.0.1","remotePort":49242},"msg":"incoming request"}
{"level":30,"time":1788738971613,"pid":68337,"hostname":"Mac-mini-de-Javier.local","reqId":"0e688701-5b33-4897-bf99-f52b8ed39d08","res":{"statusCode":200},"responseTime":3.266709000003175,"msg":"request completed"}
{"level":30,"time":1788738971613,"pid":68337,"hostname":"Mac-mini-de-Javier.local","reqId":"01bbbc74-9152-4bfa-a4d2-33967a1337f9","req":{"method":"GET","url":"/expediente/post-award-alerts","host":"127.0.0.1:3493","remoteAddress":"127.0.0.1","remotePort":49243},"msg":"incoming request"}
{"level":30,"time":1788738971616,"pid":68337,"hostname":"Mac-mini-de-Javier.local","reqId":"01bbbc74-9152-4bfa-a4d2-33967a1337f9","res":{"statusCode":200},"responseTime":3.3739999999961583,"msg":"request completed"}
{"level":30,"time":1788738971617,"pid":68337,"hostname":"Mac-mini-de-Javier.local","reqId":"96f68cfc-6fc5-425e-9784-2564d65b45b3","req":{"method":"GET","url":"/audit-log","host":"127.0.0.1:3493","remoteAddress":"127.0.0.1","remotePort":49244},"msg":"incoming request"}
{"level":30,"time":1788738971619,"pid":68337,"hostname":"Mac-mini-de-Javier.local","reqId":"96f68cfc-6fc5-425e-9784-2564d65b45b3","res":{"statusCode":403},"responseTime":1.9894160000112606,"msg":"request completed"}
{"level":30,"time":1788738971619,"pid":68337,"hostname":"Mac-mini-de-Javier.local","reqId":"87fac4bb-8705-4c34-b25e-0e15dfe02722","req":{"method":"GET","url":"/company/profile","host":"127.0.0.1:3493","remoteAddress":"127.0.0.1","remotePort":49245},"msg":"incoming request"}
{"level":30,"time":1788738971621,"pid":68337,"hostname":"Mac-mini-de-Javier.local","reqId":"87fac4bb-8705-4c34-b25e-0e15dfe02722","res":{"statusCode":200},"responseTime":1.8452499999984866,"msg":"request completed"}
[api] {"level":30,"time":1788738971621,"pid":68337,"hostname":"Mac-mini-de-Javier.local","reqId":"5a65dde7-a2e5-4fb6-ab65-8deb11c33d58","req":{"method":"GET","url":"/company/documents","host":"127.0.0.1:3493","remoteAddress":"127.0.0.1","remotePort":49247},"msg":"incoming request"}
[api] {"level":30,"time":1788738971623,"pid":68337,"hostname":"Mac-mini-de-Javier.local","reqId":"5a65dde7-a2e5-4fb6-ab65-8deb11c33d58","res":{"statusCode":200},"responseTime":1.9830840000067838,"msg":"request completed"}
[api] {"level":30,"time":1788738971624,"pid":68337,"hostname":"Mac-mini-de-Javier.local","reqId":"269b25f1-5873-45be-9d0c-f0a39e4b0a85","req":{"method":"GET","url":"/tenders?limit=1","host":"127.0.0.1:3493","remoteAddress":"127.0.0.1","remotePort":49249},"msg":"incoming request"}
{"level":30,"time":1788738971625,"pid":68337,"hostname":"Mac-mini-de-Javier.local","reqId":"269b25f1-5873-45be-9d0c-f0a39e4b0a85","res":{"statusCode":200},"responseTime":1.685417000000598,"msg":"request completed"}
  [32m✓[39m  [2m 37 [22m[chromium] › e2e/expediente-flujo-completo.spec.ts:382:3 › Expediente — flujo completo real (ronda 5) › limpieza: restaura la organización activa a A para no afectar otras suites[2m (2.3s)[22m
[api] {"level":30,"time":1788738972817,"pid":68337,"hostname":"Mac-mini-de-Javier.local","reqId":"51b0df27-5a70-4e65-9bad-18904d6dba0b","req":{"method":"GET","url":"/auth/google/start","host":"127.0.0.1:3493","remoteAddress":"127.0.0.1","remotePort":49290},"msg":"incoming request"}
[api] {"level":30,"time":1788738972831,"pid":68337,"hostname":"Mac-mini-de-Javier.local","reqId":"51b0df27-5a70-4e65-9bad-18904d6dba0b","res":{"statusCode":200},"responseTime":13.653125000011642,"msg":"request completed"}
[api] {"level":30,"time":1788738972866,"pid":68337,"hostname":"Mac-mini-de-Javier.local","reqId":"7728aaa9-a246-4454-8e8b-3fa8c8cd8c7b","req":{"method":"GET","url":"/auth/google/callback?code=fake-code-ee9fb8e5ca874d11391916d4ec5bbb72&state=eyJhbGciOiJIUzI1NiJ9.eyJ0eXAiOiJvYXV0aF9zdGF0ZSIsInNpZCI6ImY4YWY3NzdlLTA3OWMtNDFkYy1iZmZkLTgwZjVjODlmNjA4ZiIsImlhdCI6MTc4ODczODk3MiwiZXhwIjoxNzg4NzM5NTcyfQ.u67pHVRNOPTPB4AXtqZw1b-iakUOFvD8yslsLZNSiJI","host":"127.0.0.1:3493","remoteAddress":"127.0.0.1","remotePort":49294},"msg":"incoming request"}
[api] {"level":30,"time":1788738972884,"pid":68337,"hostname":"Mac-mini-de-Javier.local","reqId":"7728aaa9-a246-4454-8e8b-3fa8c8cd8c7b","res":{"statusCode":200},"responseTime":17.530750000005355,"msg":"request completed"}
[api] {"level":30,"time":1788738972887,"pid":68337,"hostname":"Mac-mini-de-Javier.local","reqId":"7768a144-d429-47be-8665-6aa67a1efd9a","req":{"method":"GET","url":"/me","host":"127.0.0.1:3493","remoteAddress":"127.0.0.1","remotePort":49296},"msg":"incoming request"}
[api] {"level":30,"time":1788738972888,"pid":68337,"hostname":"Mac-mini-de-Javier.local","reqId":"7768a144-d429-47be-8665-6aa67a1efd9a","res":{"statusCode":200},"responseTime":1.395875000001979,"msg":"request completed"}
[api] {"level":30,"time":1788738972889,"pid":68337,"hostname":"Mac-mini-de-Javier.local","reqId":"4e36145c-5909-4114-ae6c-e0b53dd1d8ac","req":{"method":"GET","url":"/organizations","host":"127.0.0.1:3493","remoteAddress":"127.0.0.1","remotePort":49297},"msg":"incoming request"}
{"level":30,"time":1788738972891,"pid":68337,"hostname":"Mac-mini-de-Javier.local","reqId":"4e36145c-5909-4114-ae6c-e0b53dd1d8ac","res":{"statusCode":200},"responseTime":2.074625000008382,"msg":"request completed"}
[api] {"level":30,"time":1788738973008,"pid":68337,"hostname":"Mac-mini-de-Javier.local","reqId":"b79c5d8d-1c1f-4afa-ba45-bbde2ebc33c9","req":{"method":"POST","url":"/organizations","host":"127.0.0.1:3493","remoteAddress":"127.0.0.1","remotePort":49301},"msg":"incoming request"}
[api] {"level":30,"time":1788738973012,"pid":68337,"hostname":"Mac-mini-de-Javier.local","reqId":"b79c5d8d-1c1f-4afa-ba45-bbde2ebc33c9","res":{"statusCode":201},"responseTime":4.205792000007932,"msg":"request completed"}
[api] {"level":30,"time":1788738973022,"pid":68337,"hostname":"Mac-mini-de-Javier.local","reqId":"706c4630-2d3a-4d2b-ab65-f906f3f70c89","req":{"method":"GET","url":"/organizations","host":"127.0.0.1:3493","remoteAddress":"127.0.0.1","remotePort":49302},"msg":"incoming request"}
[api] {"level":30,"time":1788738973023,"pid":68337,"hostname":"Mac-mini-de-Javier.local","reqId":"706c4630-2d3a-4d2b-ab65-f906f3f70c89","res":{"statusCode":200},"responseTime":1.2462919999961741,"msg":"request completed"}
[api] {"level":30,"time":1788738973027,"pid":68337,"hostname":"Mac-mini-de-Javier.local","reqId":"09625422-b47c-4ca8-8f74-fae9f5f4f643","req":{"method":"GET","url":"/company/profile","host":"127.0.0.1:3493","remoteAddress":"127.0.0.1","remotePort":49303},"msg":"incoming request"}
[api] {"level":30,"time":1788738973030,"pid":68337,"hostname":"Mac-mini-de-Javier.local","reqId":"09625422-b47c-4ca8-8f74-fae9f5f4f643","res":{"statusCode":200},"responseTime":2.7944169999973383,"msg":"request completed"}
[api] {"level":30,"time":1788738973049,"pid":68337,"hostname":"Mac-mini-de-Javier.local","reqId":"c571c711-f0be-4c66-93a5-e49a2b7253eb","req":{"method":"POST","url":"/auth/refresh","host":"127.0.0.1:3493","remoteAddress":"127.0.0.1","remotePort":49305},"msg":"incoming request"}
[api] {"level":30,"time":1788738973051,"pid":68337,"hostname":"Mac-mini-de-Javier.local","reqId":"c571c711-f0be-4c66-93a5-e49a2b7253eb","res":{"statusCode":200},"responseTime":2.4373329999943962,"msg":"request completed"}
[api] {"level":30,"time":1788738973053,"pid":68337,"hostname":"Mac-mini-de-Javier.local","reqId":"5e5c21e0-70fb-4533-86b4-baad05bad30d","req":{"method":"GET","url":"/me","host":"127.0.0.1:3493","remoteAddress":"127.0.0.1","remotePort":49306},"msg":"incoming request"}
[api] {"level":30,"time":1788738973055,"pid":68337,"hostname":"Mac-mini-de-Javier.local","reqId":"5e5c21e0-70fb-4533-86b4-baad05bad30d","res":{"statusCode":200},"responseTime":1.0787909999926342,"msg":"request completed"}
[api] {"level":30,"time":1788738973055,"pid":68337,"hostname":"Mac-mini-de-Javier.local","reqId":"1d7abd64-749a-47b3-9f18-d2ff566a1261","req":{"method":"GET","url":"/organizations","host":"127.0.0.1:3493","remoteAddress":"127.0.0.1","remotePort":49307},"msg":"incoming request"}
{"level":30,"time":1788738973056,"pid":68337,"hostname":"Mac-mini-de-Javier.local","reqId":"1d7abd64-749a-47b3-9f18-d2ff566a1261","res":{"statusCode":200},"responseTime":1.6577910000050906,"msg":"request completed"}
[api] {"level":30,"time":1788738973084,"pid":68337,"hostname":"Mac-mini-de-Javier.local","reqId":"87a16406-a750-4d5f-b578-a99388d4dfa1","req":{"method":"GET","url":"/tenders?limit=100","host":"127.0.0.1:3493","remoteAddress":"127.0.0.1","remotePort":49313},"msg":"incoming request"}
[api] {"level":30,"time":1788738973086,"pid":68337,"hostname":"Mac-mini-de-Javier.local","reqId":"87a16406-a750-4d5f-b578-a99388d4dfa1","res":{"statusCode":200},"responseTime":1.8052909999969415,"msg":"request completed"}
{"level":30,"time":1788738973086,"pid":68337,"hostname":"Mac-mini-de-Javier.local","reqId":"9a1921f6-4106-4fd0-b5cf-042df7bfba79","req":{"method":"GET","url":"/matching/tenders","host":"127.0.0.1:3493","remoteAddress":"127.0.0.1","remotePort":49314},"msg":"incoming request"}
{"level":30,"time":1788738973089,"pid":68337,"hostname":"Mac-mini-de-Javier.local","reqId":"9a1921f6-4106-4fd0-b5cf-042df7bfba79","res":{"statusCode":200},"responseTime":3.375665999992634,"msg":"request completed"}
{"level":30,"time":1788738973089,"pid":68337,"hostname":"Mac-mini-de-Javier.local","reqId":"79e72afd-51cf-4c78-b7cb-3e71f0401e1a","req":{"method":"GET","url":"/company/rates","host":"127.0.0.1:3493","remoteAddress":"127.0.0.1","remotePort":49315},"msg":"incoming request"}
{"level":30,"time":1788738973091,"pid":68337,"hostname":"Mac-mini-de-Javier.local","reqId":"79e72afd-51cf-4c78-b7cb-3e71f0401e1a","res":{"statusCode":200},"responseTime":1.9326250000012806,"msg":"request completed"}
{"level":30,"time":1788738973091,"pid":68337,"hostname":"Mac-mini-de-Javier.local","reqId":"33006291-46d4-4376-bb72-0641a05e4d66","req":{"method":"GET","url":"/expediente/post-award-alerts","host":"127.0.0.1:3493","remoteAddress":"127.0.0.1","remotePort":49316},"msg":"incoming request"}
{"level":30,"time":1788738973094,"pid":68337,"hostname":"Mac-mini-de-Javier.local","reqId":"33006291-46d4-4376-bb72-0641a05e4d66","res":{"statusCode":200},"responseTime":2.3123750000086147,"msg":"request completed"}
{"level":30,"time":1788738973094,"pid":68337,"hostname":"Mac-mini-de-Javier.local","reqId":"36e82315-b374-41f5-a5dd-3e7847f98ce2","req":{"method":"GET","url":"/audit-log","host":"127.0.0.1:3493","remoteAddress":"127.0.0.1","remotePort":49317},"msg":"incoming request"}
{"level":30,"time":1788738973099,"pid":68337,"hostname":"Mac-mini-de-Javier.local","reqId":"36e82315-b374-41f5-a5dd-3e7847f98ce2","res":{"statusCode":200},"responseTime":4.812374999994063,"msg":"request completed"}
{"level":30,"time":1788738973099,"pid":68337,"hostname":"Mac-mini-de-Javier.local","reqId":"162fb857-073f-4baf-b42f-4645db76c461","req":{"method":"GET","url":"/company/documents","host":"127.0.0.1:3493","remoteAddress":"127.0.0.1","remotePort":49319},"msg":"incoming request"}
{"level":30,"time":1788738973102,"pid":68337,"hostname":"Mac-mini-de-Javier.local","reqId":"162fb857-073f-4baf-b42f-4645db76c461","res":{"statusCode":200},"responseTime":3.4841659999947296,"msg":"request completed"}
[api] {"level":30,"time":1788738973103,"pid":68337,"hostname":"Mac-mini-de-Javier.local","reqId":"7e7e303a-21bd-4e0e-89fe-67e40a13da5f","req":{"method":"GET","url":"/tenders?limit=1","host":"127.0.0.1:3493","remoteAddress":"127.0.0.1","remotePort":49321},"msg":"incoming request"}
[api] {"level":30,"time":1788738973106,"pid":68337,"hostname":"Mac-mini-de-Javier.local","reqId":"7e7e303a-21bd-4e0e-89fe-67e40a13da5f","res":{"statusCode":200},"responseTime":2.9940829999977723,"msg":"request completed"}
[api] {"level":30,"time":1788738973107,"pid":68337,"hostname":"Mac-mini-de-Javier.local","reqId":"b6efa910-e4c1-4ea3-b75f-879b44177b6a","req":{"method":"GET","url":"/auth/2fa/status","host":"127.0.0.1:3493","remoteAddress":"127.0.0.1","remotePort":49323},"msg":"incoming request"}
{"level":30,"time":1788738973109,"pid":68337,"hostname":"Mac-mini-de-Javier.local","reqId":"b6efa910-e4c1-4ea3-b75f-879b44177b6a","res":{"statusCode":200},"responseTime":2.174875000011525,"msg":"request completed"}
[api] {"level":30,"time":1788738973109,"pid":68337,"hostname":"Mac-mini-de-Javier.local","reqId":"5c610635-2ba4-4c1d-982a-f717ee8dd05b","req":{"method":"GET","url":"/company/profile","host":"127.0.0.1:3493","remoteAddress":"127.0.0.1","remotePort":49325},"msg":"incoming request"}
{"level":30,"time":1788738973112,"pid":68337,"hostname":"Mac-mini-de-Javier.local","reqId":"5c610635-2ba4-4c1d-982a-f717ee8dd05b","res":{"statusCode":200},"responseTime":2.98087499999383,"msg":"request completed"}
  [32m✓[39m  [2m 38 [22m[chromium] › e2e/google-login.spec.ts:62:3 › Login con Google contra apps/api real (REQ-172..180, D-09) › cuenta de Google nueva: login → /sin-acceso → crear organización → panel[2m (1.9s)[22m
[api] {"level":30,"time":1788738974671,"pid":68337,"hostname":"Mac-mini-de-Javier.local","reqId":"509cb431-5816-4e75-8e41-cfddfdd208ff","req":{"method":"GET","url":"/auth/google/start","host":"127.0.0.1:3493","remoteAddress":"127.0.0.1","remotePort":49373},"msg":"incoming request"}
[api] {"level":30,"time":1788738974673,"pid":68337,"hostname":"Mac-mini-de-Javier.local","reqId":"509cb431-5816-4e75-8e41-cfddfdd208ff","res":{"statusCode":200},"responseTime":1.6032080000004498,"msg":"request completed"}
[api] {"level":30,"time":1788738974720,"pid":68337,"hostname":"Mac-mini-de-Javier.local","reqId":"acbb6784-cd79-4b81-8cb7-0104af4bb442","req":{"method":"GET","url":"/auth/google/callback?code=fake-code-cb30d2075a384023533305bf411856bd&state=eyJhbGciOiJIUzI1NiJ9.eyJ0eXAiOiJvYXV0aF9zdGF0ZSIsInNpZCI6IjZjMDhjNmVhLTZlMjgtNDAxMi1hMjk5LWQwZDliMTRkYjkwZCIsImlhdCI6MTc4ODczODk3NCwiZXhwIjoxNzg4NzM5NTc0fQ.Dkh1iA3rlxW-s0DTRqaR7gmm_2QCgpDoQCTa9Zahvmo","host":"127.0.0.1:3493","remoteAddress":"127.0.0.1","remotePort":49376},"msg":"incoming request"}
[api] {"level":30,"time":1788738974729,"pid":68337,"hostname":"Mac-mini-de-Javier.local","reqId":"acbb6784-cd79-4b81-8cb7-0104af4bb442","res":{"statusCode":200},"responseTime":8.20737500001269,"msg":"request completed"}
[api] {"level":30,"time":1788738974807,"pid":68337,"hostname":"Mac-mini-de-Javier.local","reqId":"74869144-cd09-44b2-915a-5409d22bcaa7","req":{"method":"POST","url":"/auth/google/verify-2fa","host":"127.0.0.1:3493","remoteAddress":"127.0.0.1","remotePort":49379},"msg":"incoming request"}
[api] {"level":30,"time":1788738974812,"pid":68337,"hostname":"Mac-mini-de-Javier.local","reqId":"74869144-cd09-44b2-915a-5409d22bcaa7","res":{"statusCode":403},"responseTime":5.183167000010144,"msg":"request completed"}
[api] {"level":30,"time":1788738974874,"pid":68337,"hostname":"Mac-mini-de-Javier.local","reqId":"49cf722e-f07a-4fb5-ba6d-5648da567653","req":{"method":"POST","url":"/auth/google/verify-2fa","host":"127.0.0.1:3493","remoteAddress":"127.0.0.1","remotePort":49380},"msg":"incoming request"}
[api] {"level":30,"time":1788738974879,"pid":68337,"hostname":"Mac-mini-de-Javier.local","reqId":"49cf722e-f07a-4fb5-ba6d-5648da567653","res":{"statusCode":200},"responseTime":5.145250000001397,"msg":"request completed"}
[api] {"level":30,"time":1788738974888,"pid":68337,"hostname":"Mac-mini-de-Javier.local","reqId":"f306163d-165b-4bda-ae43-26d0b3d656ac","req":{"method":"GET","url":"/me","host":"127.0.0.1:3493","remoteAddress":"127.0.0.1","remotePort":49381},"msg":"incoming request"}
[api] {"level":30,"time":1788738974890,"pid":68337,"hostname":"Mac-mini-de-Javier.local","reqId":"f306163d-165b-4bda-ae43-26d0b3d656ac","res":{"statusCode":200},"responseTime":1.3736249999928987,"msg":"request completed"}
[api] {"level":30,"time":1788738974890,"pid":68337,"hostname":"Mac-mini-de-Javier.local","reqId":"4eaaf8ef-9f98-444f-9f2c-918cf44a175d","req":{"method":"GET","url":"/organizations","host":"127.0.0.1:3493","remoteAddress":"127.0.0.1","remotePort":49382},"msg":"incoming request"}
{"level":30,"time":1788738974891,"pid":68337,"hostname":"Mac-mini-de-Javier.local","reqId":"4eaaf8ef-9f98-444f-9f2c-918cf44a175d","res":{"statusCode":200},"responseTime":1.0799579999875277,"msg":"request completed"}
  [32m✓[39m  [2m 39 [22m[chromium] › e2e/google-login.spec.ts:98:3 › Login con Google contra apps/api real (REQ-172..180, D-09) › REQ-176: una cuenta existente con 2FA enrolado exige el segundo factor antes de completar el login con Google[2m (1.2s)[22m
[api] {"level":30,"time":1788738975105,"pid":68337,"hostname":"Mac-mini-de-Javier.local","reqId":"8f87e064-729a-407c-8bdc-1fca8c3cbdf2","req":{"method":"GET","url":"/auth/google/callback?code=codigo-inventado&state=state-que-nunca-existio","host":"127.0.0.1:3493","remoteAddress":"127.0.0.1","remotePort":49395},"msg":"incoming request"}
[api] {"level":30,"time":1788738975107,"pid":68337,"hostname":"Mac-mini-de-Javier.local","reqId":"8f87e064-729a-407c-8bdc-1fca8c3cbdf2","res":{"statusCode":400},"responseTime":1.8770409999997355,"msg":"request completed"}
  [32m✓[39m  [2m 40 [22m[chromium] › e2e/google-login.spec.ts:134:3 › Login con Google contra apps/api real (REQ-172..180, D-09) › adversarial: un `state` inventado nunca abre sesión (se consumió, expiró o jamás existió)[2m (914ms)[22m
[api] {"level":30,"time":1788738975915,"pid":68337,"hostname":"Mac-mini-de-Javier.local","reqId":"229b99ea-65fb-4acd-baea-789fe3c5d9e7","req":{"method":"POST","url":"/auth/refresh","host":"127.0.0.1:3493","remoteAddress":"127.0.0.1","remotePort":49402},"msg":"incoming request"}
[api] {"level":30,"time":1788738975917,"pid":68337,"hostname":"Mac-mini-de-Javier.local","reqId":"229b99ea-65fb-4acd-baea-789fe3c5d9e7","res":{"statusCode":200},"responseTime":2.5855000000010477,"msg":"request completed"}
[api] {"level":30,"time":1788738975922,"pid":68337,"hostname":"Mac-mini-de-Javier.local","reqId":"c3bb3260-37f1-4e90-8af2-b37f6f0afc6b","req":{"method":"GET","url":"/me","host":"127.0.0.1:3493","remoteAddress":"127.0.0.1","remotePort":49403},"msg":"incoming request"}
[api] {"level":30,"time":1788738975924,"pid":68337,"hostname":"Mac-mini-de-Javier.local","reqId":"c3bb3260-37f1-4e90-8af2-b37f6f0afc6b","res":{"statusCode":200},"responseTime":2.2477080000098795,"msg":"request completed"}
[api] {"level":30,"time":1788738975925,"pid":68337,"hostname":"Mac-mini-de-Javier.local","reqId":"dbc3dea9-4f43-45a7-9817-3c7607f462b3","req":{"method":"GET","url":"/organizations","host":"127.0.0.1:3493","remoteAddress":"127.0.0.1","remotePort":49404},"msg":"incoming request"}
{"level":30,"time":1788738975926,"pid":68337,"hostname":"Mac-mini-de-Javier.local","reqId":"dbc3dea9-4f43-45a7-9817-3c7607f462b3","res":{"statusCode":200},"responseTime":1.4845839999907184,"msg":"request completed"}
[api] {"level":30,"time":1788738975953,"pid":68337,"hostname":"Mac-mini-de-Javier.local","reqId":"3e0514d1-b5db-4e8d-99b2-64664c175b49","req":{"method":"GET","url":"/tenders/sources/freshness","host":"127.0.0.1:3493","remoteAddress":"127.0.0.1","remotePort":49410},"msg":"incoming request"}
[api] {"level":30,"time":1788738975956,"pid":68337,"hostname":"Mac-mini-de-Javier.local","reqId":"3e0514d1-b5db-4e8d-99b2-64664c175b49","res":{"statusCode":200},"responseTime":2.4154169999965234,"msg":"request completed"}
  [32m✓[39m  [2m 41 [22m[chromium] › e2e/heading-order.spec.ts:12:5 › Orden de encabezados (W-07) › /convocatorias/fuentes-frescura no tiene salto de nivel de encabezado[2m (825ms)[22m
[api] {"level":30,"time":1788738976752,"pid":68337,"hostname":"Mac-mini-de-Javier.local","reqId":"0ce418b9-c319-4a73-8347-c6d988f46e8b","req":{"method":"POST","url":"/auth/refresh","host":"127.0.0.1:3493","remoteAddress":"127.0.0.1","remotePort":49421},"msg":"incoming request"}
[api] {"level":30,"time":1788738976757,"pid":68337,"hostname":"Mac-mini-de-Javier.local","reqId":"0ce418b9-c319-4a73-8347-c6d988f46e8b","res":{"statusCode":200},"responseTime":3.8167079999984708,"msg":"request completed"}
[api] {"level":30,"time":1788738976760,"pid":68337,"hostname":"Mac-mini-de-Javier.local","reqId":"d0cf8105-e117-4909-87c6-895814a0669a","req":{"method":"GET","url":"/me","host":"127.0.0.1:3493","remoteAddress":"127.0.0.1","remotePort":49422},"msg":"incoming request"}
[api] {"level":30,"time":1788738976762,"pid":68337,"hostname":"Mac-mini-de-Javier.local","reqId":"d0cf8105-e117-4909-87c6-895814a0669a","res":{"statusCode":200},"responseTime":2.808708000011393,"msg":"request completed"}
{"level":30,"time":1788738976763,"pid":68337,"hostname":"Mac-mini-de-Javier.local","reqId":"b0ff41b5-b21a-4134-bddc-7aec96fab77a","req":{"method":"GET","url":"/organizations","host":"127.0.0.1:3493","remoteAddress":"127.0.0.1","remotePort":49423},"msg":"incoming request"}
{"level":30,"time":1788738976765,"pid":68337,"hostname":"Mac-mini-de-Javier.local","reqId":"b0ff41b5-b21a-4134-bddc-7aec96fab77a","res":{"statusCode":200},"responseTime":2.3935420000052545,"msg":"request completed"}
[api] {"level":30,"time":1788738976791,"pid":68337,"hostname":"Mac-mini-de-Javier.local","reqId":"5c98f990-a141-46da-85bd-31294529d821","req":{"method":"GET","url":"/tenders?limit=50","host":"127.0.0.1:3493","remoteAddress":"127.0.0.1","remotePort":49428},"msg":"incoming request"}
[api] {"level":30,"time":1788738976796,"pid":68337,"hostname":"Mac-mini-de-Javier.local","reqId":"5c98f990-a141-46da-85bd-31294529d821","res":{"statusCode":200},"responseTime":4.925791999994544,"msg":"request completed"}
  [32m✓[39m  [2m 42 [22m[chromium] › e2e/heading-order.spec.ts:12:5 › Orden de encabezados (W-07) › /entrega/paquete-descargable no tiene salto de nivel de encabezado[2m (811ms)[22m
  [32m✓[39m  [2m 43 [22m[chromium] › e2e/landing.spec.ts:9:3 › Landing pública (/) › muestra el hero real y navega a /demo y /login[2m (986ms)[22m
  [31m✘[39m  [2m 44 [22m[31m[chromium] › e2e/landing.spec.ts:21:3 › Landing pública (/) › enlaza el pie a /privacidad y /legal/terminos[39m[2m (950ms)[22m
  [31m✘[39m  [2m 45 [22m[31m[chromium] › e2e/landing.spec.ts:21:3 › Landing pública (/) › enlaza el pie a /privacidad y /legal/terminos[39m[33m (retry #1)[39m[2m (979ms)[22m
  [32m✓[39m  [2m 46 [22m[chromium] › e2e/landing.spec.ts:32:3 › Landing pública (/) › escritorio (1280×800): sin violaciones serious/critical de axe[2m (1.8s)[22m
  [32m✓[39m  [2m 47 [22m[chromium] › e2e/landing.spec.ts:39:3 › Landing pública (/) › móvil 390×844: sin scroll horizontal ni violaciones serious/critical[2m (3.0s)[22m
  [32m✓[39m  [2m 48 [22m[chromium] › e2e/landing.spec.ts:48:3 › Landing pública (/) › móvil 320×568 (el más angosto soportado): sin scroll horizontal[2m (1.4s)[22m
  [32m✓[39m  [2m 49 [22m[chromium] › e2e/landing.spec.ts:62:3 › Landing pública (/) › el formulario de solicitar demo está habilitado y conserva el honeypot[2m (1.6s)[22m
[api] {"level":30,"time":1788738989513,"pid":68337,"hostname":"Mac-mini-de-Javier.local","reqId":"71a6adfd-7c8a-456b-9ff9-85f4785ba00f","req":{"method":"POST","url":"/auth/login","host":"127.0.0.1:3493","remoteAddress":"127.0.0.1","remotePort":50046},"msg":"incoming request"}
[api] {"level":30,"time":1788738989737,"pid":68337,"hostname":"Mac-mini-de-Javier.local","reqId":"71a6adfd-7c8a-456b-9ff9-85f4785ba00f","res":{"statusCode":200},"responseTime":222.5654579999973,"msg":"request completed"}
[api] {"level":30,"time":1788738990265,"pid":68337,"hostname":"Mac-mini-de-Javier.local","reqId":"4513d463-89ff-44d2-bf81-2bdac59b95a1","req":{"method":"POST","url":"/auth/refresh","host":"127.0.0.1:3493","remoteAddress":"127.0.0.1","remotePort":50064},"msg":"incoming request"}
[api] {"level":30,"time":1788738990292,"pid":68337,"hostname":"Mac-mini-de-Javier.local","reqId":"4513d463-89ff-44d2-bf81-2bdac59b95a1","res":{"statusCode":200},"responseTime":17.74716700000863,"msg":"request completed"}
[api] {"level":30,"time":1788738990335,"pid":68337,"hostname":"Mac-mini-de-Javier.local","reqId":"2a70b5d4-25d7-4931-bc2a-2ee547a0cf59","req":{"method":"GET","url":"/me","host":"127.0.0.1:3493","remoteAddress":"127.0.0.1","remotePort":50067},"msg":"incoming request"}
[api] {"level":30,"time":1788738990346,"pid":68337,"hostname":"Mac-mini-de-Javier.local","reqId":"2a70b5d4-25d7-4931-bc2a-2ee547a0cf59","res":{"statusCode":200},"responseTime":10.739916999998968,"msg":"request completed"}
[api] {"level":30,"time":1788738990407,"pid":68337,"hostname":"Mac-mini-de-Javier.local","reqId":"012b1724-b15a-4990-9d30-a06f3a5a02af","req":{"method":"GET","url":"/organizations","host":"127.0.0.1:3493","remoteAddress":"127.0.0.1","remotePort":50068},"msg":"incoming request"}
{"level":30,"time":1788738990417,"pid":68337,"hostname":"Mac-mini-de-Javier.local","reqId":"012b1724-b15a-4990-9d30-a06f3a5a02af","res":{"statusCode":200},"responseTime":9.548499999989872,"msg":"request completed"}
[api] {"level":30,"time":1788738990513,"pid":68337,"hostname":"Mac-mini-de-Javier.local","reqId":"ed31e10d-709e-4500-8112-9bdd928164b7","req":{"method":"GET","url":"/tenders?limit=100","host":"127.0.0.1:3493","remoteAddress":"127.0.0.1","remotePort":50074},"msg":"incoming request"}
[api] {"level":30,"time":1788738990539,"pid":68337,"hostname":"Mac-mini-de-Javier.local","reqId":"ed31e10d-709e-4500-8112-9bdd928164b7","res":{"statusCode":200},"responseTime":25.879790999999386,"msg":"request completed"}
{"level":30,"time":1788738990539,"pid":68337,"hostname":"Mac-mini-de-Javier.local","reqId":"23a05fb3-aa5d-4caa-bb79-29bc1671103c","req":{"method":"GET","url":"/matching/tenders","host":"127.0.0.1:3493","remoteAddress":"127.0.0.1","remotePort":50075},"msg":"incoming request"}
{"level":30,"time":1788738990568,"pid":68337,"hostname":"Mac-mini-de-Javier.local","reqId":"23a05fb3-aa5d-4caa-bb79-29bc1671103c","res":{"statusCode":200},"responseTime":29.367207999996026,"msg":"request completed"}
{"level":30,"time":1788738990569,"pid":68337,"hostname":"Mac-mini-de-Javier.local","reqId":"7a32ba03-3bc8-47de-a264-51b8814c2cf1","req":{"method":"GET","url":"/company/rates","host":"127.0.0.1:3493","remoteAddress":"127.0.0.1","remotePort":50076},"msg":"incoming request"}
{"level":30,"time":1788738990580,"pid":68337,"hostname":"Mac-mini-de-Javier.local","reqId":"7a32ba03-3bc8-47de-a264-51b8814c2cf1","res":{"statusCode":200},"responseTime":11.66495799999393,"msg":"request completed"}
{"level":30,"time":1788738990582,"pid":68337,"hostname":"Mac-mini-de-Javier.local","reqId":"de8227d2-5ecb-452f-a188-093b2995e41c","req":{"method":"GET","url":"/expediente/post-award-alerts","host":"127.0.0.1:3493","remoteAddress":"127.0.0.1","remotePort":50077},"msg":"incoming request"}
{"level":30,"time":1788738990693,"pid":68337,"hostname":"Mac-mini-de-Javier.local","reqId":"de8227d2-5ecb-452f-a188-093b2995e41c","res":{"statusCode":200},"responseTime":110.99787500000093,"msg":"request completed"}
{"level":30,"time":1788738990693,"pid":68337,"hostname":"Mac-mini-de-Javier.local","reqId":"770d78d0-74e9-4aef-80e1-8be222b09cb3","req":{"method":"GET","url":"/audit-log","host":"127.0.0.1:3493","remoteAddress":"127.0.0.1","remotePort":50078},"msg":"incoming request"}
{"level":30,"time":1788738990703,"pid":68337,"hostname":"Mac-mini-de-Javier.local","reqId":"770d78d0-74e9-4aef-80e1-8be222b09cb3","res":{"statusCode":200},"responseTime":9.357499999998254,"msg":"request completed"}
{"level":30,"time":1788738990703,"pid":68337,"hostname":"Mac-mini-de-Javier.local","reqId":"281f94f8-8775-4671-8629-f6e05febe3e8","req":{"method":"GET","url":"/company/profile","host":"127.0.0.1:3493","remoteAddress":"127.0.0.1","remotePort":50079},"msg":"incoming request"}
{"level":30,"time":1788738990770,"pid":68337,"hostname":"Mac-mini-de-Javier.local","reqId":"281f94f8-8775-4671-8629-f6e05febe3e8","res":{"statusCode":200},"responseTime":66.91758299998764,"msg":"request completed"}
[api] {"level":30,"time":1788738990812,"pid":68337,"hostname":"Mac-mini-de-Javier.local","reqId":"c5f7ca80-2e00-434c-8d2a-95afe9ca9a90","req":{"method":"GET","url":"/company/documents","host":"127.0.0.1:3493","remoteAddress":"127.0.0.1","remotePort":50081},"msg":"incoming request"}
[api] {"level":30,"time":1788738990820,"pid":68337,"hostname":"Mac-mini-de-Javier.local","reqId":"c5f7ca80-2e00-434c-8d2a-95afe9ca9a90","res":{"statusCode":200},"responseTime":7.909958000003826,"msg":"request completed"}
[api] {"level":30,"time":1788738990820,"pid":68337,"hostname":"Mac-mini-de-Javier.local","reqId":"65173a14-abbd-44b8-9e8b-dadf0d05cc2b","req":{"method":"GET","url":"/tenders?limit=1","host":"127.0.0.1:3493","remoteAddress":"127.0.0.1","remotePort":50088},"msg":"incoming request"}
{"level":30,"time":1788738990825,"pid":68337,"hostname":"Mac-mini-de-Javier.local","reqId":"65173a14-abbd-44b8-9e8b-dadf0d05cc2b","res":{"statusCode":200},"responseTime":4.568541999993613,"msg":"request completed"}
{"level":30,"time":1788738990826,"pid":68337,"hostname":"Mac-mini-de-Javier.local","reqId":"7b1586ee-d0d2-4a94-ae38-b4cf7af30f6b","req":{"method":"GET","url":"/auth/2fa/status","host":"127.0.0.1:3493","remoteAddress":"127.0.0.1","remotePort":50089},"msg":"incoming request"}
{"level":30,"time":1788738990843,"pid":68337,"hostname":"Mac-mini-de-Javier.local","reqId":"7b1586ee-d0d2-4a94-ae38-b4cf7af30f6b","res":{"statusCode":200},"responseTime":17.622999999992317,"msg":"request completed"}
  [32m✓[39m  [2m 50 [22m[chromium] › e2e/landing.spec.ts:73:3 › Landing pública (/) › una sesión activa redirige la landing a /panel[2m (1.7s)[22m
  [32m✓[39m  [2m 51 [22m[chromium] › e2e/login-landmarks.spec.ts:13:1 › /login tiene landmark <main>, un <h1> real y ningún contenido fuera de landmarks (W-08)[2m (1.4s)[22m
  [32m✓[39m  [2m 52 [22m[chromium] › e2e/login-landmarks.spec.ts:24:1 › /registro tiene landmark <main>, un <h1> real y ningún contenido fuera de landmarks (W-08)[2m (1.9s)[22m
  [32m✓[39m  [2m 53 [22m[chromium] › e2e/login-parity.spec.ts:12:3 › Paridad visual del login (W-11) › escritorio: layout de pantalla partida con kicker, titular y lámina decorativa[2m (1.3s)[22m
  [32m✓[39m  [2m 54 [22m[chromium] › e2e/login-parity.spec.ts:23:3 › Paridad visual del login (W-11) › móvil (390×844): la lámina decorativa se oculta y no hay scroll horizontal[2m (1.3s)[22m
  [32m✓[39m  [2m 55 [22m[chromium] › e2e/login-parity.spec.ts:43:3 › Paridad visual del login (W-11) › métodos de acceso con backend real: contraseña + Google, sin tabs ni enlace mágico[2m (1.6s)[22m
[api] {"level":30,"time":1788738999573,"pid":68337,"hostname":"Mac-mini-de-Javier.local","reqId":"b2118669-9e04-4476-bc13-c08c0b720f09","req":{"method":"POST","url":"/auth/register","host":"127.0.0.1:3493","remoteAddress":"127.0.0.1","remotePort":50046},"msg":"incoming request"}
[api] {"level":30,"time":1788738999767,"pid":68337,"hostname":"Mac-mini-de-Javier.local","reqId":"b2118669-9e04-4476-bc13-c08c0b720f09","res":{"statusCode":201},"responseTime":193.72087499999907,"msg":"request completed"}
[api] {"level":30,"time":1788739001029,"pid":68337,"hostname":"Mac-mini-de-Javier.local","reqId":"84208e32-462b-4b51-91ee-bc10ee39c65d","req":{"method":"POST","url":"/auth/login","host":"127.0.0.1:3493","remoteAddress":"127.0.0.1","remotePort":50246},"msg":"incoming request"}
[api] {"level":30,"time":1788739001227,"pid":68337,"hostname":"Mac-mini-de-Javier.local","reqId":"84208e32-462b-4b51-91ee-bc10ee39c65d","res":{"statusCode":403},"responseTime":192.17470799999137,"msg":"request completed"}
  [31m✘[39m  [2m 56 [22m[31m[chromium] › e2e/onboarding.spec.ts:26:3 › Onboarding: primer login sin organizaciones › wizard completo hasta el checklist real del panel[39m[2m (1.0m)[22m
[api] {"level":30,"time":1788739063059,"pid":68337,"hostname":"Mac-mini-de-Javier.local","reqId":"ffc563d8-e506-428c-abbb-a5c5e89f054a","req":{"method":"POST","url":"/auth/register","host":"127.0.0.1:3493","remoteAddress":"127.0.0.1","remotePort":50697},"msg":"incoming request"}
[api] {"level":30,"time":1788739063221,"pid":68337,"hostname":"Mac-mini-de-Javier.local","reqId":"ffc563d8-e506-428c-abbb-a5c5e89f054a","res":{"statusCode":201},"responseTime":160.84629099999438,"msg":"request completed"}
[api] {"level":30,"time":1788739064682,"pid":68337,"hostname":"Mac-mini-de-Javier.local","reqId":"64c85454-171f-4027-89ec-32fe694eb092","req":{"method":"POST","url":"/auth/login","host":"127.0.0.1:3493","remoteAddress":"127.0.0.1","remotePort":50714},"msg":"incoming request"}
[api] {"level":30,"time":1788739064875,"pid":68337,"hostname":"Mac-mini-de-Javier.local","reqId":"64c85454-171f-4027-89ec-32fe694eb092","res":{"statusCode":403},"responseTime":192.55791699999827,"msg":"request completed"}
  [31m✘[39m  [2m 57 [22m[31m[chromium] › e2e/onboarding.spec.ts:26:3 › Onboarding: primer login sin organizaciones › wizard completo hasta el checklist real del panel[39m[33m (retry #1)[39m[2m (1.0m)[22m
  [32m✓[39m  [2m 58 [22m[chromium] › e2e/recorrido.spec.ts:32:3 › Login sin sesión (W-14/ronda 3) › /login muestra el formulario real cuando no hay sesión[2m (1.2s)[22m
[api] {"level":30,"time":1788739127880,"pid":68337,"hostname":"Mac-mini-de-Javier.local","reqId":"d1f14925-d576-40ac-912f-12fb2c2f22ed","req":{"method":"POST","url":"/auth/login","host":"127.0.0.1:3493","remoteAddress":"127.0.0.1","remotePort":51885},"msg":"incoming request"}
[api] {"level":30,"time":1788739127954,"pid":68337,"hostname":"Mac-mini-de-Javier.local","reqId":"d1f14925-d576-40ac-912f-12fb2c2f22ed","res":{"statusCode":200},"responseTime":72.66220799999428,"msg":"request completed"}
[api] {"level":30,"time":1788739128181,"pid":68337,"hostname":"Mac-mini-de-Javier.local","reqId":"1008bf93-8902-454b-9f50-0754dc08682e","req":{"method":"POST","url":"/auth/refresh","host":"127.0.0.1:3493","remoteAddress":"127.0.0.1","remotePort":51895},"msg":"incoming request"}
[api] {"level":30,"time":1788739128189,"pid":68337,"hostname":"Mac-mini-de-Javier.local","reqId":"1008bf93-8902-454b-9f50-0754dc08682e","res":{"statusCode":200},"responseTime":8.040333999990253,"msg":"request completed"}
[api] {"level":30,"time":1788739128193,"pid":68337,"hostname":"Mac-mini-de-Javier.local","reqId":"250ae223-a425-45d9-9a36-18b1878ef4fc","req":{"method":"GET","url":"/me","host":"127.0.0.1:3493","remoteAddress":"127.0.0.1","remotePort":51896},"msg":"incoming request"}
[api] {"level":30,"time":1788739128198,"pid":68337,"hostname":"Mac-mini-de-Javier.local","reqId":"250ae223-a425-45d9-9a36-18b1878ef4fc","res":{"statusCode":200},"responseTime":4.035124999994878,"msg":"request completed"}
[api] {"level":30,"time":1788739128198,"pid":68337,"hostname":"Mac-mini-de-Javier.local","reqId":"e12f67f1-1343-4fcc-97ad-a49fcfc49cc4","req":{"method":"GET","url":"/organizations","host":"127.0.0.1:3493","remoteAddress":"127.0.0.1","remotePort":51897},"msg":"incoming request"}
{"level":30,"time":1788739128205,"pid":68337,"hostname":"Mac-mini-de-Javier.local","reqId":"e12f67f1-1343-4fcc-97ad-a49fcfc49cc4","res":{"statusCode":200},"responseTime":6.292542000010144,"msg":"request completed"}
[api] {"level":30,"time":1788739128254,"pid":68337,"hostname":"Mac-mini-de-Javier.local","reqId":"7ee6cccf-5e8d-4c6c-85d5-3014a11a3408","req":{"method":"GET","url":"/tenders?limit=100","host":"127.0.0.1:3493","remoteAddress":"127.0.0.1","remotePort":51905},"msg":"incoming request"}
[api] {"level":30,"time":1788739128264,"pid":68337,"hostname":"Mac-mini-de-Javier.local","reqId":"7ee6cccf-5e8d-4c6c-85d5-3014a11a3408","res":{"statusCode":200},"responseTime":9.88504200000898,"msg":"request completed"}
{"level":30,"time":1788739128264,"pid":68337,"hostname":"Mac-mini-de-Javier.local","reqId":"9cc2ae1b-4e82-4dba-8467-c0577cf53ded","req":{"method":"GET","url":"/matching/tenders","host":"127.0.0.1:3493","remoteAddress":"127.0.0.1","remotePort":51906},"msg":"incoming request"}
{"level":30,"time":1788739128277,"pid":68337,"hostname":"Mac-mini-de-Javier.local","reqId":"9cc2ae1b-4e82-4dba-8467-c0577cf53ded","res":{"statusCode":200},"responseTime":13.016082999994978,"msg":"request completed"}
{"level":30,"time":1788739128278,"pid":68337,"hostname":"Mac-mini-de-Javier.local","reqId":"b3a0776c-2861-4f0f-ac92-f884a0b99b94","req":{"method":"GET","url":"/company/rates","host":"127.0.0.1:3493","remoteAddress":"127.0.0.1","remotePort":51907},"msg":"incoming request"}
{"level":30,"time":1788739128287,"pid":68337,"hostname":"Mac-mini-de-Javier.local","reqId":"b3a0776c-2861-4f0f-ac92-f884a0b99b94","res":{"statusCode":200},"responseTime":8.954458000021987,"msg":"request completed"}
{"level":30,"time":1788739128288,"pid":68337,"hostname":"Mac-mini-de-Javier.local","reqId":"24a3492e-9402-41f9-90c9-470be7ddf5c7","req":{"method":"GET","url":"/expediente/post-award-alerts","host":"127.0.0.1:3493","remoteAddress":"127.0.0.1","remotePort":51908},"msg":"incoming request"}
{"level":30,"time":1788739128295,"pid":68337,"hostname":"Mac-mini-de-Javier.local","reqId":"24a3492e-9402-41f9-90c9-470be7ddf5c7","res":{"statusCode":200},"responseTime":7.147499999991851,"msg":"request completed"}
{"level":30,"time":1788739128296,"pid":68337,"hostname":"Mac-mini-de-Javier.local","reqId":"8947de98-3685-49a6-84b3-8798a4337b53","req":{"method":"GET","url":"/audit-log","host":"127.0.0.1:3493","remoteAddress":"127.0.0.1","remotePort":51909},"msg":"incoming request"}
{"level":30,"time":1788739128302,"pid":68337,"hostname":"Mac-mini-de-Javier.local","reqId":"8947de98-3685-49a6-84b3-8798a4337b53","res":{"statusCode":200},"responseTime":6.79625000001397,"msg":"request completed"}
[api] {"level":30,"time":1788739128307,"pid":68337,"hostname":"Mac-mini-de-Javier.local","reqId":"2538e11b-ba72-4fac-8bfc-640f91129376","req":{"method":"GET","url":"/company/profile","host":"127.0.0.1:3493","remoteAddress":"127.0.0.1","remotePort":51910},"msg":"incoming request"}
{"level":30,"time":1788739128311,"pid":68337,"hostname":"Mac-mini-de-Javier.local","reqId":"2538e11b-ba72-4fac-8bfc-640f91129376","res":{"statusCode":200},"responseTime":3.0764579999959096,"msg":"request completed"}
[api] {"level":30,"time":1788739128312,"pid":68337,"hostname":"Mac-mini-de-Javier.local","reqId":"983fa20b-87e5-42a1-b9e5-a048b2703d62","req":{"method":"GET","url":"/company/documents","host":"127.0.0.1:3493","remoteAddress":"127.0.0.1","remotePort":51912},"msg":"incoming request"}
{"level":30,"time":1788739128316,"pid":68337,"hostname":"Mac-mini-de-Javier.local","reqId":"983fa20b-87e5-42a1-b9e5-a048b2703d62","res":{"statusCode":200},"responseTime":3.785875000001397,"msg":"request completed"}
[api] {"level":30,"time":1788739128317,"pid":68337,"hostname":"Mac-mini-de-Javier.local","reqId":"bab6033b-d7ac-4fc4-baff-b7bcf9bed009","req":{"method":"GET","url":"/tenders?limit=1","host":"127.0.0.1:3493","remoteAddress":"127.0.0.1","remotePort":51914},"msg":"incoming request"}
{"level":30,"time":1788739128322,"pid":68337,"hostname":"Mac-mini-de-Javier.local","reqId":"bab6033b-d7ac-4fc4-baff-b7bcf9bed009","res":{"statusCode":200},"responseTime":4.646374999982072,"msg":"request completed"}
[api] {"level":30,"time":1788739128326,"pid":68337,"hostname":"Mac-mini-de-Javier.local","reqId":"63b7e5db-d988-445b-98a9-813e1b00995c","req":{"method":"GET","url":"/auth/2fa/status","host":"127.0.0.1:3493","remoteAddress":"127.0.0.1","remotePort":51919},"msg":"incoming request"}
{"level":30,"time":1788739128329,"pid":68337,"hostname":"Mac-mini-de-Javier.local","reqId":"63b7e5db-d988-445b-98a9-813e1b00995c","res":{"statusCode":200},"responseTime":3.064083000004757,"msg":"request completed"}
  [32m✓[39m  [2m 59 [22m[chromium] › e2e/recorrido.spec.ts:40:3 › Recorrido esencial (W-14) › shell: con sesión, /panel muestra el AppShell completo[2m (1.1s)[22m
[api] {"level":30,"time":1788739129145,"pid":68337,"hostname":"Mac-mini-de-Javier.local","reqId":"7793bb85-732f-4976-835a-5bee7f29f874","req":{"method":"POST","url":"/auth/refresh","host":"127.0.0.1:3493","remoteAddress":"127.0.0.1","remotePort":51952},"msg":"incoming request"}
[api] {"level":30,"time":1788739129154,"pid":68337,"hostname":"Mac-mini-de-Javier.local","reqId":"7793bb85-732f-4976-835a-5bee7f29f874","res":{"statusCode":200},"responseTime":8.139500000019325,"msg":"request completed"}
[api] {"level":30,"time":1788739129158,"pid":68337,"hostname":"Mac-mini-de-Javier.local","reqId":"ef3b9779-dd90-4256-abab-7e3c044ed2af","req":{"method":"GET","url":"/me","host":"127.0.0.1:3493","remoteAddress":"127.0.0.1","remotePort":51953},"msg":"incoming request"}
[api] {"level":30,"time":1788739129160,"pid":68337,"hostname":"Mac-mini-de-Javier.local","reqId":"ef3b9779-dd90-4256-abab-7e3c044ed2af","res":{"statusCode":200},"responseTime":1.371000000013737,"msg":"request completed"}
[api] {"level":30,"time":1788739129160,"pid":68337,"hostname":"Mac-mini-de-Javier.local","reqId":"78b85a4d-135d-4919-afc7-5a81ce404ea8","req":{"method":"GET","url":"/organizations","host":"127.0.0.1:3493","remoteAddress":"127.0.0.1","remotePort":51954},"msg":"incoming request"}
{"level":30,"time":1788739129162,"pid":68337,"hostname":"Mac-mini-de-Javier.local","reqId":"78b85a4d-135d-4919-afc7-5a81ce404ea8","res":{"statusCode":200},"responseTime":2.2074999999895226,"msg":"request completed"}
[api] {"level":30,"time":1788739129204,"pid":68337,"hostname":"Mac-mini-de-Javier.local","reqId":"4a8bd31c-7664-4d1a-87a2-5e66ca683ade","req":{"method":"GET","url":"/tenders?limit=100","host":"127.0.0.1:3493","remoteAddress":"127.0.0.1","remotePort":51960},"msg":"incoming request"}
[api] {"level":30,"time":1788739129210,"pid":68337,"hostname":"Mac-mini-de-Javier.local","reqId":"4a8bd31c-7664-4d1a-87a2-5e66ca683ade","res":{"statusCode":200},"responseTime":6.488749999989523,"msg":"request completed"}
{"level":30,"time":1788739129211,"pid":68337,"hostname":"Mac-mini-de-Javier.local","reqId":"e7c70605-ebc0-40af-b1ed-8256980fefb5","req":{"method":"GET","url":"/matching/tenders","host":"127.0.0.1:3493","remoteAddress":"127.0.0.1","remotePort":51961},"msg":"incoming request"}
{"level":30,"time":1788739129225,"pid":68337,"hostname":"Mac-mini-de-Javier.local","reqId":"e7c70605-ebc0-40af-b1ed-8256980fefb5","res":{"statusCode":200},"responseTime":14.557417000003625,"msg":"request completed"}
[api] {"level":30,"time":1788739129226,"pid":68337,"hostname":"Mac-mini-de-Javier.local","reqId":"b00d2ff5-8888-4c64-a8a5-ca109882dd11","req":{"method":"GET","url":"/company/rates","host":"127.0.0.1:3493","remoteAddress":"127.0.0.1","remotePort":51962},"msg":"incoming request"}
{"level":30,"time":1788739129234,"pid":68337,"hostname":"Mac-mini-de-Javier.local","reqId":"b00d2ff5-8888-4c64-a8a5-ca109882dd11","res":{"statusCode":200},"responseTime":7.696584000019357,"msg":"request completed"}
[api] {"level":30,"time":1788739129234,"pid":68337,"hostname":"Mac-mini-de-Javier.local","reqId":"476371dc-b697-4742-9737-e6cfa40b56d8","req":{"method":"GET","url":"/expediente/post-award-alerts","host":"127.0.0.1:3493","remoteAddress":"127.0.0.1","remotePort":51963},"msg":"incoming request"}
{"level":30,"time":1788739129241,"pid":68337,"hostname":"Mac-mini-de-Javier.local","reqId":"476371dc-b697-4742-9737-e6cfa40b56d8","res":{"statusCode":200},"responseTime":6.3061670000024606,"msg":"request completed"}
[api] {"level":30,"time":1788739129242,"pid":68337,"hostname":"Mac-mini-de-Javier.local","reqId":"67c3dd33-eeb4-4af0-8591-20d0f45300f3","req":{"method":"GET","url":"/audit-log","host":"127.0.0.1:3493","remoteAddress":"127.0.0.1","remotePort":51964},"msg":"incoming request"}
{"level":30,"time":1788739129255,"pid":68337,"hostname":"Mac-mini-de-Javier.local","reqId":"67c3dd33-eeb4-4af0-8591-20d0f45300f3","res":{"statusCode":200},"responseTime":13.3717089999991,"msg":"request completed"}
[api] {"level":30,"time":1788739129263,"pid":68337,"hostname":"Mac-mini-de-Javier.local","reqId":"2d21b103-568a-473e-bca4-981c5a3b20a3","req":{"method":"GET","url":"/company/profile","host":"127.0.0.1:3493","remoteAddress":"127.0.0.1","remotePort":51965},"msg":"incoming request"}
{"level":30,"time":1788739129278,"pid":68337,"hostname":"Mac-mini-de-Javier.local","reqId":"2d21b103-568a-473e-bca4-981c5a3b20a3","res":{"statusCode":200},"responseTime":14.32291700001224,"msg":"request completed"}
[api] {"level":30,"time":1788739129308,"pid":68337,"hostname":"Mac-mini-de-Javier.local","reqId":"2748ac7b-e74a-4177-b700-b3935520e57e","req":{"method":"GET","url":"/company/documents","host":"127.0.0.1:3493","remoteAddress":"127.0.0.1","remotePort":51967},"msg":"incoming request"}
{"level":30,"time":1788739129336,"pid":68337,"hostname":"Mac-mini-de-Javier.local","reqId":"2748ac7b-e74a-4177-b700-b3935520e57e","res":{"statusCode":200},"responseTime":24.729500000015832,"msg":"request completed"}
[api] {"level":30,"time":1788739129344,"pid":68337,"hostname":"Mac-mini-de-Javier.local","reqId":"3f9c3ce5-e2f1-4f0a-a7c9-47797c23bf8b","req":{"method":"GET","url":"/tenders?limit=1","host":"127.0.0.1:3493","remoteAddress":"127.0.0.1","remotePort":51969},"msg":"incoming request"}
{"level":30,"time":1788739129353,"pid":68337,"hostname":"Mac-mini-de-Javier.local","reqId":"3f9c3ce5-e2f1-4f0a-a7c9-47797c23bf8b","res":{"statusCode":200},"responseTime":9.488917000009678,"msg":"request completed"}
[api] {"level":30,"time":1788739129355,"pid":68337,"hostname":"Mac-mini-de-Javier.local","reqId":"d5373eec-ac4b-43ca-9157-e3f4734da71e","req":{"method":"GET","url":"/auth/2fa/status","host":"127.0.0.1:3493","remoteAddress":"127.0.0.1","remotePort":51971},"msg":"incoming request"}
{"level":30,"time":1788739129360,"pid":68337,"hostname":"Mac-mini-de-Javier.local","reqId":"d5373eec-ac4b-43ca-9157-e3f4734da71e","res":{"statusCode":200},"responseTime":5.0147500000020955,"msg":"request completed"}
  [32m✓[39m  [2m 60 [22m[chromium] › e2e/recorrido.spec.ts:47:5 › Recorrido esencial (W-14) › grupo del sidebar: Panel (/panel) carga sin violaciones serious/critical[2m (2.5s)[22m
[api] {"level":30,"time":1788739131728,"pid":68337,"hostname":"Mac-mini-de-Javier.local","reqId":"e72ad2d4-55c8-4649-b7dd-3a8ddc2548dc","req":{"method":"POST","url":"/auth/refresh","host":"127.0.0.1:3493","remoteAddress":"127.0.0.1","remotePort":52051},"msg":"incoming request"}
[api] {"level":30,"time":1788739131762,"pid":68337,"hostname":"Mac-mini-de-Javier.local","reqId":"e72ad2d4-55c8-4649-b7dd-3a8ddc2548dc","res":{"statusCode":200},"responseTime":33.86366599999019,"msg":"request completed"}
[api] {"level":30,"time":1788739131767,"pid":68337,"hostname":"Mac-mini-de-Javier.local","reqId":"53569bfb-0021-4bbf-bc90-d0de331114b5","req":{"method":"GET","url":"/me","host":"127.0.0.1:3493","remoteAddress":"127.0.0.1","remotePort":52052},"msg":"incoming request"}
[api] {"level":30,"time":1788739131773,"pid":68337,"hostname":"Mac-mini-de-Javier.local","reqId":"53569bfb-0021-4bbf-bc90-d0de331114b5","res":{"statusCode":200},"responseTime":4.753583999990951,"msg":"request completed"}
[api] {"level":30,"time":1788739131777,"pid":68337,"hostname":"Mac-mini-de-Javier.local","reqId":"9e8cbc6e-3868-4f88-a8e1-499534fe3656","req":{"method":"GET","url":"/organizations","host":"127.0.0.1:3493","remoteAddress":"127.0.0.1","remotePort":52053},"msg":"incoming request"}
{"level":30,"time":1788739131783,"pid":68337,"hostname":"Mac-mini-de-Javier.local","reqId":"9e8cbc6e-3868-4f88-a8e1-499534fe3656","res":{"statusCode":200},"responseTime":5.652625000016997,"msg":"request completed"}
[api] {"level":30,"time":1788739131809,"pid":68337,"hostname":"Mac-mini-de-Javier.local","reqId":"9a6014ca-1d2b-491c-a22e-4b47219c49fd","req":{"method":"GET","url":"/company/profile","host":"127.0.0.1:3493","remoteAddress":"127.0.0.1","remotePort":52059},"msg":"incoming request"}
[api] {"level":30,"time":1788739131813,"pid":68337,"hostname":"Mac-mini-de-Javier.local","reqId":"9a6014ca-1d2b-491c-a22e-4b47219c49fd","res":{"statusCode":200},"responseTime":4.070083999977214,"msg":"request completed"}
{"level":30,"time":1788739131813,"pid":68337,"hostname":"Mac-mini-de-Javier.local","reqId":"d3ac6833-8581-4c27-9e9d-f1cb8b621699","req":{"method":"GET","url":"/company/capabilities","host":"127.0.0.1:3493","remoteAddress":"127.0.0.1","remotePort":52060},"msg":"incoming request"}
{"level":30,"time":1788739131819,"pid":68337,"hostname":"Mac-mini-de-Javier.local","reqId":"d3ac6833-8581-4c27-9e9d-f1cb8b621699","res":{"statusCode":200},"responseTime":5.5352080000157,"msg":"request completed"}
  [32m✓[39m  [2m 61 [22m[chromium] › e2e/recorrido.spec.ts:47:5 › Recorrido esencial (W-14) › grupo del sidebar: Perfil y capacidades (/empresa/perfil-capacidades) carga sin violaciones serious/critical[2m (2.2s)[22m
[api] {"level":30,"time":1788739134057,"pid":68337,"hostname":"Mac-mini-de-Javier.local","reqId":"2f5fd4a2-9cae-4df3-aec4-6338d7a177a9","req":{"method":"POST","url":"/auth/refresh","host":"127.0.0.1:3493","remoteAddress":"127.0.0.1","remotePort":52123},"msg":"incoming request"}
[api] {"level":30,"time":1788739134088,"pid":68337,"hostname":"Mac-mini-de-Javier.local","reqId":"2f5fd4a2-9cae-4df3-aec4-6338d7a177a9","res":{"statusCode":200},"responseTime":29.5714169999992,"msg":"request completed"}
[api] {"level":30,"time":1788739134094,"pid":68337,"hostname":"Mac-mini-de-Javier.local","reqId":"8e46291a-37a1-42fd-b35a-cd743b1ee804","req":{"method":"GET","url":"/me","host":"127.0.0.1:3493","remoteAddress":"127.0.0.1","remotePort":52124},"msg":"incoming request"}
[api] {"level":30,"time":1788739134098,"pid":68337,"hostname":"Mac-mini-de-Javier.local","reqId":"8e46291a-37a1-42fd-b35a-cd743b1ee804","res":{"statusCode":200},"responseTime":3.5039169999945443,"msg":"request completed"}
{"level":30,"time":1788739134098,"pid":68337,"hostname":"Mac-mini-de-Javier.local","reqId":"abbad34d-5a58-46f6-a751-91fbe0c31160","req":{"method":"GET","url":"/organizations","host":"127.0.0.1:3493","remoteAddress":"127.0.0.1","remotePort":52125},"msg":"incoming request"}
{"level":30,"time":1788739134103,"pid":68337,"hostname":"Mac-mini-de-Javier.local","reqId":"abbad34d-5a58-46f6-a751-91fbe0c31160","res":{"statusCode":200},"responseTime":4.954708000004757,"msg":"request completed"}
[api] {"level":30,"time":1788739134151,"pid":68337,"hostname":"Mac-mini-de-Javier.local","reqId":"db02a8fe-75d4-4bc5-a5f3-fdc9b0f9fb56","req":{"method":"GET","url":"/company/documents","host":"127.0.0.1:3493","remoteAddress":"127.0.0.1","remotePort":52131},"msg":"incoming request"}
[api] {"level":30,"time":1788739134160,"pid":68337,"hostname":"Mac-mini-de-Javier.local","reqId":"db02a8fe-75d4-4bc5-a5f3-fdc9b0f9fb56","res":{"statusCode":200},"responseTime":8.605540999997174,"msg":"request completed"}
  [32m✓[39m  [2m 62 [22m[chromium] › e2e/recorrido.spec.ts:47:5 › Recorrido esencial (W-14) › grupo del sidebar: Documentos y vigencias (/empresa/documentos-vigencias) carga sin violaciones serious/critical[2m (1.8s)[22m
[api] {"level":30,"time":1788739135874,"pid":68337,"hostname":"Mac-mini-de-Javier.local","reqId":"54870c58-3f13-4e15-828e-4b0e8f7c0e7e","req":{"method":"POST","url":"/auth/refresh","host":"127.0.0.1:3493","remoteAddress":"127.0.0.1","remotePort":52185},"msg":"incoming request"}
[api] {"level":30,"time":1788739135891,"pid":68337,"hostname":"Mac-mini-de-Javier.local","reqId":"54870c58-3f13-4e15-828e-4b0e8f7c0e7e","res":{"statusCode":200},"responseTime":15.857916999986628,"msg":"request completed"}
[api] {"level":30,"time":1788739135894,"pid":68337,"hostname":"Mac-mini-de-Javier.local","reqId":"e1623ef4-8292-4e63-a32f-18df79e1596c","req":{"method":"GET","url":"/me","host":"127.0.0.1:3493","remoteAddress":"127.0.0.1","remotePort":52188},"msg":"incoming request"}
[api] {"level":30,"time":1788739135896,"pid":68337,"hostname":"Mac-mini-de-Javier.local","reqId":"e1623ef4-8292-4e63-a32f-18df79e1596c","res":{"statusCode":200},"responseTime":2.499458999984199,"msg":"request completed"}
[api] {"level":30,"time":1788739135897,"pid":68337,"hostname":"Mac-mini-de-Javier.local","reqId":"b0179360-7343-43e6-af0f-8f4c01d9e857","req":{"method":"GET","url":"/organizations","host":"127.0.0.1:3493","remoteAddress":"127.0.0.1","remotePort":52189},"msg":"incoming request"}
{"level":30,"time":1788739135901,"pid":68337,"hostname":"Mac-mini-de-Javier.local","reqId":"b0179360-7343-43e6-af0f-8f4c01d9e857","res":{"statusCode":200},"responseTime":3.5455000000074506,"msg":"request completed"}
[api] {"level":30,"time":1788739135952,"pid":68337,"hostname":"Mac-mini-de-Javier.local","reqId":"26afbc95-a348-46d9-bf2d-ec3d55337f01","req":{"method":"GET","url":"/company/signatories","host":"127.0.0.1:3493","remoteAddress":"127.0.0.1","remotePort":52196},"msg":"incoming request"}
[api] {"level":30,"time":1788739135987,"pid":68337,"hostname":"Mac-mini-de-Javier.local","reqId":"26afbc95-a348-46d9-bf2d-ec3d55337f01","res":{"statusCode":200},"responseTime":35.67591699998593,"msg":"request completed"}
  [32m✓[39m  [2m 63 [22m[chromium] › e2e/recorrido.spec.ts:47:5 › Recorrido esencial (W-14) › grupo del sidebar: Firmantes autorizados (/empresa/firmantes-autorizados) carga sin violaciones serious/critical[2m (2.5s)[22m
[api] {"level":30,"time":1788739138357,"pid":68337,"hostname":"Mac-mini-de-Javier.local","reqId":"46eda20f-dd15-4eb6-968c-346c378c99b1","req":{"method":"POST","url":"/auth/refresh","host":"127.0.0.1:3493","remoteAddress":"127.0.0.1","remotePort":52265},"msg":"incoming request"}
[api] {"level":30,"time":1788739138380,"pid":68337,"hostname":"Mac-mini-de-Javier.local","reqId":"46eda20f-dd15-4eb6-968c-346c378c99b1","res":{"statusCode":200},"responseTime":21.736624999990454,"msg":"request completed"}
[api] {"level":30,"time":1788739138384,"pid":68337,"hostname":"Mac-mini-de-Javier.local","reqId":"43f2c473-1f33-4ff1-b7df-ffcfd062c3f6","req":{"method":"GET","url":"/me","host":"127.0.0.1:3493","remoteAddress":"127.0.0.1","remotePort":52267},"msg":"incoming request"}
[api] {"level":30,"time":1788739138389,"pid":68337,"hostname":"Mac-mini-de-Javier.local","reqId":"43f2c473-1f33-4ff1-b7df-ffcfd062c3f6","res":{"statusCode":200},"responseTime":4.753541999991285,"msg":"request completed"}
{"level":30,"time":1788739138389,"pid":68337,"hostname":"Mac-mini-de-Javier.local","reqId":"4cb9af41-1925-4f19-8b14-bce88c391c48","req":{"method":"GET","url":"/organizations","host":"127.0.0.1:3493","remoteAddress":"127.0.0.1","remotePort":52268},"msg":"incoming request"}
{"level":30,"time":1788739138392,"pid":68337,"hostname":"Mac-mini-de-Javier.local","reqId":"4cb9af41-1925-4f19-8b14-bce88c391c48","res":{"statusCode":200},"responseTime":2.4232090000004973,"msg":"request completed"}
[api] {"level":30,"time":1788739138431,"pid":68337,"hostname":"Mac-mini-de-Javier.local","reqId":"50e72897-cd06-4d17-af0a-3d5025ae84fe","req":{"method":"GET","url":"/auth/2fa/status","host":"127.0.0.1:3493","remoteAddress":"127.0.0.1","remotePort":52273},"msg":"incoming request"}
[api] {"level":30,"time":1788739138434,"pid":68337,"hostname":"Mac-mini-de-Javier.local","reqId":"50e72897-cd06-4d17-af0a-3d5025ae84fe","res":{"statusCode":200},"responseTime":3.040500000002794,"msg":"request completed"}
{"level":30,"time":1788739138434,"pid":68337,"hostname":"Mac-mini-de-Javier.local","reqId":"6edb43bd-14be-41b4-b0a7-8cb1013cbf2a","req":{"method":"GET","url":"/company/rates","host":"127.0.0.1:3493","remoteAddress":"127.0.0.1","remotePort":52274},"msg":"incoming request"}
{"level":30,"time":1788739138442,"pid":68337,"hostname":"Mac-mini-de-Javier.local","reqId":"6edb43bd-14be-41b4-b0a7-8cb1013cbf2a","res":{"statusCode":200},"responseTime":7.148207999998704,"msg":"request completed"}
  [32m✓[39m  [2m 64 [22m[chromium] › e2e/recorrido.spec.ts:47:5 › Recorrido esencial (W-14) › grupo del sidebar: Tarifas aprobadas (/empresa/tarifas-aprobadas) carga sin violaciones serious/critical[2m (1.6s)[22m
[api] {"level":30,"time":1788739140080,"pid":68337,"hostname":"Mac-mini-de-Javier.local","reqId":"da92ddf4-f33f-4f30-9f13-b01a0bc3427d","req":{"method":"POST","url":"/auth/refresh","host":"127.0.0.1:3493","remoteAddress":"127.0.0.1","remotePort":52321},"msg":"incoming request"}
[api] {"level":30,"time":1788739140094,"pid":68337,"hostname":"Mac-mini-de-Javier.local","reqId":"da92ddf4-f33f-4f30-9f13-b01a0bc3427d","res":{"statusCode":200},"responseTime":13.054792000009911,"msg":"request completed"}
[api] {"level":30,"time":1788739140099,"pid":68337,"hostname":"Mac-mini-de-Javier.local","reqId":"3a800b2b-fa94-4321-b3d8-2c6a8d7b582a","req":{"method":"GET","url":"/me","host":"127.0.0.1:3493","remoteAddress":"127.0.0.1","remotePort":52322},"msg":"incoming request"}
[api] {"level":30,"time":1788739140102,"pid":68337,"hostname":"Mac-mini-de-Javier.local","reqId":"3a800b2b-fa94-4321-b3d8-2c6a8d7b582a","res":{"statusCode":200},"responseTime":2.9041250000009313,"msg":"request completed"}
[api] {"level":30,"time":1788739140103,"pid":68337,"hostname":"Mac-mini-de-Javier.local","reqId":"cf2b9465-8154-44e1-8c9c-f82eef4de332","req":{"method":"GET","url":"/organizations","host":"127.0.0.1:3493","remoteAddress":"127.0.0.1","remotePort":52323},"msg":"incoming request"}
{"level":30,"time":1788739140105,"pid":68337,"hostname":"Mac-mini-de-Javier.local","reqId":"cf2b9465-8154-44e1-8c9c-f82eef4de332","res":{"statusCode":200},"responseTime":2.329582999984268,"msg":"request completed"}
[api] {"level":30,"time":1788739140136,"pid":68337,"hostname":"Mac-mini-de-Javier.local","reqId":"7fb73f19-d11b-4850-a276-d7c9a193c73e","req":{"method":"GET","url":"/tenders?limit=20","host":"127.0.0.1:3493","remoteAddress":"127.0.0.1","remotePort":52335},"msg":"incoming request"}
[api] {"level":30,"time":1788739140146,"pid":68337,"hostname":"Mac-mini-de-Javier.local","reqId":"7fb73f19-d11b-4850-a276-d7c9a193c73e","res":{"statusCode":200},"responseTime":9.780417000001762,"msg":"request completed"}
  [32m✓[39m  [2m 65 [22m[chromium] › e2e/recorrido.spec.ts:47:5 › Recorrido esencial (W-14) › grupo del sidebar: Descubrimiento (/convocatorias/descubrimiento) carga sin violaciones serious/critical[2m (1.7s)[22m
[api] {"level":30,"time":1788739141812,"pid":68337,"hostname":"Mac-mini-de-Javier.local","reqId":"1ecf2482-74d6-4947-b426-7b9e966faa8b","req":{"method":"POST","url":"/auth/refresh","host":"127.0.0.1:3493","remoteAddress":"127.0.0.1","remotePort":52378},"msg":"incoming request"}
[api] {"level":30,"time":1788739141821,"pid":68337,"hostname":"Mac-mini-de-Javier.local","reqId":"1ecf2482-74d6-4947-b426-7b9e966faa8b","res":{"statusCode":200},"responseTime":8.850666999991518,"msg":"request completed"}
[api] {"level":30,"time":1788739141824,"pid":68337,"hostname":"Mac-mini-de-Javier.local","reqId":"0342ad2f-8ba0-42f4-8f95-3f0d699ba334","req":{"method":"GET","url":"/me","host":"127.0.0.1:3493","remoteAddress":"127.0.0.1","remotePort":52379},"msg":"incoming request"}
[api] {"level":30,"time":1788739141826,"pid":68337,"hostname":"Mac-mini-de-Javier.local","reqId":"0342ad2f-8ba0-42f4-8f95-3f0d699ba334","res":{"statusCode":200},"responseTime":2.132832999981474,"msg":"request completed"}
[api] {"level":30,"time":1788739141827,"pid":68337,"hostname":"Mac-mini-de-Javier.local","reqId":"efb68bb0-a7b3-49d5-9daa-6bdbd46b8cc9","req":{"method":"GET","url":"/organizations","host":"127.0.0.1:3493","remoteAddress":"127.0.0.1","remotePort":52380},"msg":"incoming request"}
{"level":30,"time":1788739141830,"pid":68337,"hostname":"Mac-mini-de-Javier.local","reqId":"efb68bb0-a7b3-49d5-9daa-6bdbd46b8cc9","res":{"statusCode":200},"responseTime":3.722125000000233,"msg":"request completed"}
[api] {"level":30,"time":1788739141855,"pid":68337,"hostname":"Mac-mini-de-Javier.local","reqId":"4ceca89c-2ff7-4034-b577-5f7bb79d76c2","req":{"method":"GET","url":"/tenders?limit=50","host":"127.0.0.1:3493","remoteAddress":"127.0.0.1","remotePort":52385},"msg":"incoming request"}
[api] {"level":30,"time":1788739141860,"pid":68337,"hostname":"Mac-mini-de-Javier.local","reqId":"4ceca89c-2ff7-4034-b577-5f7bb79d76c2","res":{"statusCode":200},"responseTime":4.911082999984501,"msg":"request completed"}
[api] {"level":30,"time":1788739141860,"pid":68337,"hostname":"Mac-mini-de-Javier.local","reqId":"1e4c9434-8a99-410b-a9c0-4ba0e7283d88","req":{"method":"GET","url":"/matching/tenders","host":"127.0.0.1:3493","remoteAddress":"127.0.0.1","remotePort":52386},"msg":"incoming request"}
{"level":30,"time":1788739141873,"pid":68337,"hostname":"Mac-mini-de-Javier.local","reqId":"1e4c9434-8a99-410b-a9c0-4ba0e7283d88","res":{"statusCode":200},"responseTime":12.189707999990787,"msg":"request completed"}
  [32m✓[39m  [2m 66 [22m[chromium] › e2e/recorrido.spec.ts:47:5 › Recorrido esencial (W-14) › grupo del sidebar: Matching (/convocatorias/matching) carga sin violaciones serious/critical[2m (1.2s)[22m
[api] {"level":30,"time":1788739143010,"pid":68337,"hostname":"Mac-mini-de-Javier.local","reqId":"21516da3-47c0-476b-a955-191814508e6a","req":{"method":"POST","url":"/auth/refresh","host":"127.0.0.1:3493","remoteAddress":"127.0.0.1","remotePort":52416},"msg":"incoming request"}
[api] {"level":30,"time":1788739143023,"pid":68337,"hostname":"Mac-mini-de-Javier.local","reqId":"21516da3-47c0-476b-a955-191814508e6a","res":{"statusCode":200},"responseTime":12.63858299999265,"msg":"request completed"}
[api] {"level":30,"time":1788739143030,"pid":68337,"hostname":"Mac-mini-de-Javier.local","reqId":"e918643e-b5c0-4f59-bfd4-6e35b075ba10","req":{"method":"GET","url":"/me","host":"127.0.0.1:3493","remoteAddress":"127.0.0.1","remotePort":52417},"msg":"incoming request"}
[api] {"level":30,"time":1788739143033,"pid":68337,"hostname":"Mac-mini-de-Javier.local","reqId":"e918643e-b5c0-4f59-bfd4-6e35b075ba10","res":{"statusCode":200},"responseTime":2.9996249999967404,"msg":"request completed"}
{"level":30,"time":1788739143033,"pid":68337,"hostname":"Mac-mini-de-Javier.local","reqId":"bd25c08d-0c02-447a-8ae1-606973c11132","req":{"method":"GET","url":"/organizations","host":"127.0.0.1:3493","remoteAddress":"127.0.0.1","remotePort":52418},"msg":"incoming request"}
{"level":30,"time":1788739143036,"pid":68337,"hostname":"Mac-mini-de-Javier.local","reqId":"bd25c08d-0c02-447a-8ae1-606973c11132","res":{"statusCode":200},"responseTime":2.752542000001995,"msg":"request completed"}
[api] {"level":30,"time":1788739143066,"pid":68337,"hostname":"Mac-mini-de-Javier.local","reqId":"7eecf239-6a5a-4a4d-802a-d753b67ab9b7","req":{"method":"GET","url":"/tenders/sources/freshness","host":"127.0.0.1:3493","remoteAddress":"127.0.0.1","remotePort":52428},"msg":"incoming request"}
[api] {"level":30,"time":1788739143070,"pid":68337,"hostname":"Mac-mini-de-Javier.local","reqId":"7eecf239-6a5a-4a4d-802a-d753b67ab9b7","res":{"statusCode":200},"responseTime":2.6552910000027623,"msg":"request completed"}
  [32m✓[39m  [2m 67 [22m[chromium] › e2e/recorrido.spec.ts:47:5 › Recorrido esencial (W-14) › grupo del sidebar: Fuentes y frescura (/convocatorias/fuentes-frescura) carga sin violaciones serious/critical[2m (1.2s)[22m
[api] {"level":30,"time":1788739144255,"pid":68337,"hostname":"Mac-mini-de-Javier.local","reqId":"7e21b031-b3b5-4308-a7dc-66b75c7cb180","req":{"method":"POST","url":"/auth/refresh","host":"127.0.0.1:3493","remoteAddress":"127.0.0.1","remotePort":52449},"msg":"incoming request"}
[api] {"level":30,"time":1788739144261,"pid":68337,"hostname":"Mac-mini-de-Javier.local","reqId":"7e21b031-b3b5-4308-a7dc-66b75c7cb180","res":{"statusCode":200},"responseTime":5.550791999994544,"msg":"request completed"}
[api] {"level":30,"time":1788739144264,"pid":68337,"hostname":"Mac-mini-de-Javier.local","reqId":"58120e5d-5202-4707-a44b-2b256bea215b","req":{"method":"GET","url":"/me","host":"127.0.0.1:3493","remoteAddress":"127.0.0.1","remotePort":52450},"msg":"incoming request"}
[api] {"level":30,"time":1788739144266,"pid":68337,"hostname":"Mac-mini-de-Javier.local","reqId":"58120e5d-5202-4707-a44b-2b256bea215b","res":{"statusCode":200},"responseTime":2.010833999986062,"msg":"request completed"}
[api] {"level":30,"time":1788739144266,"pid":68337,"hostname":"Mac-mini-de-Javier.local","reqId":"49eecb82-6676-4a86-966e-75e4478c45ff","req":{"method":"GET","url":"/organizations","host":"127.0.0.1:3493","remoteAddress":"127.0.0.1","remotePort":52451},"msg":"incoming request"}
{"level":30,"time":1788739144269,"pid":68337,"hostname":"Mac-mini-de-Javier.local","reqId":"49eecb82-6676-4a86-966e-75e4478c45ff","res":{"statusCode":200},"responseTime":2.7573329999868292,"msg":"request completed"}
[api] {"level":30,"time":1788739144298,"pid":68337,"hostname":"Mac-mini-de-Javier.local","reqId":"4c610cd1-7696-4240-97aa-df014ec5daa1","req":{"method":"GET","url":"/tenders?limit=50","host":"127.0.0.1:3493","remoteAddress":"127.0.0.1","remotePort":52456},"msg":"incoming request"}
[api] {"level":30,"time":1788739144302,"pid":68337,"hostname":"Mac-mini-de-Javier.local","reqId":"4c610cd1-7696-4240-97aa-df014ec5daa1","res":{"statusCode":200},"responseTime":4.043792000011308,"msg":"request completed"}
  [32m✓[39m  [2m 68 [22m[chromium] › e2e/recorrido.spec.ts:47:5 › Recorrido esencial (W-14) › grupo del sidebar: Go/No-Go (/evaluacion/go-no-go) carga sin violaciones serious/critical[2m (1.1s)[22m
[api] {"level":30,"time":1788739145413,"pid":68337,"hostname":"Mac-mini-de-Javier.local","reqId":"e6eed918-3163-4535-8308-887cb1085de5","req":{"method":"POST","url":"/auth/refresh","host":"127.0.0.1:3493","remoteAddress":"127.0.0.1","remotePort":52504},"msg":"incoming request"}
[api] {"level":30,"time":1788739145416,"pid":68337,"hostname":"Mac-mini-de-Javier.local","reqId":"e6eed918-3163-4535-8308-887cb1085de5","res":{"statusCode":200},"responseTime":3.448999999993248,"msg":"request completed"}
[api] {"level":30,"time":1788739145421,"pid":68337,"hostname":"Mac-mini-de-Javier.local","reqId":"d682fab1-64fe-4706-ac6e-6897c39b18ab","req":{"method":"GET","url":"/me","host":"127.0.0.1:3493","remoteAddress":"127.0.0.1","remotePort":52505},"msg":"incoming request"}
[api] {"level":30,"time":1788739145423,"pid":68337,"hostname":"Mac-mini-de-Javier.local","reqId":"d682fab1-64fe-4706-ac6e-6897c39b18ab","res":{"statusCode":200},"responseTime":2.089417000010144,"msg":"request completed"}
{"level":30,"time":1788739145423,"pid":68337,"hostname":"Mac-mini-de-Javier.local","reqId":"8ee92a29-4440-4387-9035-e812db1b8306","req":{"method":"GET","url":"/organizations","host":"127.0.0.1:3493","remoteAddress":"127.0.0.1","remotePort":52506},"msg":"incoming request"}
{"level":30,"time":1788739145426,"pid":68337,"hostname":"Mac-mini-de-Javier.local","reqId":"8ee92a29-4440-4387-9035-e812db1b8306","res":{"statusCode":200},"responseTime":2.5099999999802094,"msg":"request completed"}
[api] {"level":30,"time":1788739145460,"pid":68337,"hostname":"Mac-mini-de-Javier.local","reqId":"5b52c6fd-b597-4665-985e-e8b88533d7a3","req":{"method":"GET","url":"/tenders?limit=50","host":"127.0.0.1:3493","remoteAddress":"127.0.0.1","remotePort":52517},"msg":"incoming request"}
[api] {"level":30,"time":1788739145464,"pid":68337,"hostname":"Mac-mini-de-Javier.local","reqId":"5b52c6fd-b597-4665-985e-e8b88533d7a3","res":{"statusCode":200},"responseTime":3.749041999981273,"msg":"request completed"}
  [32m✓[39m  [2m 69 [22m[chromium] › e2e/recorrido.spec.ts:47:5 › Recorrido esencial (W-14) › grupo del sidebar: Análisis de bases (/evaluacion/analisis-bases) carga sin violaciones serious/critical[2m (1.1s)[22m
[api] {"level":30,"time":1788739146528,"pid":68337,"hostname":"Mac-mini-de-Javier.local","reqId":"8c24d3b6-7f9d-4762-b748-e72f56c82918","req":{"method":"POST","url":"/auth/refresh","host":"127.0.0.1:3493","remoteAddress":"127.0.0.1","remotePort":52572},"msg":"incoming request"}
[api] {"level":30,"time":1788739146532,"pid":68337,"hostname":"Mac-mini-de-Javier.local","reqId":"8c24d3b6-7f9d-4762-b748-e72f56c82918","res":{"statusCode":200},"responseTime":4.105333999992581,"msg":"request completed"}
[api] {"level":30,"time":1788739146535,"pid":68337,"hostname":"Mac-mini-de-Javier.local","reqId":"8ef8d465-a094-4b74-a270-ea4b02ffcdde","req":{"method":"GET","url":"/me","host":"127.0.0.1:3493","remoteAddress":"127.0.0.1","remotePort":52573},"msg":"incoming request"}
[api] {"level":30,"time":1788739146538,"pid":68337,"hostname":"Mac-mini-de-Javier.local","reqId":"8ef8d465-a094-4b74-a270-ea4b02ffcdde","res":{"statusCode":200},"responseTime":2.4098330000124406,"msg":"request completed"}
[api] {"level":30,"time":1788739146538,"pid":68337,"hostname":"Mac-mini-de-Javier.local","reqId":"ffea12cd-0974-4f5c-967a-fa1e06ad3d76","req":{"method":"GET","url":"/organizations","host":"127.0.0.1:3493","remoteAddress":"127.0.0.1","remotePort":52574},"msg":"incoming request"}
{"level":30,"time":1788739146541,"pid":68337,"hostname":"Mac-mini-de-Javier.local","reqId":"ffea12cd-0974-4f5c-967a-fa1e06ad3d76","res":{"statusCode":200},"responseTime":2.6657089999935124,"msg":"request completed"}
[api] {"level":30,"time":1788739146568,"pid":68337,"hostname":"Mac-mini-de-Javier.local","reqId":"154a5c98-2d92-4ac3-a716-0f6fb296e0b2","req":{"method":"GET","url":"/tenders?limit=50","host":"127.0.0.1:3493","remoteAddress":"127.0.0.1","remotePort":52579},"msg":"incoming request"}
[api] {"level":30,"time":1788739146572,"pid":68337,"hostname":"Mac-mini-de-Javier.local","reqId":"154a5c98-2d92-4ac3-a716-0f6fb296e0b2","res":{"statusCode":200},"responseTime":3.8317080000124406,"msg":"request completed"}
  [32m✓[39m  [2m 70 [22m[chromium] › e2e/recorrido.spec.ts:47:5 › Recorrido esencial (W-14) › grupo del sidebar: Cumplimiento documental (/preparacion/cumplimiento-documental) carga sin violaciones serious/critical[2m (1.1s)[22m
[api] {"level":30,"time":1788739147670,"pid":68337,"hostname":"Mac-mini-de-Javier.local","reqId":"81601717-c41e-485a-9b45-8f75b813e94b","req":{"method":"POST","url":"/auth/refresh","host":"127.0.0.1:3493","remoteAddress":"127.0.0.1","remotePort":52630},"msg":"incoming request"}
[api] {"level":30,"time":1788739147672,"pid":68337,"hostname":"Mac-mini-de-Javier.local","reqId":"81601717-c41e-485a-9b45-8f75b813e94b","res":{"statusCode":200},"responseTime":2.619582999992417,"msg":"request completed"}
[api] {"level":30,"time":1788739147678,"pid":68337,"hostname":"Mac-mini-de-Javier.local","reqId":"fcfdf1cd-06c7-4e03-a8bb-3bfe5aac0d1b","req":{"method":"GET","url":"/me","host":"127.0.0.1:3493","remoteAddress":"127.0.0.1","remotePort":52631},"msg":"incoming request"}
[api] {"level":30,"time":1788739147680,"pid":68337,"hostname":"Mac-mini-de-Javier.local","reqId":"fcfdf1cd-06c7-4e03-a8bb-3bfe5aac0d1b","res":{"statusCode":200},"responseTime":2.233042000007117,"msg":"request completed"}
[api] {"level":30,"time":1788739147682,"pid":68337,"hostname":"Mac-mini-de-Javier.local","reqId":"e1645276-1836-404c-9daf-4ee0e84bea9f","req":{"method":"GET","url":"/organizations","host":"127.0.0.1:3493","remoteAddress":"127.0.0.1","remotePort":52632},"msg":"incoming request"}
{"level":30,"time":1788739147685,"pid":68337,"hostname":"Mac-mini-de-Javier.local","reqId":"e1645276-1836-404c-9daf-4ee0e84bea9f","res":{"statusCode":200},"responseTime":3.3446249999979045,"msg":"request completed"}
[api] {"level":30,"time":1788739147723,"pid":68337,"hostname":"Mac-mini-de-Javier.local","reqId":"7746bbd4-03c0-4c18-8e58-c76c11f4843c","req":{"method":"GET","url":"/tenders?limit=50","host":"127.0.0.1:3493","remoteAddress":"127.0.0.1","remotePort":52639},"msg":"incoming request"}
[api] {"level":30,"time":1788739147725,"pid":68337,"hostname":"Mac-mini-de-Javier.local","reqId":"7746bbd4-03c0-4c18-8e58-c76c11f4843c","res":{"statusCode":200},"responseTime":2.706333000009181,"msg":"request completed"}
  [32m✓[39m  [2m 71 [22m[chromium] › e2e/recorrido.spec.ts:47:5 › Recorrido esencial (W-14) › grupo del sidebar: Redacción (/preparacion/redaccion) carga sin violaciones serious/critical[2m (1.1s)[22m
[api] {"level":30,"time":1788739148758,"pid":68337,"hostname":"Mac-mini-de-Javier.local","reqId":"e7b54639-c3b6-48b1-aadb-1164cabd5119","req":{"method":"POST","url":"/auth/refresh","host":"127.0.0.1:3493","remoteAddress":"127.0.0.1","remotePort":52669},"msg":"incoming request"}
[api] {"level":30,"time":1788739148764,"pid":68337,"hostname":"Mac-mini-de-Javier.local","reqId":"e7b54639-c3b6-48b1-aadb-1164cabd5119","res":{"statusCode":200},"responseTime":5.631541000009747,"msg":"request completed"}
[api] {"level":30,"time":1788739148767,"pid":68337,"hostname":"Mac-mini-de-Javier.local","reqId":"1ea24364-8095-4175-baad-c23f8c57f125","req":{"method":"GET","url":"/me","host":"127.0.0.1:3493","remoteAddress":"127.0.0.1","remotePort":52670},"msg":"incoming request"}
[api] {"level":30,"time":1788739148770,"pid":68337,"hostname":"Mac-mini-de-Javier.local","reqId":"1ea24364-8095-4175-baad-c23f8c57f125","res":{"statusCode":200},"responseTime":3.099833000014769,"msg":"request completed"}
{"level":30,"time":1788739148770,"pid":68337,"hostname":"Mac-mini-de-Javier.local","reqId":"390ee263-a1bb-494f-847f-dbd4be651e70","req":{"method":"GET","url":"/organizations","host":"127.0.0.1:3493","remoteAddress":"127.0.0.1","remotePort":52671},"msg":"incoming request"}
{"level":30,"time":1788739148773,"pid":68337,"hostname":"Mac-mini-de-Javier.local","reqId":"390ee263-a1bb-494f-847f-dbd4be651e70","res":{"statusCode":200},"responseTime":2.4662499999976717,"msg":"request completed"}
[api] {"level":30,"time":1788739148820,"pid":68337,"hostname":"Mac-mini-de-Javier.local","reqId":"3945e38c-66a5-4ca7-bca2-18dd75efe555","req":{"method":"GET","url":"/tenders?limit=50","host":"127.0.0.1:3493","remoteAddress":"127.0.0.1","remotePort":52676},"msg":"incoming request"}
[api] {"level":30,"time":1788739148825,"pid":68337,"hostname":"Mac-mini-de-Javier.local","reqId":"3945e38c-66a5-4ca7-bca2-18dd75efe555","res":{"statusCode":200},"responseTime":4.749707999988459,"msg":"request completed"}
[api] {"level":30,"time":1788739148825,"pid":68337,"hostname":"Mac-mini-de-Javier.local","reqId":"67ec203c-8e52-466b-89cb-d66aabb57a16","req":{"method":"GET","url":"/auth/2fa/status","host":"127.0.0.1:3493","remoteAddress":"127.0.0.1","remotePort":52677},"msg":"incoming request"}
{"level":30,"time":1788739148831,"pid":68337,"hostname":"Mac-mini-de-Javier.local","reqId":"67ec203c-8e52-466b-89cb-d66aabb57a16","res":{"statusCode":200},"responseTime":5.270416999992449,"msg":"request completed"}
  [32m✓[39m  [2m 72 [22m[chromium] › e2e/recorrido.spec.ts:47:5 › Recorrido esencial (W-14) › grupo del sidebar: Revisión (/preparacion/revision) carga sin violaciones serious/critical[2m (1.3s)[22m
[api] {"level":30,"time":1788739150074,"pid":68337,"hostname":"Mac-mini-de-Javier.local","reqId":"75686fa1-3d82-4dc3-9b3e-92d6520f79bd","req":{"method":"POST","url":"/auth/refresh","host":"127.0.0.1:3493","remoteAddress":"127.0.0.1","remotePort":52738},"msg":"incoming request"}
[api] {"level":30,"time":1788739150079,"pid":68337,"hostname":"Mac-mini-de-Javier.local","reqId":"75686fa1-3d82-4dc3-9b3e-92d6520f79bd","res":{"statusCode":200},"responseTime":4.002957999997307,"msg":"request completed"}
[api] {"level":30,"time":1788739150082,"pid":68337,"hostname":"Mac-mini-de-Javier.local","reqId":"896d3e3d-a6b2-4d20-a362-3b2dd375cab8","req":{"method":"GET","url":"/me","host":"127.0.0.1:3493","remoteAddress":"127.0.0.1","remotePort":52739},"msg":"incoming request"}
[api] {"level":30,"time":1788739150085,"pid":68337,"hostname":"Mac-mini-de-Javier.local","reqId":"896d3e3d-a6b2-4d20-a362-3b2dd375cab8","res":{"statusCode":200},"responseTime":2.359208000008948,"msg":"request completed"}
[api] {"level":30,"time":1788739150085,"pid":68337,"hostname":"Mac-mini-de-Javier.local","reqId":"a83d9cab-d4db-4b44-ba19-1984e029c0ad","req":{"method":"GET","url":"/organizations","host":"127.0.0.1:3493","remoteAddress":"127.0.0.1","remotePort":52740},"msg":"incoming request"}
{"level":30,"time":1788739150087,"pid":68337,"hostname":"Mac-mini-de-Javier.local","reqId":"a83d9cab-d4db-4b44-ba19-1984e029c0ad","res":{"statusCode":200},"responseTime":2.1948750000447035,"msg":"request completed"}
[api] {"level":30,"time":1788739150109,"pid":68337,"hostname":"Mac-mini-de-Javier.local","reqId":"78107218-ad8e-437d-a5fe-eec1f835749b","req":{"method":"GET","url":"/tenders?limit=50","host":"127.0.0.1:3493","remoteAddress":"127.0.0.1","remotePort":52746},"msg":"incoming request"}
[api] {"level":30,"time":1788739150114,"pid":68337,"hostname":"Mac-mini-de-Javier.local","reqId":"78107218-ad8e-437d-a5fe-eec1f835749b","res":{"statusCode":200},"responseTime":4.966124999977183,"msg":"request completed"}
  [32m✓[39m  [2m 73 [22m[chromium] › e2e/recorrido.spec.ts:47:5 › Recorrido esencial (W-14) › grupo del sidebar: Expediente (/preparacion/expediente) carga sin violaciones serious/critical[2m (1.1s)[22m
[api] {"level":30,"time":1788739151204,"pid":68337,"hostname":"Mac-mini-de-Javier.local","reqId":"110bdb62-bb93-4fe2-83bd-cd2e19ed9390","req":{"method":"POST","url":"/auth/refresh","host":"127.0.0.1:3493","remoteAddress":"127.0.0.1","remotePort":52803},"msg":"incoming request"}
[api] {"level":30,"time":1788739151208,"pid":68337,"hostname":"Mac-mini-de-Javier.local","reqId":"110bdb62-bb93-4fe2-83bd-cd2e19ed9390","res":{"statusCode":200},"responseTime":3.2159579999861307,"msg":"request completed"}
[api] {"level":30,"time":1788739151211,"pid":68337,"hostname":"Mac-mini-de-Javier.local","reqId":"9cc7890d-5f3d-44b5-a632-a8268de73f4b","req":{"method":"GET","url":"/me","host":"127.0.0.1:3493","remoteAddress":"127.0.0.1","remotePort":52804},"msg":"incoming request"}
[api] {"level":30,"time":1788739151213,"pid":68337,"hostname":"Mac-mini-de-Javier.local","reqId":"9cc7890d-5f3d-44b5-a632-a8268de73f4b","res":{"statusCode":200},"responseTime":1.7579590000095777,"msg":"request completed"}
{"level":30,"time":1788739151213,"pid":68337,"hostname":"Mac-mini-de-Javier.local","reqId":"0d1c4b3c-b6e4-41ad-9cb9-880741a63482","req":{"method":"GET","url":"/organizations","host":"127.0.0.1:3493","remoteAddress":"127.0.0.1","remotePort":52805},"msg":"incoming request"}
{"level":30,"time":1788739151214,"pid":68337,"hostname":"Mac-mini-de-Javier.local","reqId":"0d1c4b3c-b6e4-41ad-9cb9-880741a63482","res":{"statusCode":200},"responseTime":0.8677080000052229,"msg":"request completed"}
[api] {"level":30,"time":1788739151235,"pid":68337,"hostname":"Mac-mini-de-Javier.local","reqId":"0ebc5f42-870b-42e6-8b51-af305a944824","req":{"method":"GET","url":"/tenders?limit=50","host":"127.0.0.1:3493","remoteAddress":"127.0.0.1","remotePort":52810},"msg":"incoming request"}
[api] {"level":30,"time":1788739151245,"pid":68337,"hostname":"Mac-mini-de-Javier.local","reqId":"0ebc5f42-870b-42e6-8b51-af305a944824","res":{"statusCode":200},"responseTime":9.516459000005852,"msg":"request completed"}
  [32m✓[39m  [2m 74 [22m[chromium] › e2e/recorrido.spec.ts:47:5 › Recorrido esencial (W-14) › grupo del sidebar: Aprobaciones (/preparacion/aprobaciones) carga sin violaciones serious/critical[2m (1.3s)[22m
[api] {"level":30,"time":1788739152558,"pid":68337,"hostname":"Mac-mini-de-Javier.local","reqId":"c121135c-50bd-4a68-bf8c-97da36c59ec6","req":{"method":"POST","url":"/auth/refresh","host":"127.0.0.1:3493","remoteAddress":"127.0.0.1","remotePort":52848},"msg":"incoming request"}
[api] {"level":30,"time":1788739152568,"pid":68337,"hostname":"Mac-mini-de-Javier.local","reqId":"c121135c-50bd-4a68-bf8c-97da36c59ec6","res":{"statusCode":200},"responseTime":9.739082999993116,"msg":"request completed"}
[api] {"level":30,"time":1788739152573,"pid":68337,"hostname":"Mac-mini-de-Javier.local","reqId":"3b3649e4-b76a-42e1-bd48-329ffe348f11","req":{"method":"GET","url":"/me","host":"127.0.0.1:3493","remoteAddress":"127.0.0.1","remotePort":52849},"msg":"incoming request"}
[api] {"level":30,"time":1788739152576,"pid":68337,"hostname":"Mac-mini-de-Javier.local","reqId":"3b3649e4-b76a-42e1-bd48-329ffe348f11","res":{"statusCode":200},"responseTime":2.7512920000008307,"msg":"request completed"}
[api] {"level":30,"time":1788739152576,"pid":68337,"hostname":"Mac-mini-de-Javier.local","reqId":"d1d5ec93-c039-4ff4-91b3-1b1cf352bd02","req":{"method":"GET","url":"/organizations","host":"127.0.0.1:3493","remoteAddress":"127.0.0.1","remotePort":52850},"msg":"incoming request"}
{"level":30,"time":1788739152578,"pid":68337,"hostname":"Mac-mini-de-Javier.local","reqId":"d1d5ec93-c039-4ff4-91b3-1b1cf352bd02","res":{"statusCode":200},"responseTime":1.7442500000470318,"msg":"request completed"}
[api] {"level":30,"time":1788739152611,"pid":68337,"hostname":"Mac-mini-de-Javier.local","reqId":"e569fae1-bd61-4653-ace9-7367315e2a52","req":{"method":"GET","url":"/tenders?limit=50","host":"127.0.0.1:3493","remoteAddress":"127.0.0.1","remotePort":52855},"msg":"incoming request"}
[api] {"level":30,"time":1788739152620,"pid":68337,"hostname":"Mac-mini-de-Javier.local","reqId":"e569fae1-bd61-4653-ace9-7367315e2a52","res":{"statusCode":200},"responseTime":9.001749999995809,"msg":"request completed"}
  [32m✓[39m  [2m 75 [22m[chromium] › e2e/recorrido.spec.ts:47:5 › Recorrido esencial (W-14) › grupo del sidebar: Entregas (/entrega/entregas) carga sin violaciones serious/critical[2m (1.3s)[22m
[api] {"level":30,"time":1788739153836,"pid":68337,"hostname":"Mac-mini-de-Javier.local","reqId":"49369289-fc99-4626-8abf-a5e54216f386","req":{"method":"POST","url":"/auth/refresh","host":"127.0.0.1:3493","remoteAddress":"127.0.0.1","remotePort":52916},"msg":"incoming request"}
[api] {"level":30,"time":1788739153841,"pid":68337,"hostname":"Mac-mini-de-Javier.local","reqId":"49369289-fc99-4626-8abf-a5e54216f386","res":{"statusCode":200},"responseTime":5.096290999965277,"msg":"request completed"}
[api] {"level":30,"time":1788739153847,"pid":68337,"hostname":"Mac-mini-de-Javier.local","reqId":"a9104265-f39c-4ab9-b41d-58e2acda963d","req":{"method":"GET","url":"/me","host":"127.0.0.1:3493","remoteAddress":"127.0.0.1","remotePort":52918},"msg":"incoming request"}
[api] {"level":30,"time":1788739153852,"pid":68337,"hostname":"Mac-mini-de-Javier.local","reqId":"a9104265-f39c-4ab9-b41d-58e2acda963d","res":{"statusCode":200},"responseTime":5.099541000032332,"msg":"request completed"}
[api] {"level":30,"time":1788739153853,"pid":68337,"hostname":"Mac-mini-de-Javier.local","reqId":"c4a6db04-b3b3-4aa9-ab1e-b32e10d4bb7b","req":{"method":"GET","url":"/organizations","host":"127.0.0.1:3493","remoteAddress":"127.0.0.1","remotePort":52919},"msg":"incoming request"}
{"level":30,"time":1788739153856,"pid":68337,"hostname":"Mac-mini-de-Javier.local","reqId":"c4a6db04-b3b3-4aa9-ab1e-b32e10d4bb7b","res":{"statusCode":200},"responseTime":3.0530419999849983,"msg":"request completed"}
[api] {"level":30,"time":1788739153889,"pid":68337,"hostname":"Mac-mini-de-Javier.local","reqId":"92aa01ae-275d-4841-8fad-91d4945c119d","req":{"method":"GET","url":"/tenders?limit=50","host":"127.0.0.1:3493","remoteAddress":"127.0.0.1","remotePort":52927},"msg":"incoming request"}
[api] {"level":30,"time":1788739153893,"pid":68337,"hostname":"Mac-mini-de-Javier.local","reqId":"92aa01ae-275d-4841-8fad-91d4945c119d","res":{"statusCode":200},"responseTime":3.9640830000280403,"msg":"request completed"}
  [32m✓[39m  [2m 76 [22m[chromium] › e2e/recorrido.spec.ts:47:5 › Recorrido esencial (W-14) › grupo del sidebar: Paquete descargable (/entrega/paquete-descargable) carga sin violaciones serious/critical[2m (1.5s)[22m
[api] {"level":30,"time":1788739155305,"pid":68337,"hostname":"Mac-mini-de-Javier.local","reqId":"9d53b81a-4f53-4b7f-94aa-f3828917c842","req":{"method":"POST","url":"/auth/refresh","host":"127.0.0.1:3493","remoteAddress":"127.0.0.1","remotePort":52999},"msg":"incoming request"}
[api] {"level":30,"time":1788739155309,"pid":68337,"hostname":"Mac-mini-de-Javier.local","reqId":"9d53b81a-4f53-4b7f-94aa-f3828917c842","res":{"statusCode":200},"responseTime":4.174540999985766,"msg":"request completed"}
[api] {"level":30,"time":1788739155312,"pid":68337,"hostname":"Mac-mini-de-Javier.local","reqId":"babfff2d-5f20-4388-b108-dba2d2c310ef","req":{"method":"GET","url":"/me","host":"127.0.0.1:3493","remoteAddress":"127.0.0.1","remotePort":53000},"msg":"incoming request"}
[api] {"level":30,"time":1788739155314,"pid":68337,"hostname":"Mac-mini-de-Javier.local","reqId":"babfff2d-5f20-4388-b108-dba2d2c310ef","res":{"statusCode":200},"responseTime":1.4800829999730922,"msg":"request completed"}
{"level":30,"time":1788739155314,"pid":68337,"hostname":"Mac-mini-de-Javier.local","reqId":"5934cdb9-bc72-4bb5-88a6-32e5903f868b","req":{"method":"GET","url":"/organizations","host":"127.0.0.1:3493","remoteAddress":"127.0.0.1","remotePort":53001},"msg":"incoming request"}
{"level":30,"time":1788739155317,"pid":68337,"hostname":"Mac-mini-de-Javier.local","reqId":"5934cdb9-bc72-4bb5-88a6-32e5903f868b","res":{"statusCode":200},"responseTime":2.804999999993015,"msg":"request completed"}
[api] {"level":30,"time":1788739155358,"pid":68337,"hostname":"Mac-mini-de-Javier.local","reqId":"fc9ba7c3-d467-48ae-9382-09ec757da189","req":{"method":"GET","url":"/expediente/post-award-alerts","host":"127.0.0.1:3493","remoteAddress":"127.0.0.1","remotePort":53010},"msg":"incoming request"}
[api] {"level":30,"time":1788739155378,"pid":68337,"hostname":"Mac-mini-de-Javier.local","reqId":"fc9ba7c3-d467-48ae-9382-09ec757da189","res":{"statusCode":200},"responseTime":19.955083000008017,"msg":"request completed"}
[api] {"level":30,"time":1788739155379,"pid":68337,"hostname":"Mac-mini-de-Javier.local","reqId":"f1cdea98-1e99-4da6-9e77-09140a9879fa","req":{"method":"GET","url":"/tenders?limit=50","host":"127.0.0.1:3493","remoteAddress":"127.0.0.1","remotePort":53011},"msg":"incoming request"}
{"level":30,"time":1788739155395,"pid":68337,"hostname":"Mac-mini-de-Javier.local","reqId":"f1cdea98-1e99-4da6-9e77-09140a9879fa","res":{"statusCode":200},"responseTime":15.669167000043672,"msg":"request completed"}
  [32m✓[39m  [2m 77 [22m[chromium] › e2e/recorrido.spec.ts:47:5 › Recorrido esencial (W-14) › grupo del sidebar: Seguimiento post-adjudicación (/entrega/seguimiento) carga sin violaciones serious/critical[2m (1.3s)[22m
[api] {"level":30,"time":1788739156619,"pid":68337,"hostname":"Mac-mini-de-Javier.local","reqId":"c7e08a23-2bea-4170-b704-e51b6914dfdf","req":{"method":"POST","url":"/auth/refresh","host":"127.0.0.1:3493","remoteAddress":"127.0.0.1","remotePort":53052},"msg":"incoming request"}
[api] {"level":30,"time":1788739156621,"pid":68337,"hostname":"Mac-mini-de-Javier.local","reqId":"c7e08a23-2bea-4170-b704-e51b6914dfdf","res":{"statusCode":200},"responseTime":2.6469580000266433,"msg":"request completed"}
[api] {"level":30,"time":1788739156635,"pid":68337,"hostname":"Mac-mini-de-Javier.local","reqId":"263580b6-8378-4ddb-8c7b-e58c35dcfa90","req":{"method":"GET","url":"/me","host":"127.0.0.1:3493","remoteAddress":"127.0.0.1","remotePort":53053},"msg":"incoming request"}
{"level":30,"time":1788739156638,"pid":68337,"hostname":"Mac-mini-de-Javier.local","reqId":"263580b6-8378-4ddb-8c7b-e58c35dcfa90","res":{"statusCode":200},"responseTime":2.6776670000399463,"msg":"request completed"}
[api] {"level":30,"time":1788739156638,"pid":68337,"hostname":"Mac-mini-de-Javier.local","reqId":"79ed1b40-8254-427a-b359-cb8bd5ff08ca","req":{"method":"GET","url":"/organizations","host":"127.0.0.1:3493","remoteAddress":"127.0.0.1","remotePort":53054},"msg":"incoming request"}
{"level":30,"time":1788739156642,"pid":68337,"hostname":"Mac-mini-de-Javier.local","reqId":"79ed1b40-8254-427a-b359-cb8bd5ff08ca","res":{"statusCode":200},"responseTime":3.5984999999636784,"msg":"request completed"}
[api] {"level":30,"time":1788739156688,"pid":68337,"hostname":"Mac-mini-de-Javier.local","reqId":"b288aeea-ac8f-4271-bb78-ce90d2982886","req":{"method":"GET","url":"/admin/organizations","host":"127.0.0.1:3493","remoteAddress":"127.0.0.1","remotePort":53060},"msg":"incoming request"}
[api] {"level":30,"time":1788739156691,"pid":68337,"hostname":"Mac-mini-de-Javier.local","reqId":"b288aeea-ac8f-4271-bb78-ce90d2982886","res":{"statusCode":403},"responseTime":2.855375000042841,"msg":"request completed"}
[api] {"level":30,"time":1788739157706,"pid":68337,"hostname":"Mac-mini-de-Javier.local","reqId":"e2c1869c-9c78-4f22-a8ff-e0cf0608ef0f","req":{"method":"GET","url":"/admin/organizations","host":"127.0.0.1:3493","remoteAddress":"127.0.0.1","remotePort":53125},"msg":"incoming request"}
[api] {"level":30,"time":1788739157707,"pid":68337,"hostname":"Mac-mini-de-Javier.local","reqId":"e2c1869c-9c78-4f22-a8ff-e0cf0608ef0f","res":{"statusCode":403},"responseTime":1.6740829999907874,"msg":"request completed"}
  [32m✓[39m  [2m 78 [22m[chromium] › e2e/recorrido.spec.ts:47:5 › Recorrido esencial (W-14) › grupo del sidebar: Organizaciones (/backoffice/organizaciones) carga sin violaciones serious/critical[2m (1.2s)[22m
[api] {"level":30,"time":1788739157884,"pid":68337,"hostname":"Mac-mini-de-Javier.local","reqId":"0897c02b-5715-4091-886f-a69ee5c1d9f7","req":{"method":"POST","url":"/auth/refresh","host":"127.0.0.1:3493","remoteAddress":"127.0.0.1","remotePort":53143},"msg":"incoming request"}
[api] {"level":30,"time":1788739157889,"pid":68337,"hostname":"Mac-mini-de-Javier.local","reqId":"0897c02b-5715-4091-886f-a69ee5c1d9f7","res":{"statusCode":200},"responseTime":4.932374999974854,"msg":"request completed"}
[api] {"level":30,"time":1788739157892,"pid":68337,"hostname":"Mac-mini-de-Javier.local","reqId":"b81a1ca1-36ea-44a8-a847-79811ca0c66e","req":{"method":"GET","url":"/me","host":"127.0.0.1:3493","remoteAddress":"127.0.0.1","remotePort":53144},"msg":"incoming request"}
[api] {"level":30,"time":1788739157894,"pid":68337,"hostname":"Mac-mini-de-Javier.local","reqId":"b81a1ca1-36ea-44a8-a847-79811ca0c66e","res":{"statusCode":200},"responseTime":1.3639579999726266,"msg":"request completed"}
{"level":30,"time":1788739157894,"pid":68337,"hostname":"Mac-mini-de-Javier.local","reqId":"f0ee7c18-5db9-40ee-a2a3-62a7906a264e","req":{"method":"GET","url":"/organizations","host":"127.0.0.1:3493","remoteAddress":"127.0.0.1","remotePort":53145},"msg":"incoming request"}
{"level":30,"time":1788739157896,"pid":68337,"hostname":"Mac-mini-de-Javier.local","reqId":"f0ee7c18-5db9-40ee-a2a3-62a7906a264e","res":{"statusCode":200},"responseTime":2.7293749999953434,"msg":"request completed"}
[api] {"level":30,"time":1788739157929,"pid":68337,"hostname":"Mac-mini-de-Javier.local","reqId":"2cfc8001-10b9-43ef-a2e6-6ec06f6b9d08","req":{"method":"GET","url":"/organizations/322589df-9844-47c5-b0a7-4e93fac389a7/memberships","host":"127.0.0.1:3493","remoteAddress":"127.0.0.1","remotePort":53152},"msg":"incoming request"}
[api] {"level":30,"time":1788739157936,"pid":68337,"hostname":"Mac-mini-de-Javier.local","reqId":"2cfc8001-10b9-43ef-a2e6-6ec06f6b9d08","res":{"statusCode":200},"responseTime":7.01704200002132,"msg":"request completed"}
  [32m✓[39m  [2m 79 [22m[chromium] › e2e/recorrido.spec.ts:47:5 › Recorrido esencial (W-14) › grupo del sidebar: Usuarios y roles (/backoffice/usuarios-roles) carga sin violaciones serious/critical[2m (1.2s)[22m
[api] {"level":30,"time":1788739159138,"pid":68337,"hostname":"Mac-mini-de-Javier.local","reqId":"81d8af7f-1a40-4e57-a6d9-c945716f1b1a","req":{"method":"POST","url":"/auth/refresh","host":"127.0.0.1:3493","remoteAddress":"127.0.0.1","remotePort":53217},"msg":"incoming request"}
[api] {"level":30,"time":1788739159144,"pid":68337,"hostname":"Mac-mini-de-Javier.local","reqId":"81d8af7f-1a40-4e57-a6d9-c945716f1b1a","res":{"statusCode":200},"responseTime":5.79625000001397,"msg":"request completed"}
[api] {"level":30,"time":1788739159150,"pid":68337,"hostname":"Mac-mini-de-Javier.local","reqId":"ccf495f3-e401-42d6-a87c-02f39031e007","req":{"method":"GET","url":"/me","host":"127.0.0.1:3493","remoteAddress":"127.0.0.1","remotePort":53218},"msg":"incoming request"}
[api] {"level":30,"time":1788739159152,"pid":68337,"hostname":"Mac-mini-de-Javier.local","reqId":"ccf495f3-e401-42d6-a87c-02f39031e007","res":{"statusCode":200},"responseTime":1.3589999999967404,"msg":"request completed"}
{"level":30,"time":1788739159152,"pid":68337,"hostname":"Mac-mini-de-Javier.local","reqId":"f759ac49-1c46-4af1-95a6-9c8ab4453e5b","req":{"method":"GET","url":"/organizations","host":"127.0.0.1:3493","remoteAddress":"127.0.0.1","remotePort":53219},"msg":"incoming request"}
{"level":30,"time":1788739159153,"pid":68337,"hostname":"Mac-mini-de-Javier.local","reqId":"f759ac49-1c46-4af1-95a6-9c8ab4453e5b","res":{"statusCode":200},"responseTime":1.56454200000735,"msg":"request completed"}
[api] {"level":30,"time":1788739159192,"pid":68337,"hostname":"Mac-mini-de-Javier.local","reqId":"bdf1524a-413c-4d75-ba3a-206e0e15d014","req":{"method":"GET","url":"/agents/runs","host":"127.0.0.1:3493","remoteAddress":"127.0.0.1","remotePort":53224},"msg":"incoming request"}
[api] {"level":30,"time":1788739159201,"pid":68337,"hostname":"Mac-mini-de-Javier.local","reqId":"bdf1524a-413c-4d75-ba3a-206e0e15d014","res":{"statusCode":200},"responseTime":8.774250000016764,"msg":"request completed"}
[api] {"level":30,"time":1788739159202,"pid":68337,"hostname":"Mac-mini-de-Javier.local","reqId":"3333fc75-301b-498a-bdf1-92886c1eec30","req":{"method":"GET","url":"/auth/2fa/status","host":"127.0.0.1:3493","remoteAddress":"127.0.0.1","remotePort":53225},"msg":"incoming request"}
{"level":30,"time":1788739159205,"pid":68337,"hostname":"Mac-mini-de-Javier.local","reqId":"3333fc75-301b-498a-bdf1-92886c1eec30","res":{"statusCode":200},"responseTime":2.944666000024881,"msg":"request completed"}
[api] {"level":30,"time":1788739159206,"pid":68337,"hostname":"Mac-mini-de-Javier.local","reqId":"57840ea3-b02f-4687-892b-13a6779bae9b","req":{"method":"GET","url":"/agents/tool-calls","host":"127.0.0.1:3493","remoteAddress":"127.0.0.1","remotePort":53226},"msg":"incoming request"}
{"level":30,"time":1788739159223,"pid":68337,"hostname":"Mac-mini-de-Javier.local","reqId":"57840ea3-b02f-4687-892b-13a6779bae9b","res":{"statusCode":200},"responseTime":17.353917000000365,"msg":"request completed"}
  [32m✓[39m  [2m 80 [22m[chromium] › e2e/recorrido.spec.ts:47:5 › Recorrido esencial (W-14) › grupo del sidebar: Agentes y herramientas (/backoffice/agentes-herramientas) carga sin violaciones serious/critical[2m (1.2s)[22m
[api] {"level":30,"time":1788739160386,"pid":68337,"hostname":"Mac-mini-de-Javier.local","reqId":"850599ed-8b1a-4710-8e11-e395cd0c6693","req":{"method":"POST","url":"/auth/refresh","host":"127.0.0.1:3493","remoteAddress":"127.0.0.1","remotePort":53298},"msg":"incoming request"}
[api] {"level":30,"time":1788739160391,"pid":68337,"hostname":"Mac-mini-de-Javier.local","reqId":"850599ed-8b1a-4710-8e11-e395cd0c6693","res":{"statusCode":200},"responseTime":5.388417000009213,"msg":"request completed"}
[api] {"level":30,"time":1788739160395,"pid":68337,"hostname":"Mac-mini-de-Javier.local","reqId":"e31074ee-e9a0-40cd-af46-a932c91c12ee","req":{"method":"GET","url":"/me","host":"127.0.0.1:3493","remoteAddress":"127.0.0.1","remotePort":53301},"msg":"incoming request"}
[api] {"level":30,"time":1788739160397,"pid":68337,"hostname":"Mac-mini-de-Javier.local","reqId":"e31074ee-e9a0-40cd-af46-a932c91c12ee","res":{"statusCode":200},"responseTime":2.19579100003466,"msg":"request completed"}
{"level":30,"time":1788739160398,"pid":68337,"hostname":"Mac-mini-de-Javier.local","reqId":"acf545b7-8f8f-43ea-8bf6-efde1824ce74","req":{"method":"GET","url":"/organizations","host":"127.0.0.1:3493","remoteAddress":"127.0.0.1","remotePort":53302},"msg":"incoming request"}
{"level":30,"time":1788739160400,"pid":68337,"hostname":"Mac-mini-de-Javier.local","reqId":"acf545b7-8f8f-43ea-8bf6-efde1824ce74","res":{"statusCode":200},"responseTime":2.2159170000231825,"msg":"request completed"}
[api] {"level":30,"time":1788739160426,"pid":68337,"hostname":"Mac-mini-de-Javier.local","reqId":"b4a8a65c-41b1-41bb-8100-83811b7652e1","req":{"method":"GET","url":"/audit-log","host":"127.0.0.1:3493","remoteAddress":"127.0.0.1","remotePort":53308},"msg":"incoming request"}
[api] {"level":30,"time":1788739160432,"pid":68337,"hostname":"Mac-mini-de-Javier.local","reqId":"b4a8a65c-41b1-41bb-8100-83811b7652e1","res":{"statusCode":200},"responseTime":5.504749999963678,"msg":"request completed"}
  [32m✓[39m  [2m 81 [22m[chromium] › e2e/recorrido.spec.ts:47:5 › Recorrido esencial (W-14) › grupo del sidebar: Auditoría / Trazabilidad (/backoffice/auditoria) carga sin violaciones serious/critical[2m (1.3s)[22m
[api] {"level":30,"time":1788739161708,"pid":68337,"hostname":"Mac-mini-de-Javier.local","reqId":"613539a3-f01b-4588-8bb4-788ca338e65f","req":{"method":"POST","url":"/auth/refresh","host":"127.0.0.1:3493","remoteAddress":"127.0.0.1","remotePort":53350},"msg":"incoming request"}
[api] {"level":30,"time":1788739161715,"pid":68337,"hostname":"Mac-mini-de-Javier.local","reqId":"613539a3-f01b-4588-8bb4-788ca338e65f","res":{"statusCode":200},"responseTime":7.217917000001762,"msg":"request completed"}
[api] {"level":30,"time":1788739161719,"pid":68337,"hostname":"Mac-mini-de-Javier.local","reqId":"28b12c21-17b4-4b2a-938c-d1aa37c88db1","req":{"method":"GET","url":"/me","host":"127.0.0.1:3493","remoteAddress":"127.0.0.1","remotePort":53351},"msg":"incoming request"}
[api] {"level":30,"time":1788739161722,"pid":68337,"hostname":"Mac-mini-de-Javier.local","reqId":"28b12c21-17b4-4b2a-938c-d1aa37c88db1","res":{"statusCode":200},"responseTime":2.5727499999920838,"msg":"request completed"}
[api] {"level":30,"time":1788739161722,"pid":68337,"hostname":"Mac-mini-de-Javier.local","reqId":"4644e9ce-a69b-45fc-91e3-9d8b9dafaa88","req":{"method":"GET","url":"/organizations","host":"127.0.0.1:3493","remoteAddress":"127.0.0.1","remotePort":53352},"msg":"incoming request"}
{"level":30,"time":1788739161724,"pid":68337,"hostname":"Mac-mini-de-Javier.local","reqId":"4644e9ce-a69b-45fc-91e3-9d8b9dafaa88","res":{"statusCode":200},"responseTime":2.2596250000060536,"msg":"request completed"}
[api] {"level":30,"time":1788739161754,"pid":68337,"hostname":"Mac-mini-de-Javier.local","reqId":"2c651aee-0d4f-4ea7-be55-daa846568c62","req":{"method":"GET","url":"/admin/connectors/freshness","host":"127.0.0.1:3493","remoteAddress":"127.0.0.1","remotePort":53357},"msg":"incoming request"}
[api] {"level":30,"time":1788739161756,"pid":68337,"hostname":"Mac-mini-de-Javier.local","reqId":"2c651aee-0d4f-4ea7-be55-daa846568c62","res":{"statusCode":403},"responseTime":2.478958000021521,"msg":"request completed"}
[api] {"level":30,"time":1788739162760,"pid":68337,"hostname":"Mac-mini-de-Javier.local","reqId":"81fffe9b-cc85-4dc4-95ed-a304f491b0cc","req":{"method":"GET","url":"/admin/connectors/freshness","host":"127.0.0.1:3493","remoteAddress":"127.0.0.1","remotePort":53387},"msg":"incoming request"}
[api] {"level":30,"time":1788739162762,"pid":68337,"hostname":"Mac-mini-de-Javier.local","reqId":"81fffe9b-cc85-4dc4-95ed-a304f491b0cc","res":{"statusCode":403},"responseTime":2.203709000023082,"msg":"request completed"}
  [32m✓[39m  [2m 82 [22m[chromium] › e2e/recorrido.spec.ts:47:5 › Recorrido esencial (W-14) › grupo del sidebar: Conectores (/backoffice/conectores) carga sin violaciones serious/critical[2m (1.2s)[22m
[api] {"level":30,"time":1788739162951,"pid":68337,"hostname":"Mac-mini-de-Javier.local","reqId":"9d44ee62-012c-4d51-8afe-54185f99c450","req":{"method":"POST","url":"/auth/refresh","host":"127.0.0.1:3493","remoteAddress":"127.0.0.1","remotePort":53388},"msg":"incoming request"}
[api] {"level":30,"time":1788739162958,"pid":68337,"hostname":"Mac-mini-de-Javier.local","reqId":"9d44ee62-012c-4d51-8afe-54185f99c450","res":{"statusCode":200},"responseTime":7.14533400000073,"msg":"request completed"}
[api] {"level":30,"time":1788739162962,"pid":68337,"hostname":"Mac-mini-de-Javier.local","reqId":"2190f508-b9b9-4bc3-af2f-e54590a5cdfe","req":{"method":"GET","url":"/me","host":"127.0.0.1:3493","remoteAddress":"127.0.0.1","remotePort":53389},"msg":"incoming request"}
[api] {"level":30,"time":1788739162966,"pid":68337,"hostname":"Mac-mini-de-Javier.local","reqId":"2190f508-b9b9-4bc3-af2f-e54590a5cdfe","res":{"statusCode":200},"responseTime":3.853791999979876,"msg":"request completed"}
{"level":30,"time":1788739162966,"pid":68337,"hostname":"Mac-mini-de-Javier.local","reqId":"971e3cbe-7f34-4948-b6c9-d5fe20b9328a","req":{"method":"GET","url":"/organizations","host":"127.0.0.1:3493","remoteAddress":"127.0.0.1","remotePort":53390},"msg":"incoming request"}
{"level":30,"time":1788739162969,"pid":68337,"hostname":"Mac-mini-de-Javier.local","reqId":"971e3cbe-7f34-4948-b6c9-d5fe20b9328a","res":{"statusCode":200},"responseTime":3.1517080000485294,"msg":"request completed"}
[api] {"level":30,"time":1788739163003,"pid":68337,"hostname":"Mac-mini-de-Javier.local","reqId":"581f8e29-f804-4136-b384-2492ba655144","req":{"method":"GET","url":"/admin/jobs","host":"127.0.0.1:3493","remoteAddress":"127.0.0.1","remotePort":53396},"msg":"incoming request"}
[api] {"level":30,"time":1788739163008,"pid":68337,"hostname":"Mac-mini-de-Javier.local","reqId":"581f8e29-f804-4136-b384-2492ba655144","res":{"statusCode":403},"responseTime":4.575333000044338,"msg":"request completed"}
[api] {"level":30,"time":1788739164021,"pid":68337,"hostname":"Mac-mini-de-Javier.local","reqId":"51a898c8-6db3-4e2d-bc9a-e0a05d5a0709","req":{"method":"GET","url":"/admin/jobs","host":"127.0.0.1:3493","remoteAddress":"127.0.0.1","remotePort":53442},"msg":"incoming request"}
[api] {"level":30,"time":1788739164024,"pid":68337,"hostname":"Mac-mini-de-Javier.local","reqId":"51a898c8-6db3-4e2d-bc9a-e0a05d5a0709","res":{"statusCode":403},"responseTime":2.297167000011541,"msg":"request completed"}
  [32m✓[39m  [2m 83 [22m[chromium] › e2e/recorrido.spec.ts:47:5 › Recorrido esencial (W-14) › grupo del sidebar: Jobs (/backoffice/jobs) carga sin violaciones serious/critical[2m (1.3s)[22m
[api] {"level":30,"time":1788739164250,"pid":68337,"hostname":"Mac-mini-de-Javier.local","reqId":"04cdf75e-4e41-4c70-9a2c-d7219271e911","req":{"method":"POST","url":"/auth/refresh","host":"127.0.0.1:3493","remoteAddress":"127.0.0.1","remotePort":53454},"msg":"incoming request"}
[api] {"level":30,"time":1788739164255,"pid":68337,"hostname":"Mac-mini-de-Javier.local","reqId":"04cdf75e-4e41-4c70-9a2c-d7219271e911","res":{"statusCode":200},"responseTime":5.505750000011176,"msg":"request completed"}
[api] {"level":30,"time":1788739164259,"pid":68337,"hostname":"Mac-mini-de-Javier.local","reqId":"f9464b1d-0b27-4948-b10c-d63ba3faf22f","req":{"method":"GET","url":"/me","host":"127.0.0.1:3493","remoteAddress":"127.0.0.1","remotePort":53455},"msg":"incoming request"}
[api] {"level":30,"time":1788739164261,"pid":68337,"hostname":"Mac-mini-de-Javier.local","reqId":"f9464b1d-0b27-4948-b10c-d63ba3faf22f","res":{"statusCode":200},"responseTime":1.2258750000037253,"msg":"request completed"}
{"level":30,"time":1788739164261,"pid":68337,"hostname":"Mac-mini-de-Javier.local","reqId":"e4ff5431-c01f-45f3-bbd7-cc863d81e41b","req":{"method":"GET","url":"/organizations","host":"127.0.0.1:3493","remoteAddress":"127.0.0.1","remotePort":53456},"msg":"incoming request"}
{"level":30,"time":1788739164263,"pid":68337,"hostname":"Mac-mini-de-Javier.local","reqId":"e4ff5431-c01f-45f3-bbd7-cc863d81e41b","res":{"statusCode":200},"responseTime":2.1073750000214204,"msg":"request completed"}
[api] {"level":30,"time":1788739164283,"pid":68337,"hostname":"Mac-mini-de-Javier.local","reqId":"de9975a4-720e-486b-8fbb-58d58ac75f9a","req":{"method":"GET","url":"/admin/costs","host":"127.0.0.1:3493","remoteAddress":"127.0.0.1","remotePort":53463},"msg":"incoming request"}
[api] {"level":30,"time":1788739164285,"pid":68337,"hostname":"Mac-mini-de-Javier.local","reqId":"de9975a4-720e-486b-8fbb-58d58ac75f9a","res":{"statusCode":403},"responseTime":1.9556250000023283,"msg":"request completed"}
  [32m✓[39m  [2m 84 [22m[chromium] › e2e/recorrido.spec.ts:47:5 › Recorrido esencial (W-14) › grupo del sidebar: Costos (/backoffice/costos) carga sin violaciones serious/critical[2m (1.1s)[22m
[api] {"level":30,"time":1788739165342,"pid":68337,"hostname":"Mac-mini-de-Javier.local","reqId":"38d3610d-fd71-4255-81db-9dbb0dc19cd0","req":{"method":"POST","url":"/auth/refresh","host":"127.0.0.1:3493","remoteAddress":"127.0.0.1","remotePort":53496},"msg":"incoming request"}
[api] {"level":30,"time":1788739165347,"pid":68337,"hostname":"Mac-mini-de-Javier.local","reqId":"38d3610d-fd71-4255-81db-9dbb0dc19cd0","res":{"statusCode":200},"responseTime":4.985458999988623,"msg":"request completed"}
[api] {"level":30,"time":1788739165356,"pid":68337,"hostname":"Mac-mini-de-Javier.local","reqId":"93d6cd1b-b16b-4800-a891-d04bbb6d7bff","req":{"method":"GET","url":"/me","host":"127.0.0.1:3493","remoteAddress":"127.0.0.1","remotePort":53497},"msg":"incoming request"}
[api] {"level":30,"time":1788739165359,"pid":68337,"hostname":"Mac-mini-de-Javier.local","reqId":"93d6cd1b-b16b-4800-a891-d04bbb6d7bff","res":{"statusCode":200},"responseTime":3.184292000019923,"msg":"request completed"}
{"level":30,"time":1788739165359,"pid":68337,"hostname":"Mac-mini-de-Javier.local","reqId":"43706af2-ec2e-45bc-aa2f-a423de1005d9","req":{"method":"GET","url":"/organizations","host":"127.0.0.1:3493","remoteAddress":"127.0.0.1","remotePort":53498},"msg":"incoming request"}
{"level":30,"time":1788739165361,"pid":68337,"hostname":"Mac-mini-de-Javier.local","reqId":"43706af2-ec2e-45bc-aa2f-a423de1005d9","res":{"statusCode":200},"responseTime":2.1266250000335276,"msg":"request completed"}
[api] {"level":30,"time":1788739165394,"pid":68337,"hostname":"Mac-mini-de-Javier.local","reqId":"a1de8ea1-40c7-4507-88e6-642f50a88b8a","req":{"method":"GET","url":"/admin/incidents","host":"127.0.0.1:3493","remoteAddress":"127.0.0.1","remotePort":53503},"msg":"incoming request"}
[api] {"level":30,"time":1788739165397,"pid":68337,"hostname":"Mac-mini-de-Javier.local","reqId":"a1de8ea1-40c7-4507-88e6-642f50a88b8a","res":{"statusCode":403},"responseTime":2.9909999999799766,"msg":"request completed"}
[api] {"level":30,"time":1788739166414,"pid":68337,"hostname":"Mac-mini-de-Javier.local","reqId":"9b6517c4-a33a-402b-9c8b-35a2971bc9b2","req":{"method":"GET","url":"/admin/incidents","host":"127.0.0.1:3493","remoteAddress":"127.0.0.1","remotePort":53556},"msg":"incoming request"}
[api] {"level":30,"time":1788739166417,"pid":68337,"hostname":"Mac-mini-de-Javier.local","reqId":"9b6517c4-a33a-402b-9c8b-35a2971bc9b2","res":{"statusCode":403},"responseTime":2.1338749999995343,"msg":"request completed"}
  [32m✓[39m  [2m 85 [22m[chromium] › e2e/recorrido.spec.ts:47:5 › Recorrido esencial (W-14) › grupo del sidebar: Incidentes (/backoffice/incidentes) carga sin violaciones serious/critical[2m (1.3s)[22m
[api] {"level":30,"time":1788739166607,"pid":68337,"hostname":"Mac-mini-de-Javier.local","reqId":"128cb80c-c6dc-4467-b5f1-16cc7e747ed5","req":{"method":"POST","url":"/auth/refresh","host":"127.0.0.1:3493","remoteAddress":"127.0.0.1","remotePort":53563},"msg":"incoming request"}
[api] {"level":30,"time":1788739166612,"pid":68337,"hostname":"Mac-mini-de-Javier.local","reqId":"128cb80c-c6dc-4467-b5f1-16cc7e747ed5","res":{"statusCode":200},"responseTime":4.24654099997133,"msg":"request completed"}
[api] {"level":30,"time":1788739166614,"pid":68337,"hostname":"Mac-mini-de-Javier.local","reqId":"ebea78c4-6ca5-4d4b-9619-2e63b47041f7","req":{"method":"GET","url":"/me","host":"127.0.0.1:3493","remoteAddress":"127.0.0.1","remotePort":53564},"msg":"incoming request"}
[api] {"level":30,"time":1788739166616,"pid":68337,"hostname":"Mac-mini-de-Javier.local","reqId":"ebea78c4-6ca5-4d4b-9619-2e63b47041f7","res":{"statusCode":200},"responseTime":1.6395420000189915,"msg":"request completed"}
[api] {"level":30,"time":1788739166616,"pid":68337,"hostname":"Mac-mini-de-Javier.local","reqId":"22240c26-d1a3-4b80-a94a-7bf7dae35ddf","req":{"method":"GET","url":"/organizations","host":"127.0.0.1:3493","remoteAddress":"127.0.0.1","remotePort":53565},"msg":"incoming request"}
{"level":30,"time":1788739166618,"pid":68337,"hostname":"Mac-mini-de-Javier.local","reqId":"22240c26-d1a3-4b80-a94a-7bf7dae35ddf","res":{"statusCode":200},"responseTime":1.302166000008583,"msg":"request completed"}
[api] {"level":30,"time":1788739166644,"pid":68337,"hostname":"Mac-mini-de-Javier.local","reqId":"aacc74c9-9475-403c-9e90-a97ad0670683","req":{"method":"GET","url":"/auth/2fa/status","host":"127.0.0.1:3493","remoteAddress":"127.0.0.1","remotePort":53571},"msg":"incoming request"}
[api] {"level":30,"time":1788739166646,"pid":68337,"hostname":"Mac-mini-de-Javier.local","reqId":"aacc74c9-9475-403c-9e90-a97ad0670683","res":{"statusCode":200},"responseTime":1.7744999999995343,"msg":"request completed"}
{"level":30,"time":1788739166646,"pid":68337,"hostname":"Mac-mini-de-Javier.local","reqId":"0f9df734-707b-405b-8908-943408ffe971","req":{"method":"GET","url":"/admin/approvals","host":"127.0.0.1:3493","remoteAddress":"127.0.0.1","remotePort":53572},"msg":"incoming request"}
{"level":30,"time":1788739166648,"pid":68337,"hostname":"Mac-mini-de-Javier.local","reqId":"0f9df734-707b-405b-8908-943408ffe971","res":{"statusCode":403},"responseTime":2.0646669999696314,"msg":"request completed"}
  [32m✓[39m  [2m 86 [22m[chromium] › e2e/recorrido.spec.ts:47:5 › Recorrido esencial (W-14) › grupo del sidebar: Aprobaciones (tool_calls) (/backoffice/aprobaciones) carga sin violaciones serious/critical[2m (1.1s)[22m
[api] {"level":30,"time":1788739167724,"pid":68337,"hostname":"Mac-mini-de-Javier.local","reqId":"3c4ea8f4-b8f9-487d-828d-759363015c9a","req":{"method":"POST","url":"/auth/refresh","host":"127.0.0.1:3493","remoteAddress":"127.0.0.1","remotePort":53617},"msg":"incoming request"}
[api] {"level":30,"time":1788739167727,"pid":68337,"hostname":"Mac-mini-de-Javier.local","reqId":"3c4ea8f4-b8f9-487d-828d-759363015c9a","res":{"statusCode":200},"responseTime":3.505124999966938,"msg":"request completed"}
[api] {"level":30,"time":1788739167732,"pid":68337,"hostname":"Mac-mini-de-Javier.local","reqId":"7ea6198f-3f86-4fa8-a77c-085991b9cc24","req":{"method":"GET","url":"/me","host":"127.0.0.1:3493","remoteAddress":"127.0.0.1","remotePort":53618},"msg":"incoming request"}
[api] {"level":30,"time":1788739167734,"pid":68337,"hostname":"Mac-mini-de-Javier.local","reqId":"7ea6198f-3f86-4fa8-a77c-085991b9cc24","res":{"statusCode":200},"responseTime":1.3773330000112765,"msg":"request completed"}
[api] {"level":30,"time":1788739167734,"pid":68337,"hostname":"Mac-mini-de-Javier.local","reqId":"9a8f01f5-a38b-4db5-a249-72222da4e908","req":{"method":"GET","url":"/organizations","host":"127.0.0.1:3493","remoteAddress":"127.0.0.1","remotePort":53619},"msg":"incoming request"}
{"level":30,"time":1788739167735,"pid":68337,"hostname":"Mac-mini-de-Javier.local","reqId":"9a8f01f5-a38b-4db5-a249-72222da4e908","res":{"statusCode":200},"responseTime":1.577292000001762,"msg":"request completed"}
[api] {"level":30,"time":1788739167764,"pid":68337,"hostname":"Mac-mini-de-Javier.local","reqId":"58d6a833-44c9-4831-a44f-21e7227666dd","req":{"method":"GET","url":"/auth/2fa/status","host":"127.0.0.1:3493","remoteAddress":"127.0.0.1","remotePort":53627},"msg":"incoming request"}
[api] {"level":30,"time":1788739167766,"pid":68337,"hostname":"Mac-mini-de-Javier.local","reqId":"58d6a833-44c9-4831-a44f-21e7227666dd","res":{"statusCode":200},"responseTime":2.4577919999719597,"msg":"request completed"}
[api] {"level":30,"time":1788739167767,"pid":68337,"hostname":"Mac-mini-de-Javier.local","reqId":"9f98f727-eac9-49b2-a212-14fd58865481","req":{"method":"GET","url":"/mail/preferences","host":"127.0.0.1:3493","remoteAddress":"127.0.0.1","remotePort":53628},"msg":"incoming request"}
{"level":30,"time":1788739167768,"pid":68337,"hostname":"Mac-mini-de-Javier.local","reqId":"9f98f727-eac9-49b2-a212-14fd58865481","res":{"statusCode":200},"responseTime":1.4300829999847338,"msg":"request completed"}
  [32m✓[39m  [2m 87 [22m[chromium] › e2e/recorrido.spec.ts:47:5 › Recorrido esencial (W-14) › grupo del sidebar: Configuración (/configuracion) carga sin violaciones serious/critical[2m (1.1s)[22m
[api] {"level":30,"time":1788739168831,"pid":68337,"hostname":"Mac-mini-de-Javier.local","reqId":"a41148ea-f48c-49fb-863e-8854a3a5a218","req":{"method":"POST","url":"/auth/refresh","host":"127.0.0.1:3493","remoteAddress":"127.0.0.1","remotePort":53646},"msg":"incoming request"}
[api] {"level":30,"time":1788739168833,"pid":68337,"hostname":"Mac-mini-de-Javier.local","reqId":"a41148ea-f48c-49fb-863e-8854a3a5a218","res":{"statusCode":200},"responseTime":2.6173330000019632,"msg":"request completed"}
[api] {"level":30,"time":1788739168844,"pid":68337,"hostname":"Mac-mini-de-Javier.local","reqId":"bf79978a-feb1-468a-8166-66169420eaa7","req":{"method":"GET","url":"/me","host":"127.0.0.1:3493","remoteAddress":"127.0.0.1","remotePort":53647},"msg":"incoming request"}
[api] {"level":30,"time":1788739168847,"pid":68337,"hostname":"Mac-mini-de-Javier.local","reqId":"bf79978a-feb1-468a-8166-66169420eaa7","res":{"statusCode":200},"responseTime":2.8160420000203885,"msg":"request completed"}
{"level":30,"time":1788739168847,"pid":68337,"hostname":"Mac-mini-de-Javier.local","reqId":"5a309b9f-5375-45fa-87ff-4a8c3056bc4b","req":{"method":"GET","url":"/organizations","host":"127.0.0.1:3493","remoteAddress":"127.0.0.1","remotePort":53648},"msg":"incoming request"}
{"level":30,"time":1788739168849,"pid":68337,"hostname":"Mac-mini-de-Javier.local","reqId":"5a309b9f-5375-45fa-87ff-4a8c3056bc4b","res":{"statusCode":200},"responseTime":2.0971669999998994,"msg":"request completed"}
  [32m✓[39m  [2m 88 [22m[chromium] › e2e/recorrido.spec.ts:47:5 › Recorrido esencial (W-14) › grupo del sidebar: Aviso de privacidad (/privacidad) carga sin violaciones serious/critical[2m (840ms)[22m
[api] {"level":30,"time":1788739169681,"pid":68337,"hostname":"Mac-mini-de-Javier.local","reqId":"5712443e-4465-43a8-bc93-7590bdaabf4f","req":{"method":"POST","url":"/auth/refresh","host":"127.0.0.1:3493","remoteAddress":"127.0.0.1","remotePort":53663},"msg":"incoming request"}
[api] {"level":30,"time":1788739169685,"pid":68337,"hostname":"Mac-mini-de-Javier.local","reqId":"5712443e-4465-43a8-bc93-7590bdaabf4f","res":{"statusCode":200},"responseTime":3.5392500000307336,"msg":"request completed"}
[api] {"level":30,"time":1788739169702,"pid":68337,"hostname":"Mac-mini-de-Javier.local","reqId":"a76d61db-20cf-4cd9-8b96-1245775fde9b","req":{"method":"GET","url":"/me","host":"127.0.0.1:3493","remoteAddress":"127.0.0.1","remotePort":53664},"msg":"incoming request"}
[api] {"level":30,"time":1788739169705,"pid":68337,"hostname":"Mac-mini-de-Javier.local","reqId":"a76d61db-20cf-4cd9-8b96-1245775fde9b","res":{"statusCode":200},"responseTime":3.1099589999648742,"msg":"request completed"}
{"level":30,"time":1788739169705,"pid":68337,"hostname":"Mac-mini-de-Javier.local","reqId":"3ea50b4f-1957-4fb1-8d48-5e9f9476572e","req":{"method":"GET","url":"/organizations","host":"127.0.0.1:3493","remoteAddress":"127.0.0.1","remotePort":53665},"msg":"incoming request"}
{"level":30,"time":1788739169708,"pid":68337,"hostname":"Mac-mini-de-Javier.local","reqId":"3ea50b4f-1957-4fb1-8d48-5e9f9476572e","res":{"statusCode":200},"responseTime":3.0264169999863952,"msg":"request completed"}
  [32m✓[39m  [2m 89 [22m[chromium] › e2e/recorrido.spec.ts:47:5 › Recorrido esencial (W-14) › grupo del sidebar: Términos de servicio (/legal/terminos) carga sin violaciones serious/critical[2m (873ms)[22m
[api] {"level":30,"time":1788739170555,"pid":68337,"hostname":"Mac-mini-de-Javier.local","reqId":"580e76ec-9989-495b-852f-123f4128d647","req":{"method":"POST","url":"/auth/refresh","host":"127.0.0.1:3493","remoteAddress":"127.0.0.1","remotePort":53700},"msg":"incoming request"}
[api] {"level":30,"time":1788739170559,"pid":68337,"hostname":"Mac-mini-de-Javier.local","reqId":"580e76ec-9989-495b-852f-123f4128d647","res":{"statusCode":200},"responseTime":3.0474169999943115,"msg":"request completed"}
[api] {"level":30,"time":1788739170561,"pid":68337,"hostname":"Mac-mini-de-Javier.local","reqId":"a2511b84-7937-4670-b1f3-4176b6a2093d","req":{"method":"GET","url":"/me","host":"127.0.0.1:3493","remoteAddress":"127.0.0.1","remotePort":53701},"msg":"incoming request"}
[api] {"level":30,"time":1788739170564,"pid":68337,"hostname":"Mac-mini-de-Javier.local","reqId":"a2511b84-7937-4670-b1f3-4176b6a2093d","res":{"statusCode":200},"responseTime":2.463166000030469,"msg":"request completed"}
[api] {"level":30,"time":1788739170565,"pid":68337,"hostname":"Mac-mini-de-Javier.local","reqId":"deb00f98-4d01-4225-8d87-a145efbae004","req":{"method":"GET","url":"/organizations","host":"127.0.0.1:3493","remoteAddress":"127.0.0.1","remotePort":53702},"msg":"incoming request"}
[api] {"level":30,"time":1788739170567,"pid":68337,"hostname":"Mac-mini-de-Javier.local","reqId":"deb00f98-4d01-4225-8d87-a145efbae004","res":{"statusCode":200},"responseTime":1.827584000013303,"msg":"request completed"}
[api] {"level":30,"time":1788739170596,"pid":68337,"hostname":"Mac-mini-de-Javier.local","reqId":"895390e4-ebc3-41ed-b63d-0ee8bbee43cb","req":{"method":"GET","url":"/tenders?limit=100","host":"127.0.0.1:3493","remoteAddress":"127.0.0.1","remotePort":53708},"msg":"incoming request"}
[api] {"level":30,"time":1788739170600,"pid":68337,"hostname":"Mac-mini-de-Javier.local","reqId":"895390e4-ebc3-41ed-b63d-0ee8bbee43cb","res":{"statusCode":200},"responseTime":3.9025829999591224,"msg":"request completed"}
[api] {"level":30,"time":1788739170601,"pid":68337,"hostname":"Mac-mini-de-Javier.local","reqId":"76118300-eabc-4992-bcb3-99e59e3e37ef","req":{"method":"GET","url":"/matching/tenders","host":"127.0.0.1:3493","remoteAddress":"127.0.0.1","remotePort":53709},"msg":"incoming request"}
{"level":30,"time":1788739170612,"pid":68337,"hostname":"Mac-mini-de-Javier.local","reqId":"76118300-eabc-4992-bcb3-99e59e3e37ef","res":{"statusCode":200},"responseTime":11.383709000016097,"msg":"request completed"}
[api] {"level":30,"time":1788739170612,"pid":68337,"hostname":"Mac-mini-de-Javier.local","reqId":"406e9501-8088-493c-8d70-22d8caef6b40","req":{"method":"GET","url":"/company/rates","host":"127.0.0.1:3493","remoteAddress":"127.0.0.1","remotePort":53710},"msg":"incoming request"}
{"level":30,"time":1788739170616,"pid":68337,"hostname":"Mac-mini-de-Javier.local","reqId":"406e9501-8088-493c-8d70-22d8caef6b40","res":{"statusCode":200},"responseTime":3.5471249999827705,"msg":"request completed"}
[api] {"level":30,"time":1788739170616,"pid":68337,"hostname":"Mac-mini-de-Javier.local","reqId":"f74908f1-50c1-4727-8e5a-65d26d9baa91","req":{"method":"GET","url":"/expediente/post-award-alerts","host":"127.0.0.1:3493","remoteAddress":"127.0.0.1","remotePort":53711},"msg":"incoming request"}
{"level":30,"time":1788739170620,"pid":68337,"hostname":"Mac-mini-de-Javier.local","reqId":"f74908f1-50c1-4727-8e5a-65d26d9baa91","res":{"statusCode":200},"responseTime":4.282166999997571,"msg":"request completed"}
[api] {"level":30,"time":1788739170621,"pid":68337,"hostname":"Mac-mini-de-Javier.local","reqId":"08a5b51a-6b2b-4776-a4c1-7ebbce44f4e1","req":{"method":"GET","url":"/audit-log","host":"127.0.0.1:3493","remoteAddress":"127.0.0.1","remotePort":53712},"msg":"incoming request"}
{"level":30,"time":1788739170626,"pid":68337,"hostname":"Mac-mini-de-Javier.local","reqId":"08a5b51a-6b2b-4776-a4c1-7ebbce44f4e1","res":{"statusCode":200},"responseTime":5.006457999988925,"msg":"request completed"}
[api] {"level":30,"time":1788739170630,"pid":68337,"hostname":"Mac-mini-de-Javier.local","reqId":"bc5b03a7-1b21-4467-be0e-b304456cd612","req":{"method":"GET","url":"/company/profile","host":"127.0.0.1:3493","remoteAddress":"127.0.0.1","remotePort":53713},"msg":"incoming request"}
{"level":30,"time":1788739170636,"pid":68337,"hostname":"Mac-mini-de-Javier.local","reqId":"bc5b03a7-1b21-4467-be0e-b304456cd612","res":{"statusCode":200},"responseTime":5.593625000037719,"msg":"request completed"}
[api] {"level":30,"time":1788739170636,"pid":68337,"hostname":"Mac-mini-de-Javier.local","reqId":"d46700ec-2469-403b-877f-4afe14e3ea62","req":{"method":"GET","url":"/company/documents","host":"127.0.0.1:3493","remoteAddress":"127.0.0.1","remotePort":53715},"msg":"incoming request"}
{"level":30,"time":1788739170638,"pid":68337,"hostname":"Mac-mini-de-Javier.local","reqId":"d46700ec-2469-403b-877f-4afe14e3ea62","res":{"statusCode":200},"responseTime":1.9245000000228174,"msg":"request completed"}
[api] {"level":30,"time":1788739170638,"pid":68337,"hostname":"Mac-mini-de-Javier.local","reqId":"0c2faa7a-d7d8-4952-afdf-f1b3174026ff","req":{"method":"GET","url":"/tenders?limit=1","host":"127.0.0.1:3493","remoteAddress":"127.0.0.1","remotePort":53717},"msg":"incoming request"}
{"level":30,"time":1788739170641,"pid":68337,"hostname":"Mac-mini-de-Javier.local","reqId":"0c2faa7a-d7d8-4952-afdf-f1b3174026ff","res":{"statusCode":200},"responseTime":2.257584000006318,"msg":"request completed"}
[api] {"level":30,"time":1788739170641,"pid":68337,"hostname":"Mac-mini-de-Javier.local","reqId":"2a8f8b32-0724-4fee-b4c3-646e89548630","req":{"method":"GET","url":"/auth/2fa/status","host":"127.0.0.1:3493","remoteAddress":"127.0.0.1","remotePort":53719},"msg":"incoming request"}
{"level":30,"time":1788739170642,"pid":68337,"hostname":"Mac-mini-de-Javier.local","reqId":"2a8f8b32-0724-4fee-b4c3-646e89548630","res":{"statusCode":200},"responseTime":1.32608299999265,"msg":"request completed"}
  [32m✓[39m  [2m 90 [22m[chromium] › e2e/recorrido.spec.ts:54:3 › Recorrido esencial (W-14) › drawer móvil (390×844): se abre, comparte SidebarNav y no hay scroll horizontal[2m (1.5s)[22m
[api] {"level":30,"time":1788739172106,"pid":68337,"hostname":"Mac-mini-de-Javier.local","reqId":"35a47a68-e0d8-4c1d-88f6-c121d84ff2d9","req":{"method":"POST","url":"/auth/refresh","host":"127.0.0.1:3493","remoteAddress":"127.0.0.1","remotePort":53735},"msg":"incoming request"}
[api] {"level":30,"time":1788739172109,"pid":68337,"hostname":"Mac-mini-de-Javier.local","reqId":"35a47a68-e0d8-4c1d-88f6-c121d84ff2d9","res":{"statusCode":200},"responseTime":2.7044170000008307,"msg":"request completed"}
[api] {"level":30,"time":1788739172111,"pid":68337,"hostname":"Mac-mini-de-Javier.local","reqId":"292eaaea-46ab-4c43-9a69-51c363a8c671","req":{"method":"GET","url":"/me","host":"127.0.0.1:3493","remoteAddress":"127.0.0.1","remotePort":53736},"msg":"incoming request"}
[api] {"level":30,"time":1788739172113,"pid":68337,"hostname":"Mac-mini-de-Javier.local","reqId":"292eaaea-46ab-4c43-9a69-51c363a8c671","res":{"statusCode":200},"responseTime":1.0703750000102445,"msg":"request completed"}
{"level":30,"time":1788739172113,"pid":68337,"hostname":"Mac-mini-de-Javier.local","reqId":"f6781b04-83cd-4e34-98d3-7bc806b004a5","req":{"method":"GET","url":"/organizations","host":"127.0.0.1:3493","remoteAddress":"127.0.0.1","remotePort":53737},"msg":"incoming request"}
{"level":30,"time":1788739172115,"pid":68337,"hostname":"Mac-mini-de-Javier.local","reqId":"f6781b04-83cd-4e34-98d3-7bc806b004a5","res":{"statusCode":200},"responseTime":2.4171670000068843,"msg":"request completed"}
[api] {"level":30,"time":1788739172148,"pid":68337,"hostname":"Mac-mini-de-Javier.local","reqId":"16feddcf-5334-4e5e-9432-9dcb9e8ec564","req":{"method":"GET","url":"/tenders?limit=100","host":"127.0.0.1:3493","remoteAddress":"127.0.0.1","remotePort":53743},"msg":"incoming request"}
[api] {"level":30,"time":1788739172151,"pid":68337,"hostname":"Mac-mini-de-Javier.local","reqId":"16feddcf-5334-4e5e-9432-9dcb9e8ec564","res":{"statusCode":200},"responseTime":3.3518330000224523,"msg":"request completed"}
{"level":30,"time":1788739172152,"pid":68337,"hostname":"Mac-mini-de-Javier.local","reqId":"1b69bb08-3ffe-4ede-bd0e-908937cae77f","req":{"method":"GET","url":"/matching/tenders","host":"127.0.0.1:3493","remoteAddress":"127.0.0.1","remotePort":53744},"msg":"incoming request"}
{"level":30,"time":1788739172157,"pid":68337,"hostname":"Mac-mini-de-Javier.local","reqId":"1b69bb08-3ffe-4ede-bd0e-908937cae77f","res":{"statusCode":200},"responseTime":5.378250000008848,"msg":"request completed"}
{"level":30,"time":1788739172157,"pid":68337,"hostname":"Mac-mini-de-Javier.local","reqId":"df9e33d7-b9f1-4b0c-b4fb-089cd0590d74","req":{"method":"GET","url":"/company/rates","host":"127.0.0.1:3493","remoteAddress":"127.0.0.1","remotePort":53745},"msg":"incoming request"}
{"level":30,"time":1788739172162,"pid":68337,"hostname":"Mac-mini-de-Javier.local","reqId":"df9e33d7-b9f1-4b0c-b4fb-089cd0590d74","res":{"statusCode":200},"responseTime":4.402750000008382,"msg":"request completed"}
{"level":30,"time":1788739172162,"pid":68337,"hostname":"Mac-mini-de-Javier.local","reqId":"bba80b3a-fc23-43ec-89e7-53a8b6ba7970","req":{"method":"GET","url":"/expediente/post-award-alerts","host":"127.0.0.1:3493","remoteAddress":"127.0.0.1","remotePort":53746},"msg":"incoming request"}
{"level":30,"time":1788739172166,"pid":68337,"hostname":"Mac-mini-de-Javier.local","reqId":"bba80b3a-fc23-43ec-89e7-53a8b6ba7970","res":{"statusCode":200},"responseTime":4.586040999973193,"msg":"request completed"}
{"level":30,"time":1788739172166,"pid":68337,"hostname":"Mac-mini-de-Javier.local","reqId":"85e9681b-ae02-4b08-b01b-d7ab0798edb7","req":{"method":"GET","url":"/audit-log","host":"127.0.0.1:3493","remoteAddress":"127.0.0.1","remotePort":53747},"msg":"incoming request"}
{"level":30,"time":1788739172172,"pid":68337,"hostname":"Mac-mini-de-Javier.local","reqId":"85e9681b-ae02-4b08-b01b-d7ab0798edb7","res":{"statusCode":200},"responseTime":5.650250000006054,"msg":"request completed"}
{"level":30,"time":1788739172172,"pid":68337,"hostname":"Mac-mini-de-Javier.local","reqId":"89fad18e-9549-46b8-8e2c-3cf045454c56","req":{"method":"GET","url":"/company/profile","host":"127.0.0.1:3493","remoteAddress":"127.0.0.1","remotePort":53748},"msg":"incoming request"}
{"level":30,"time":1788739172176,"pid":68337,"hostname":"Mac-mini-de-Javier.local","reqId":"89fad18e-9549-46b8-8e2c-3cf045454c56","res":{"statusCode":200},"responseTime":3.210124999983236,"msg":"request completed"}
[api] {"level":30,"time":1788739172176,"pid":68337,"hostname":"Mac-mini-de-Javier.local","reqId":"a9878735-cdb9-459a-b2fc-4c9c8e17248a","req":{"method":"GET","url":"/company/documents","host":"127.0.0.1:3493","remoteAddress":"127.0.0.1","remotePort":53750},"msg":"incoming request"}
[api] {"level":30,"time":1788739172178,"pid":68337,"hostname":"Mac-mini-de-Javier.local","reqId":"a9878735-cdb9-459a-b2fc-4c9c8e17248a","res":{"statusCode":200},"responseTime":2.298291999963112,"msg":"request completed"}
[api] {"level":30,"time":1788739172179,"pid":68337,"hostname":"Mac-mini-de-Javier.local","reqId":"77819151-9e4e-44c9-8830-af6a35d541db","req":{"method":"GET","url":"/tenders?limit=1","host":"127.0.0.1:3493","remoteAddress":"127.0.0.1","remotePort":53752},"msg":"incoming request"}
{"level":30,"time":1788739172181,"pid":68337,"hostname":"Mac-mini-de-Javier.local","reqId":"77819151-9e4e-44c9-8830-af6a35d541db","res":{"statusCode":200},"responseTime":2.1611249999841675,"msg":"request completed"}
[api] {"level":30,"time":1788739172181,"pid":68337,"hostname":"Mac-mini-de-Javier.local","reqId":"2f0ec1aa-52f6-448b-8749-784444e321d1","req":{"method":"GET","url":"/auth/2fa/status","host":"127.0.0.1:3493","remoteAddress":"127.0.0.1","remotePort":53754},"msg":"incoming request"}
{"level":30,"time":1788739172183,"pid":68337,"hostname":"Mac-mini-de-Javier.local","reqId":"2f0ec1aa-52f6-448b-8749-784444e321d1","res":{"statusCode":200},"responseTime":1.8069159999722615,"msg":"request completed"}
  [32m✓[39m  [2m 91 [22m[chromium] › e2e/recorrido.spec.ts:69:3 › Recorrido esencial (W-14) › tema oscuro: activa .dark en <html> y el panel sigue sin violaciones serious/critical[2m (1.4s)[22m
[api] {"level":30,"time":1788739173526,"pid":68337,"hostname":"Mac-mini-de-Javier.local","reqId":"f18df50e-6ee5-43f0-803f-ab61bb64ffb4","req":{"method":"POST","url":"/auth/refresh","host":"127.0.0.1:3493","remoteAddress":"127.0.0.1","remotePort":53784},"msg":"incoming request"}
[api] {"level":30,"time":1788739173530,"pid":68337,"hostname":"Mac-mini-de-Javier.local","reqId":"f18df50e-6ee5-43f0-803f-ab61bb64ffb4","res":{"statusCode":200},"responseTime":3.1325419999775477,"msg":"request completed"}
[api] {"level":30,"time":1788739173532,"pid":68337,"hostname":"Mac-mini-de-Javier.local","reqId":"3b716f13-0096-4dc6-9ca6-fa791eadd673","req":{"method":"GET","url":"/me","host":"127.0.0.1:3493","remoteAddress":"127.0.0.1","remotePort":53785},"msg":"incoming request"}
[api] {"level":30,"time":1788739173533,"pid":68337,"hostname":"Mac-mini-de-Javier.local","reqId":"3b716f13-0096-4dc6-9ca6-fa791eadd673","res":{"statusCode":200},"responseTime":1.0407080000150017,"msg":"request completed"}
{"level":30,"time":1788739173533,"pid":68337,"hostname":"Mac-mini-de-Javier.local","reqId":"4a67ba15-65d7-4b61-86fe-685f61a7aec3","req":{"method":"GET","url":"/organizations","host":"127.0.0.1:3493","remoteAddress":"127.0.0.1","remotePort":53786},"msg":"incoming request"}
{"level":30,"time":1788739173534,"pid":68337,"hostname":"Mac-mini-de-Javier.local","reqId":"4a67ba15-65d7-4b61-86fe-685f61a7aec3","res":{"statusCode":200},"responseTime":1.0372910000151023,"msg":"request completed"}
[api] {"level":30,"time":1788739173557,"pid":68337,"hostname":"Mac-mini-de-Javier.local","reqId":"004e6e74-fb2d-4544-832a-0fc27720b08e","req":{"method":"GET","url":"/tenders/sources/freshness","host":"127.0.0.1:3493","remoteAddress":"127.0.0.1","remotePort":53792},"msg":"incoming request"}
[api] {"level":30,"time":1788739173559,"pid":68337,"hostname":"Mac-mini-de-Javier.local","reqId":"004e6e74-fb2d-4544-832a-0fc27720b08e","res":{"statusCode":200},"responseTime":1.711916999949608,"msg":"request completed"}
  [32m✓[39m  [2m 92 [22m[chromium] › e2e/recorrido.spec.ts:77:3 › Recorrido esencial (W-14) › Fuentes y frescura: expone los 5 estados de fuente sin violaciones serious/critical[2m (986ms)[22m
[api] {"level":30,"time":1788739174503,"pid":68337,"hostname":"Mac-mini-de-Javier.local","reqId":"04a53be5-1b0f-4579-b0ac-2aa6f8f9dcab","req":{"method":"POST","url":"/auth/refresh","host":"127.0.0.1:3493","remoteAddress":"127.0.0.1","remotePort":53793},"msg":"incoming request"}
[api] {"level":30,"time":1788739174507,"pid":68337,"hostname":"Mac-mini-de-Javier.local","reqId":"04a53be5-1b0f-4579-b0ac-2aa6f8f9dcab","res":{"statusCode":200},"responseTime":3.0026249999646097,"msg":"request completed"}
[api] {"level":30,"time":1788739174509,"pid":68337,"hostname":"Mac-mini-de-Javier.local","reqId":"4921bac5-f627-4ffb-af3e-7378186c0179","req":{"method":"GET","url":"/me","host":"127.0.0.1:3493","remoteAddress":"127.0.0.1","remotePort":53794},"msg":"incoming request"}
[api] {"level":30,"time":1788739174510,"pid":68337,"hostname":"Mac-mini-de-Javier.local","reqId":"4921bac5-f627-4ffb-af3e-7378186c0179","res":{"statusCode":200},"responseTime":0.9801250000018626,"msg":"request completed"}
[api] {"level":30,"time":1788739174510,"pid":68337,"hostname":"Mac-mini-de-Javier.local","reqId":"1b6df0de-3403-4f80-85a0-60a038dae022","req":{"method":"GET","url":"/organizations","host":"127.0.0.1:3493","remoteAddress":"127.0.0.1","remotePort":53795},"msg":"incoming request"}
{"level":30,"time":1788739174511,"pid":68337,"hostname":"Mac-mini-de-Javier.local","reqId":"1b6df0de-3403-4f80-85a0-60a038dae022","res":{"statusCode":200},"responseTime":1.2837500000023283,"msg":"request completed"}
[api] {"level":30,"time":1788739174534,"pid":68337,"hostname":"Mac-mini-de-Javier.local","reqId":"2ef62820-4456-487b-b64d-9b5330a6f684","req":{"method":"GET","url":"/tenders?limit=50","host":"127.0.0.1:3493","remoteAddress":"127.0.0.1","remotePort":53800},"msg":"incoming request"}
[api] {"level":30,"time":1788739174537,"pid":68337,"hostname":"Mac-mini-de-Javier.local","reqId":"2ef62820-4456-487b-b64d-9b5330a6f684","res":{"statusCode":200},"responseTime":2.3840840000193566,"msg":"request completed"}
  [32m✓[39m  [2m 93 [22m[chromium] › e2e/recorrido.spec.ts:93:3 › Recorrido esencial (W-14) › Paquete descargable: sin convocatorias en la organización por defecto, nunca "Listo", sin violaciones serious/critical[2m (963ms)[22m
[api] {"level":30,"time":1788739175474,"pid":68337,"hostname":"Mac-mini-de-Javier.local","reqId":"a4237977-9668-422a-a086-3e2dd0272109","req":{"method":"POST","url":"/auth/refresh","host":"127.0.0.1:3493","remoteAddress":"127.0.0.1","remotePort":53805},"msg":"incoming request"}
[api] {"level":30,"time":1788739175477,"pid":68337,"hostname":"Mac-mini-de-Javier.local","reqId":"a4237977-9668-422a-a086-3e2dd0272109","res":{"statusCode":200},"responseTime":3.030333000002429,"msg":"request completed"}
[api] {"level":30,"time":1788739175479,"pid":68337,"hostname":"Mac-mini-de-Javier.local","reqId":"9c51949c-7f6f-4b60-9b03-4ca95518ee56","req":{"method":"GET","url":"/me","host":"127.0.0.1:3493","remoteAddress":"127.0.0.1","remotePort":53806},"msg":"incoming request"}
[api] {"level":30,"time":1788739175480,"pid":68337,"hostname":"Mac-mini-de-Javier.local","reqId":"9c51949c-7f6f-4b60-9b03-4ca95518ee56","res":{"statusCode":200},"responseTime":0.9668749999837019,"msg":"request completed"}
[api] {"level":30,"time":1788739175480,"pid":68337,"hostname":"Mac-mini-de-Javier.local","reqId":"830345fb-f9e7-4c88-925a-2ee403a7ff09","req":{"method":"GET","url":"/organizations","host":"127.0.0.1:3493","remoteAddress":"127.0.0.1","remotePort":53807},"msg":"incoming request"}
{"level":30,"time":1788739175481,"pid":68337,"hostname":"Mac-mini-de-Javier.local","reqId":"830345fb-f9e7-4c88-925a-2ee403a7ff09","res":{"statusCode":200},"responseTime":1.260999999998603,"msg":"request completed"}
[api] {"level":30,"time":1788739175509,"pid":68337,"hostname":"Mac-mini-de-Javier.local","reqId":"b00d3026-3434-47e8-8ed6-d34fc2950d1b","req":{"method":"GET","url":"/tenders?limit=100","host":"127.0.0.1:3493","remoteAddress":"127.0.0.1","remotePort":53812},"msg":"incoming request"}
[api] {"level":30,"time":1788739175511,"pid":68337,"hostname":"Mac-mini-de-Javier.local","reqId":"b00d3026-3434-47e8-8ed6-d34fc2950d1b","res":{"statusCode":200},"responseTime":2.3993749999790452,"msg":"request completed"}
{"level":30,"time":1788739175511,"pid":68337,"hostname":"Mac-mini-de-Javier.local","reqId":"03fff578-d59c-4198-86eb-571237ae8833","req":{"method":"GET","url":"/matching/tenders","host":"127.0.0.1:3493","remoteAddress":"127.0.0.1","remotePort":53813},"msg":"incoming request"}
{"level":30,"time":1788739175515,"pid":68337,"hostname":"Mac-mini-de-Javier.local","reqId":"03fff578-d59c-4198-86eb-571237ae8833","res":{"statusCode":200},"responseTime":3.169292000005953,"msg":"request completed"}
{"level":30,"time":1788739175515,"pid":68337,"hostname":"Mac-mini-de-Javier.local","reqId":"cbb635d0-971d-4b65-9dd1-cb8759a79058","req":{"method":"GET","url":"/company/rates","host":"127.0.0.1:3493","remoteAddress":"127.0.0.1","remotePort":53814},"msg":"incoming request"}
{"level":30,"time":1788739175518,"pid":68337,"hostname":"Mac-mini-de-Javier.local","reqId":"cbb635d0-971d-4b65-9dd1-cb8759a79058","res":{"statusCode":200},"responseTime":3.3908340000198223,"msg":"request completed"}
{"level":30,"time":1788739175518,"pid":68337,"hostname":"Mac-mini-de-Javier.local","reqId":"d4b6267c-9e63-4e93-a3f7-8d04192d8c3d","req":{"method":"GET","url":"/expediente/post-award-alerts","host":"127.0.0.1:3493","remoteAddress":"127.0.0.1","remotePort":53815},"msg":"incoming request"}
{"level":30,"time":1788739175522,"pid":68337,"hostname":"Mac-mini-de-Javier.local","reqId":"d4b6267c-9e63-4e93-a3f7-8d04192d8c3d","res":{"statusCode":200},"responseTime":3.415458000032231,"msg":"request completed"}
{"level":30,"time":1788739175522,"pid":68337,"hostname":"Mac-mini-de-Javier.local","reqId":"924a763b-18a2-4fce-90dd-412261583d2e","req":{"method":"GET","url":"/audit-log","host":"127.0.0.1:3493","remoteAddress":"127.0.0.1","remotePort":53816},"msg":"incoming request"}
{"level":30,"time":1788739175526,"pid":68337,"hostname":"Mac-mini-de-Javier.local","reqId":"924a763b-18a2-4fce-90dd-412261583d2e","res":{"statusCode":200},"responseTime":4.006874999962747,"msg":"request completed"}
{"level":30,"time":1788739175526,"pid":68337,"hostname":"Mac-mini-de-Javier.local","reqId":"d9ea1125-d027-405a-8295-b8ae6ee5d14d","req":{"method":"GET","url":"/company/profile","host":"127.0.0.1:3493","remoteAddress":"127.0.0.1","remotePort":53817},"msg":"incoming request"}
{"level":30,"time":1788739175529,"pid":68337,"hostname":"Mac-mini-de-Javier.local","reqId":"d9ea1125-d027-405a-8295-b8ae6ee5d14d","res":{"statusCode":200},"responseTime":2.7348329999949783,"msg":"request completed"}
[api] {"level":30,"time":1788739175529,"pid":68337,"hostname":"Mac-mini-de-Javier.local","reqId":"d1379778-6cba-4de5-8386-21343c693ff9","req":{"method":"GET","url":"/company/documents","host":"127.0.0.1:3493","remoteAddress":"127.0.0.1","remotePort":53819},"msg":"incoming request"}
[api] {"level":30,"time":1788739175531,"pid":68337,"hostname":"Mac-mini-de-Javier.local","reqId":"d1379778-6cba-4de5-8386-21343c693ff9","res":{"statusCode":200},"responseTime":1.9529590000165626,"msg":"request completed"}
[api] {"level":30,"time":1788739175531,"pid":68337,"hostname":"Mac-mini-de-Javier.local","reqId":"7242e1ca-8285-4cbd-8dc0-a638dd5200f2","req":{"method":"GET","url":"/tenders?limit=1","host":"127.0.0.1:3493","remoteAddress":"127.0.0.1","remotePort":53821},"msg":"incoming request"}
{"level":30,"time":1788739175533,"pid":68337,"hostname":"Mac-mini-de-Javier.local","reqId":"7242e1ca-8285-4cbd-8dc0-a638dd5200f2","res":{"statusCode":200},"responseTime":2.069000000017695,"msg":"request completed"}
[api] {"level":30,"time":1788739175533,"pid":68337,"hostname":"Mac-mini-de-Javier.local","reqId":"1551b3de-e78d-4041-a0c7-e7b6bc17cd55","req":{"method":"GET","url":"/auth/2fa/status","host":"127.0.0.1:3493","remoteAddress":"127.0.0.1","remotePort":53823},"msg":"incoming request"}
{"level":30,"time":1788739175535,"pid":68337,"hostname":"Mac-mini-de-Javier.local","reqId":"1551b3de-e78d-4041-a0c7-e7b6bc17cd55","res":{"statusCode":200},"responseTime":1.05279199994402,"msg":"request completed"}
[api] {"level":30,"time":1788739176072,"pid":68337,"hostname":"Mac-mini-de-Javier.local","reqId":"5aebaa8e-bf8e-4b8e-b798-251b6abf251a","req":{"method":"POST","url":"/auth/refresh","host":"127.0.0.1:3493","remoteAddress":"127.0.0.1","remotePort":53834},"msg":"incoming request"}
[api] {"level":30,"time":1788739176075,"pid":68337,"hostname":"Mac-mini-de-Javier.local","reqId":"5aebaa8e-bf8e-4b8e-b798-251b6abf251a","res":{"statusCode":200},"responseTime":2.6824999999953434,"msg":"request completed"}
[api] {"level":30,"time":1788739176077,"pid":68337,"hostname":"Mac-mini-de-Javier.local","reqId":"2f07be03-3c76-443d-9cb7-d9a2bb491181","req":{"method":"GET","url":"/me","host":"127.0.0.1:3493","remoteAddress":"127.0.0.1","remotePort":53835},"msg":"incoming request"}
[api] {"level":30,"time":1788739176078,"pid":68337,"hostname":"Mac-mini-de-Javier.local","reqId":"2f07be03-3c76-443d-9cb7-d9a2bb491181","res":{"statusCode":200},"responseTime":1.184540999995079,"msg":"request completed"}
[api] {"level":30,"time":1788739176078,"pid":68337,"hostname":"Mac-mini-de-Javier.local","reqId":"a34a9b1a-02fd-42af-8706-8c072289f089","req":{"method":"GET","url":"/organizations","host":"127.0.0.1:3493","remoteAddress":"127.0.0.1","remotePort":53836},"msg":"incoming request"}
{"level":30,"time":1788739176079,"pid":68337,"hostname":"Mac-mini-de-Javier.local","reqId":"a34a9b1a-02fd-42af-8706-8c072289f089","res":{"statusCode":200},"responseTime":1.0280839999904856,"msg":"request completed"}
[api] {"level":30,"time":1788739176096,"pid":68337,"hostname":"Mac-mini-de-Javier.local","reqId":"25dfec89-d580-4a8a-8989-6689c7e5a36f","req":{"method":"GET","url":"/company/profile","host":"127.0.0.1:3493","remoteAddress":"127.0.0.1","remotePort":53842},"msg":"incoming request"}
[api] {"level":30,"time":1788739176098,"pid":68337,"hostname":"Mac-mini-de-Javier.local","reqId":"25dfec89-d580-4a8a-8989-6689c7e5a36f","res":{"statusCode":200},"responseTime":1.85775000002468,"msg":"request completed"}
[api] {"level":30,"time":1788739176098,"pid":68337,"hostname":"Mac-mini-de-Javier.local","reqId":"d5cf1d82-7199-4309-9b7e-c1879745e536","req":{"method":"GET","url":"/company/capabilities","host":"127.0.0.1:3493","remoteAddress":"127.0.0.1","remotePort":53843},"msg":"incoming request"}
{"level":30,"time":1788739176101,"pid":68337,"hostname":"Mac-mini-de-Javier.local","reqId":"d5cf1d82-7199-4309-9b7e-c1879745e536","res":{"statusCode":200},"responseTime":2.692749999987427,"msg":"request completed"}
[api] {"level":30,"time":1788739176622,"pid":68337,"hostname":"Mac-mini-de-Javier.local","reqId":"a6a80b32-e384-4ea7-9bdb-da9ca250fbed","req":{"method":"POST","url":"/auth/refresh","host":"127.0.0.1:3493","remoteAddress":"127.0.0.1","remotePort":53858},"msg":"incoming request"}
[api] {"level":30,"time":1788739176624,"pid":68337,"hostname":"Mac-mini-de-Javier.local","reqId":"a6a80b32-e384-4ea7-9bdb-da9ca250fbed","res":{"statusCode":200},"responseTime":1.5260000000125729,"msg":"request completed"}
[api] {"level":30,"time":1788739176625,"pid":68337,"hostname":"Mac-mini-de-Javier.local","reqId":"b8672349-1a5b-4bc7-b3c3-b3976d246d1d","req":{"method":"GET","url":"/me","host":"127.0.0.1:3493","remoteAddress":"127.0.0.1","remotePort":53859},"msg":"incoming request"}
[api] {"level":30,"time":1788739176626,"pid":68337,"hostname":"Mac-mini-de-Javier.local","reqId":"b8672349-1a5b-4bc7-b3c3-b3976d246d1d","res":{"statusCode":200},"responseTime":0.977833999961149,"msg":"request completed"}
[api] {"level":30,"time":1788739176627,"pid":68337,"hostname":"Mac-mini-de-Javier.local","reqId":"e25bf4fd-43df-4473-9bd1-54533a4cf1c8","req":{"method":"GET","url":"/organizations","host":"127.0.0.1:3493","remoteAddress":"127.0.0.1","remotePort":53860},"msg":"incoming request"}
{"level":30,"time":1788739176628,"pid":68337,"hostname":"Mac-mini-de-Javier.local","reqId":"e25bf4fd-43df-4473-9bd1-54533a4cf1c8","res":{"statusCode":200},"responseTime":1.0220839999965392,"msg":"request completed"}
[api] {"level":30,"time":1788739176644,"pid":68337,"hostname":"Mac-mini-de-Javier.local","reqId":"f603e376-f16f-41c7-b3f7-2d3c39221ada","req":{"method":"GET","url":"/company/documents","host":"127.0.0.1:3493","remoteAddress":"127.0.0.1","remotePort":53866},"msg":"incoming request"}
[api] {"level":30,"time":1788739176647,"pid":68337,"hostname":"Mac-mini-de-Javier.local","reqId":"f603e376-f16f-41c7-b3f7-2d3c39221ada","res":{"statusCode":200},"responseTime":2.678333999996539,"msg":"request completed"}
[api] {"level":30,"time":1788739177166,"pid":68337,"hostname":"Mac-mini-de-Javier.local","reqId":"9ecca891-55cb-4c5e-8f04-ac0ebc7c3d1c","req":{"method":"POST","url":"/auth/refresh","host":"127.0.0.1:3493","remoteAddress":"127.0.0.1","remotePort":53877},"msg":"incoming request"}
[api] {"level":30,"time":1788739177168,"pid":68337,"hostname":"Mac-mini-de-Javier.local","reqId":"9ecca891-55cb-4c5e-8f04-ac0ebc7c3d1c","res":{"statusCode":200},"responseTime":1.727582999970764,"msg":"request completed"}
[api] {"level":30,"time":1788739177170,"pid":68337,"hostname":"Mac-mini-de-Javier.local","reqId":"b10727ae-77f1-4b8a-84a1-8c805bae139a","req":{"method":"GET","url":"/me","host":"127.0.0.1:3493","remoteAddress":"127.0.0.1","remotePort":53878},"msg":"incoming request"}
[api] {"level":30,"time":1788739177171,"pid":68337,"hostname":"Mac-mini-de-Javier.local","reqId":"b10727ae-77f1-4b8a-84a1-8c805bae139a","res":{"statusCode":200},"responseTime":0.8733749999664724,"msg":"request completed"}
{"level":30,"time":1788739177171,"pid":68337,"hostname":"Mac-mini-de-Javier.local","reqId":"85a81c5a-24da-442d-b210-07ea6a230abb","req":{"method":"GET","url":"/organizations","host":"127.0.0.1:3493","remoteAddress":"127.0.0.1","remotePort":53879},"msg":"incoming request"}
{"level":30,"time":1788739177172,"pid":68337,"hostname":"Mac-mini-de-Javier.local","reqId":"85a81c5a-24da-442d-b210-07ea6a230abb","res":{"statusCode":200},"responseTime":0.9612499999930151,"msg":"request completed"}
[api] {"level":30,"time":1788739177186,"pid":68337,"hostname":"Mac-mini-de-Javier.local","reqId":"744e5d35-6023-44e4-ae9d-f65e7b212ba2","req":{"method":"GET","url":"/company/signatories","host":"127.0.0.1:3493","remoteAddress":"127.0.0.1","remotePort":53884},"msg":"incoming request"}
[api] {"level":30,"time":1788739177189,"pid":68337,"hostname":"Mac-mini-de-Javier.local","reqId":"744e5d35-6023-44e4-ae9d-f65e7b212ba2","res":{"statusCode":200},"responseTime":2.9715420000138693,"msg":"request completed"}
[api] {"level":30,"time":1788739177709,"pid":68337,"hostname":"Mac-mini-de-Javier.local","reqId":"ae234c36-125c-45e5-9c17-2abe39becd2e","req":{"method":"POST","url":"/auth/refresh","host":"127.0.0.1:3493","remoteAddress":"127.0.0.1","remotePort":53893},"msg":"incoming request"}
[api] {"level":30,"time":1788739177711,"pid":68337,"hostname":"Mac-mini-de-Javier.local","reqId":"ae234c36-125c-45e5-9c17-2abe39becd2e","res":{"statusCode":200},"responseTime":1.6931249999906868,"msg":"request completed"}
[api] {"level":30,"time":1788739177712,"pid":68337,"hostname":"Mac-mini-de-Javier.local","reqId":"05225ca6-6172-4a41-8db7-ba62259ddf14","req":{"method":"GET","url":"/me","host":"127.0.0.1:3493","remoteAddress":"127.0.0.1","remotePort":53894},"msg":"incoming request"}
[api] {"level":30,"time":1788739177713,"pid":68337,"hostname":"Mac-mini-de-Javier.local","reqId":"05225ca6-6172-4a41-8db7-ba62259ddf14","res":{"statusCode":200},"responseTime":0.9560409999685362,"msg":"request completed"}
[api] {"level":30,"time":1788739177713,"pid":68337,"hostname":"Mac-mini-de-Javier.local","reqId":"b63bc86c-5e9b-4fc9-a5b4-d610a7f89380","req":{"method":"GET","url":"/organizations","host":"127.0.0.1:3493","remoteAddress":"127.0.0.1","remotePort":53895},"msg":"incoming request"}
{"level":30,"time":1788739177714,"pid":68337,"hostname":"Mac-mini-de-Javier.local","reqId":"b63bc86c-5e9b-4fc9-a5b4-d610a7f89380","res":{"statusCode":200},"responseTime":1.1171670000185259,"msg":"request completed"}
[api] {"level":30,"time":1788739177729,"pid":68337,"hostname":"Mac-mini-de-Javier.local","reqId":"d2bbec2e-c359-4f46-be3e-cb294b524571","req":{"method":"GET","url":"/auth/2fa/status","host":"127.0.0.1:3493","remoteAddress":"127.0.0.1","remotePort":53900},"msg":"incoming request"}
[api] {"level":30,"time":1788739177731,"pid":68337,"hostname":"Mac-mini-de-Javier.local","reqId":"d2bbec2e-c359-4f46-be3e-cb294b524571","res":{"statusCode":200},"responseTime":1.2580830000224523,"msg":"request completed"}
{"level":30,"time":1788739177731,"pid":68337,"hostname":"Mac-mini-de-Javier.local","reqId":"7e20ce06-23dd-4080-a909-6da34b1df7b5","req":{"method":"GET","url":"/company/rates","host":"127.0.0.1:3493","remoteAddress":"127.0.0.1","remotePort":53901},"msg":"incoming request"}
{"level":30,"time":1788739177733,"pid":68337,"hostname":"Mac-mini-de-Javier.local","reqId":"7e20ce06-23dd-4080-a909-6da34b1df7b5","res":{"statusCode":200},"responseTime":1.8026250000111759,"msg":"request completed"}
[api] {"level":30,"time":1788739178254,"pid":68337,"hostname":"Mac-mini-de-Javier.local","reqId":"dff3824f-9bce-4c6a-a982-6055c51f37e7","req":{"method":"POST","url":"/auth/refresh","host":"127.0.0.1:3493","remoteAddress":"127.0.0.1","remotePort":53902},"msg":"incoming request"}
[api] {"level":30,"time":1788739178256,"pid":68337,"hostname":"Mac-mini-de-Javier.local","reqId":"dff3824f-9bce-4c6a-a982-6055c51f37e7","res":{"statusCode":200},"responseTime":1.93912499997532,"msg":"request completed"}
[api] {"level":30,"time":1788739178258,"pid":68337,"hostname":"Mac-mini-de-Javier.local","reqId":"8ff8532d-2c08-4550-b97d-67fbef6198a7","req":{"method":"GET","url":"/me","host":"127.0.0.1:3493","remoteAddress":"127.0.0.1","remotePort":53903},"msg":"incoming request"}
[api] {"level":30,"time":1788739178259,"pid":68337,"hostname":"Mac-mini-de-Javier.local","reqId":"8ff8532d-2c08-4550-b97d-67fbef6198a7","res":{"statusCode":200},"responseTime":1.0140840000240132,"msg":"request completed"}
[api] {"level":30,"time":1788739178260,"pid":68337,"hostname":"Mac-mini-de-Javier.local","reqId":"ec8bc674-cf33-45bf-87a3-cc49000b601f","req":{"method":"GET","url":"/organizations","host":"127.0.0.1:3493","remoteAddress":"127.0.0.1","remotePort":53904},"msg":"incoming request"}
{"level":30,"time":1788739178261,"pid":68337,"hostname":"Mac-mini-de-Javier.local","reqId":"ec8bc674-cf33-45bf-87a3-cc49000b601f","res":{"statusCode":200},"responseTime":0.9028330000001006,"msg":"request completed"}
[api] {"level":30,"time":1788739178273,"pid":68337,"hostname":"Mac-mini-de-Javier.local","reqId":"3b2aa044-9898-4524-be03-b1fd9185cb34","req":{"method":"GET","url":"/tenders?limit=20","host":"127.0.0.1:3493","remoteAddress":"127.0.0.1","remotePort":53910},"msg":"incoming request"}
[api] {"level":30,"time":1788739178276,"pid":68337,"hostname":"Mac-mini-de-Javier.local","reqId":"3b2aa044-9898-4524-be03-b1fd9185cb34","res":{"statusCode":200},"responseTime":3.060291000001598,"msg":"request completed"}
[api] {"level":30,"time":1788739178809,"pid":68337,"hostname":"Mac-mini-de-Javier.local","reqId":"e53d3385-1daa-49b4-8466-cdb4c90016a7","req":{"method":"POST","url":"/auth/refresh","host":"127.0.0.1:3493","remoteAddress":"127.0.0.1","remotePort":53921},"msg":"incoming request"}
[api] {"level":30,"time":1788739178810,"pid":68337,"hostname":"Mac-mini-de-Javier.local","reqId":"e53d3385-1daa-49b4-8466-cdb4c90016a7","res":{"statusCode":200},"responseTime":1.587375000002794,"msg":"request completed"}
[api] {"level":30,"time":1788739178815,"pid":68337,"hostname":"Mac-mini-de-Javier.local","reqId":"4d54471f-cd2c-479d-bd6b-9971c801f527","req":{"method":"GET","url":"/me","host":"127.0.0.1:3493","remoteAddress":"127.0.0.1","remotePort":53922},"msg":"incoming request"}
[api] {"level":30,"time":1788739178818,"pid":68337,"hostname":"Mac-mini-de-Javier.local","reqId":"4d54471f-cd2c-479d-bd6b-9971c801f527","res":{"statusCode":200},"responseTime":2.3913750000065193,"msg":"request completed"}
[api] {"level":30,"time":1788739178818,"pid":68337,"hostname":"Mac-mini-de-Javier.local","reqId":"58ea81e5-5ab8-4d1f-b934-375dae35be9d","req":{"method":"GET","url":"/organizations","host":"127.0.0.1:3493","remoteAddress":"127.0.0.1","remotePort":53923},"msg":"incoming request"}
{"level":30,"time":1788739178819,"pid":68337,"hostname":"Mac-mini-de-Javier.local","reqId":"58ea81e5-5ab8-4d1f-b934-375dae35be9d","res":{"statusCode":200},"responseTime":1.1358330000075512,"msg":"request completed"}
[api] {"level":30,"time":1788739178830,"pid":68337,"hostname":"Mac-mini-de-Javier.local","reqId":"57d1841d-3785-4011-a27b-2054edbf8cbe","req":{"method":"GET","url":"/matching/tenders","host":"127.0.0.1:3493","remoteAddress":"127.0.0.1","remotePort":53928},"msg":"incoming request"}
[api] {"level":30,"time":1788739178835,"pid":68337,"hostname":"Mac-mini-de-Javier.local","reqId":"57d1841d-3785-4011-a27b-2054edbf8cbe","res":{"statusCode":200},"responseTime":4.9137079999782145,"msg":"request completed"}
{"level":30,"time":1788739178835,"pid":68337,"hostname":"Mac-mini-de-Javier.local","reqId":"3c6f07a4-fe05-4303-ab8a-f9797225e8e5","req":{"method":"GET","url":"/tenders?limit=50","host":"127.0.0.1:3493","remoteAddress":"127.0.0.1","remotePort":53929},"msg":"incoming request"}
{"level":30,"time":1788739178838,"pid":68337,"hostname":"Mac-mini-de-Javier.local","reqId":"3c6f07a4-fe05-4303-ab8a-f9797225e8e5","res":{"statusCode":200},"responseTime":2.2069159999955446,"msg":"request completed"}
[api] {"level":30,"time":1788739179360,"pid":68337,"hostname":"Mac-mini-de-Javier.local","reqId":"503297a3-b5c1-44b6-a154-554937f53a77","req":{"method":"POST","url":"/auth/refresh","host":"127.0.0.1:3493","remoteAddress":"127.0.0.1","remotePort":53938},"msg":"incoming request"}
[api] {"level":30,"time":1788739179363,"pid":68337,"hostname":"Mac-mini-de-Javier.local","reqId":"503297a3-b5c1-44b6-a154-554937f53a77","res":{"statusCode":200},"responseTime":3.006500000017695,"msg":"request completed"}
[api] {"level":30,"time":1788739179364,"pid":68337,"hostname":"Mac-mini-de-Javier.local","reqId":"f293d0b2-67c7-49f6-b53d-053cdce65c0d","req":{"method":"GET","url":"/me","host":"127.0.0.1:3493","remoteAddress":"127.0.0.1","remotePort":53939},"msg":"incoming request"}
[api] {"level":30,"time":1788739179365,"pid":68337,"hostname":"Mac-mini-de-Javier.local","reqId":"f293d0b2-67c7-49f6-b53d-053cdce65c0d","res":{"statusCode":200},"responseTime":1.027457999996841,"msg":"request completed"}
[api] {"level":30,"time":1788739179365,"pid":68337,"hostname":"Mac-mini-de-Javier.local","reqId":"66427e4f-2bf5-47d8-954f-2d0f64409202","req":{"method":"GET","url":"/organizations","host":"127.0.0.1:3493","remoteAddress":"127.0.0.1","remotePort":53940},"msg":"incoming request"}
{"level":30,"time":1788739179366,"pid":68337,"hostname":"Mac-mini-de-Javier.local","reqId":"66427e4f-2bf5-47d8-954f-2d0f64409202","res":{"statusCode":200},"responseTime":1.106792000005953,"msg":"request completed"}
[api] {"level":30,"time":1788739179379,"pid":68337,"hostname":"Mac-mini-de-Javier.local","reqId":"06ce77cd-d074-4a66-8f5c-a2009242fc0b","req":{"method":"GET","url":"/tenders/sources/freshness","host":"127.0.0.1:3493","remoteAddress":"127.0.0.1","remotePort":53946},"msg":"incoming request"}
[api] {"level":30,"time":1788739179380,"pid":68337,"hostname":"Mac-mini-de-Javier.local","reqId":"06ce77cd-d074-4a66-8f5c-a2009242fc0b","res":{"statusCode":200},"responseTime":1.1792079999577254,"msg":"request completed"}
[api] {"level":30,"time":1788739179899,"pid":68337,"hostname":"Mac-mini-de-Javier.local","reqId":"4d3fee78-be1c-4d23-a762-ce110771085d","req":{"method":"POST","url":"/auth/refresh","host":"127.0.0.1:3493","remoteAddress":"127.0.0.1","remotePort":53953},"msg":"incoming request"}
[api] {"level":30,"time":1788739179900,"pid":68337,"hostname":"Mac-mini-de-Javier.local","reqId":"4d3fee78-be1c-4d23-a762-ce110771085d","res":{"statusCode":200},"responseTime":1.5750830000033602,"msg":"request completed"}
[api] {"level":30,"time":1788739179902,"pid":68337,"hostname":"Mac-mini-de-Javier.local","reqId":"56f81b43-e314-462f-a01b-e4b33a0bd7ee","req":{"method":"GET","url":"/me","host":"127.0.0.1:3493","remoteAddress":"127.0.0.1","remotePort":53954},"msg":"incoming request"}
[api] {"level":30,"time":1788739179903,"pid":68337,"hostname":"Mac-mini-de-Javier.local","reqId":"56f81b43-e314-462f-a01b-e4b33a0bd7ee","res":{"statusCode":200},"responseTime":0.9678750000311993,"msg":"request completed"}
{"level":30,"time":1788739179903,"pid":68337,"hostname":"Mac-mini-de-Javier.local","reqId":"2fca381b-98c7-4ccd-a947-5119a3b879fa","req":{"method":"GET","url":"/organizations","host":"127.0.0.1:3493","remoteAddress":"127.0.0.1","remotePort":53955},"msg":"incoming request"}
{"level":30,"time":1788739179904,"pid":68337,"hostname":"Mac-mini-de-Javier.local","reqId":"2fca381b-98c7-4ccd-a947-5119a3b879fa","res":{"statusCode":200},"responseTime":1.0698750000447035,"msg":"request completed"}
[api] {"level":30,"time":1788739179918,"pid":68337,"hostname":"Mac-mini-de-Javier.local","reqId":"c50327c3-483d-4f85-a562-3e0b43b17452","req":{"method":"GET","url":"/tenders?limit=50","host":"127.0.0.1:3493","remoteAddress":"127.0.0.1","remotePort":53960},"msg":"incoming request"}
[api] {"level":30,"time":1788739179922,"pid":68337,"hostname":"Mac-mini-de-Javier.local","reqId":"c50327c3-483d-4f85-a562-3e0b43b17452","res":{"statusCode":200},"responseTime":3.7693750000325963,"msg":"request completed"}
[api] {"level":30,"time":1788739180444,"pid":68337,"hostname":"Mac-mini-de-Javier.local","reqId":"60e119de-b67c-42d2-bc6d-1f0df40c8a37","req":{"method":"POST","url":"/auth/refresh","host":"127.0.0.1:3493","remoteAddress":"127.0.0.1","remotePort":53961},"msg":"incoming request"}
[api] {"level":30,"time":1788739180446,"pid":68337,"hostname":"Mac-mini-de-Javier.local","reqId":"60e119de-b67c-42d2-bc6d-1f0df40c8a37","res":{"statusCode":200},"responseTime":1.7120409999624826,"msg":"request completed"}
[api] {"level":30,"time":1788739180448,"pid":68337,"hostname":"Mac-mini-de-Javier.local","reqId":"c37a35ce-cfe7-4d03-ba64-310eba7e1764","req":{"method":"GET","url":"/me","host":"127.0.0.1:3493","remoteAddress":"127.0.0.1","remotePort":53962},"msg":"incoming request"}
[api] {"level":30,"time":1788739180449,"pid":68337,"hostname":"Mac-mini-de-Javier.local","reqId":"c37a35ce-cfe7-4d03-ba64-310eba7e1764","res":{"statusCode":200},"responseTime":0.8987499999930151,"msg":"request completed"}
{"level":30,"time":1788739180449,"pid":68337,"hostname":"Mac-mini-de-Javier.local","reqId":"c65ca8ab-fd12-417f-810b-f908b8eb6e0d","req":{"method":"GET","url":"/organizations","host":"127.0.0.1:3493","remoteAddress":"127.0.0.1","remotePort":53963},"msg":"incoming request"}
{"level":30,"time":1788739180450,"pid":68337,"hostname":"Mac-mini-de-Javier.local","reqId":"c65ca8ab-fd12-417f-810b-f908b8eb6e0d","res":{"statusCode":200},"responseTime":1.0562079999945126,"msg":"request completed"}
[api] {"level":30,"time":1788739180471,"pid":68337,"hostname":"Mac-mini-de-Javier.local","reqId":"967420f8-bd18-463c-b5f7-ad6a68556958","req":{"method":"GET","url":"/tenders?limit=50","host":"127.0.0.1:3493","remoteAddress":"127.0.0.1","remotePort":53973},"msg":"incoming request"}
[api] {"level":30,"time":1788739180477,"pid":68337,"hostname":"Mac-mini-de-Javier.local","reqId":"967420f8-bd18-463c-b5f7-ad6a68556958","res":{"statusCode":200},"responseTime":6.520207999972627,"msg":"request completed"}
[api] {"level":30,"time":1788739181003,"pid":68337,"hostname":"Mac-mini-de-Javier.local","reqId":"96b1a2dc-66d2-488b-93a0-9f9dcca01359","req":{"method":"POST","url":"/auth/refresh","host":"127.0.0.1:3493","remoteAddress":"127.0.0.1","remotePort":53992},"msg":"incoming request"}
[api] {"level":30,"time":1788739181005,"pid":68337,"hostname":"Mac-mini-de-Javier.local","reqId":"96b1a2dc-66d2-488b-93a0-9f9dcca01359","res":{"statusCode":200},"responseTime":1.765499999979511,"msg":"request completed"}
[api] {"level":30,"time":1788739181010,"pid":68337,"hostname":"Mac-mini-de-Javier.local","reqId":"1ee08aa2-97b9-47e6-be46-3693d2e8749a","req":{"method":"GET","url":"/me","host":"127.0.0.1:3493","remoteAddress":"127.0.0.1","remotePort":53993},"msg":"incoming request"}
[api] {"level":30,"time":1788739181012,"pid":68337,"hostname":"Mac-mini-de-Javier.local","reqId":"1ee08aa2-97b9-47e6-be46-3693d2e8749a","res":{"statusCode":200},"responseTime":1.521166999998968,"msg":"request completed"}
[api] {"level":30,"time":1788739181012,"pid":68337,"hostname":"Mac-mini-de-Javier.local","reqId":"c83de958-4520-4c8d-9638-5a7e939967dc","req":{"method":"GET","url":"/organizations","host":"127.0.0.1:3493","remoteAddress":"127.0.0.1","remotePort":53994},"msg":"incoming request"}
{"level":30,"time":1788739181014,"pid":68337,"hostname":"Mac-mini-de-Javier.local","reqId":"c83de958-4520-4c8d-9638-5a7e939967dc","res":{"statusCode":200},"responseTime":1.4211249999934807,"msg":"request completed"}
[api] {"level":30,"time":1788739181028,"pid":68337,"hostname":"Mac-mini-de-Javier.local","reqId":"e42fc62f-3dac-4961-823b-8692acd692fe","req":{"method":"GET","url":"/tenders?limit=50","host":"127.0.0.1:3493","remoteAddress":"127.0.0.1","remotePort":53999},"msg":"incoming request"}
[api] {"level":30,"time":1788739181030,"pid":68337,"hostname":"Mac-mini-de-Javier.local","reqId":"e42fc62f-3dac-4961-823b-8692acd692fe","res":{"statusCode":200},"responseTime":1.9650839999667369,"msg":"request completed"}
[api] {"level":30,"time":1788739181548,"pid":68337,"hostname":"Mac-mini-de-Javier.local","reqId":"7cf3c3d6-a9db-4ded-bbec-6190b95521eb","req":{"method":"POST","url":"/auth/refresh","host":"127.0.0.1:3493","remoteAddress":"127.0.0.1","remotePort":54008},"msg":"incoming request"}
[api] {"level":30,"time":1788739181550,"pid":68337,"hostname":"Mac-mini-de-Javier.local","reqId":"7cf3c3d6-a9db-4ded-bbec-6190b95521eb","res":{"statusCode":200},"responseTime":2.164875000016764,"msg":"request completed"}
[api] {"level":30,"time":1788739181552,"pid":68337,"hostname":"Mac-mini-de-Javier.local","reqId":"a70f2c3d-04f9-4e59-be9d-3522b5537b63","req":{"method":"GET","url":"/me","host":"127.0.0.1:3493","remoteAddress":"127.0.0.1","remotePort":54009},"msg":"incoming request"}
[api] {"level":30,"time":1788739181553,"pid":68337,"hostname":"Mac-mini-de-Javier.local","reqId":"a70f2c3d-04f9-4e59-be9d-3522b5537b63","res":{"statusCode":200},"responseTime":0.9868329999735579,"msg":"request completed"}
{"level":30,"time":1788739181553,"pid":68337,"hostname":"Mac-mini-de-Javier.local","reqId":"fa9139da-2b03-4c4b-ad15-b39aeb307a7d","req":{"method":"GET","url":"/organizations","host":"127.0.0.1:3493","remoteAddress":"127.0.0.1","remotePort":54010},"msg":"incoming request"}
{"level":30,"time":1788739181554,"pid":68337,"hostname":"Mac-mini-de-Javier.local","reqId":"fa9139da-2b03-4c4b-ad15-b39aeb307a7d","res":{"statusCode":200},"responseTime":0.9655420000199229,"msg":"request completed"}
[api] {"level":30,"time":1788739181568,"pid":68337,"hostname":"Mac-mini-de-Javier.local","reqId":"13e2d2e7-d61d-4653-8d17-8422922a127f","req":{"method":"GET","url":"/tenders?limit=50","host":"127.0.0.1:3493","remoteAddress":"127.0.0.1","remotePort":54015},"msg":"incoming request"}
[api] {"level":30,"time":1788739181570,"pid":68337,"hostname":"Mac-mini-de-Javier.local","reqId":"13e2d2e7-d61d-4653-8d17-8422922a127f","res":{"statusCode":200},"responseTime":1.9666250000009313,"msg":"request completed"}
[api] {"level":30,"time":1788739182089,"pid":68337,"hostname":"Mac-mini-de-Javier.local","reqId":"562af2f5-ec45-4817-b7c5-81880df808aa","req":{"method":"POST","url":"/auth/refresh","host":"127.0.0.1:3493","remoteAddress":"127.0.0.1","remotePort":54032},"msg":"incoming request"}
[api] {"level":30,"time":1788739182091,"pid":68337,"hostname":"Mac-mini-de-Javier.local","reqId":"562af2f5-ec45-4817-b7c5-81880df808aa","res":{"statusCode":200},"responseTime":1.9584579999791458,"msg":"request completed"}
[api] {"level":30,"time":1788739182093,"pid":68337,"hostname":"Mac-mini-de-Javier.local","reqId":"5450e82d-af01-4542-a7b7-0beaf31abee1","req":{"method":"GET","url":"/me","host":"127.0.0.1:3493","remoteAddress":"127.0.0.1","remotePort":54033},"msg":"incoming request"}
[api] {"level":30,"time":1788739182094,"pid":68337,"hostname":"Mac-mini-de-Javier.local","reqId":"5450e82d-af01-4542-a7b7-0beaf31abee1","res":{"statusCode":200},"responseTime":1.024375000037253,"msg":"request completed"}
{"level":30,"time":1788739182094,"pid":68337,"hostname":"Mac-mini-de-Javier.local","reqId":"383f7c9d-cdc6-49f7-a54a-675936fbbb2c","req":{"method":"GET","url":"/organizations","host":"127.0.0.1:3493","remoteAddress":"127.0.0.1","remotePort":54034},"msg":"incoming request"}
{"level":30,"time":1788739182095,"pid":68337,"hostname":"Mac-mini-de-Javier.local","reqId":"383f7c9d-cdc6-49f7-a54a-675936fbbb2c","res":{"statusCode":200},"responseTime":1.340334000007715,"msg":"request completed"}
[api] {"level":30,"time":1788739182110,"pid":68337,"hostname":"Mac-mini-de-Javier.local","reqId":"31df9bb7-df34-4c56-889b-a2ebce60e5f0","req":{"method":"GET","url":"/tenders?limit=50","host":"127.0.0.1:3493","remoteAddress":"127.0.0.1","remotePort":54039},"msg":"incoming request"}
[api] {"level":30,"time":1788739182112,"pid":68337,"hostname":"Mac-mini-de-Javier.local","reqId":"31df9bb7-df34-4c56-889b-a2ebce60e5f0","res":{"statusCode":200},"responseTime":1.872542000026442,"msg":"request completed"}
{"level":30,"time":1788739182112,"pid":68337,"hostname":"Mac-mini-de-Javier.local","reqId":"56ff08be-a3d8-41f6-b2b6-fec5525a99f1","req":{"method":"GET","url":"/auth/2fa/status","host":"127.0.0.1:3493","remoteAddress":"127.0.0.1","remotePort":54040},"msg":"incoming request"}
{"level":30,"time":1788739182114,"pid":68337,"hostname":"Mac-mini-de-Javier.local","reqId":"56ff08be-a3d8-41f6-b2b6-fec5525a99f1","res":{"statusCode":200},"responseTime":1.2437079999945126,"msg":"request completed"}
[api] {"level":30,"time":1788739182638,"pid":68337,"hostname":"Mac-mini-de-Javier.local","reqId":"e085cfc1-5819-49a0-995b-be9f00a147da","req":{"method":"POST","url":"/auth/refresh","host":"127.0.0.1:3493","remoteAddress":"127.0.0.1","remotePort":54061},"msg":"incoming request"}
[api] {"level":30,"time":1788739182641,"pid":68337,"hostname":"Mac-mini-de-Javier.local","reqId":"e085cfc1-5819-49a0-995b-be9f00a147da","res":{"statusCode":200},"responseTime":3.007625000027474,"msg":"request completed"}
[api] {"level":30,"time":1788739182645,"pid":68337,"hostname":"Mac-mini-de-Javier.local","reqId":"c980a52c-a05d-4f82-b199-c19c7bcfc4f6","req":{"method":"GET","url":"/me","host":"127.0.0.1:3493","remoteAddress":"127.0.0.1","remotePort":54062},"msg":"incoming request"}
[api] {"level":30,"time":1788739182646,"pid":68337,"hostname":"Mac-mini-de-Javier.local","reqId":"c980a52c-a05d-4f82-b199-c19c7bcfc4f6","res":{"statusCode":200},"responseTime":1.5907080000033602,"msg":"request completed"}
{"level":30,"time":1788739182646,"pid":68337,"hostname":"Mac-mini-de-Javier.local","reqId":"b8eb15fc-4c8f-41e9-8eee-dc3a84eed302","req":{"method":"GET","url":"/organizations","host":"127.0.0.1:3493","remoteAddress":"127.0.0.1","remotePort":54063},"msg":"incoming request"}
{"level":30,"time":1788739182648,"pid":68337,"hostname":"Mac-mini-de-Javier.local","reqId":"b8eb15fc-4c8f-41e9-8eee-dc3a84eed302","res":{"statusCode":200},"responseTime":1.8734580000163987,"msg":"request completed"}
[api] {"level":30,"time":1788739182661,"pid":68337,"hostname":"Mac-mini-de-Javier.local","reqId":"0d393a51-aec5-4049-9ac0-8bbc35df094e","req":{"method":"GET","url":"/tenders?limit=50","host":"127.0.0.1:3493","remoteAddress":"127.0.0.1","remotePort":54069},"msg":"incoming request"}
[api] {"level":30,"time":1788739182666,"pid":68337,"hostname":"Mac-mini-de-Javier.local","reqId":"0d393a51-aec5-4049-9ac0-8bbc35df094e","res":{"statusCode":200},"responseTime":5.008166000014171,"msg":"request completed"}
[api] {"level":30,"time":1788739183187,"pid":68337,"hostname":"Mac-mini-de-Javier.local","reqId":"3cd3589d-db3e-4317-8dd1-f19030ee4a0d","req":{"method":"POST","url":"/auth/refresh","host":"127.0.0.1:3493","remoteAddress":"127.0.0.1","remotePort":54072},"msg":"incoming request"}
[api] {"level":30,"time":1788739183189,"pid":68337,"hostname":"Mac-mini-de-Javier.local","reqId":"3cd3589d-db3e-4317-8dd1-f19030ee4a0d","res":{"statusCode":200},"responseTime":2.1653340000193566,"msg":"request completed"}
[api] {"level":30,"time":1788739183191,"pid":68337,"hostname":"Mac-mini-de-Javier.local","reqId":"5c8340cd-a205-4e67-8a95-ec1e07589321","req":{"method":"GET","url":"/me","host":"127.0.0.1:3493","remoteAddress":"127.0.0.1","remotePort":54073},"msg":"incoming request"}
[api] {"level":30,"time":1788739183192,"pid":68337,"hostname":"Mac-mini-de-Javier.local","reqId":"5c8340cd-a205-4e67-8a95-ec1e07589321","res":{"statusCode":200},"responseTime":1.0105840000323951,"msg":"request completed"}
[api] {"level":30,"time":1788739183192,"pid":68337,"hostname":"Mac-mini-de-Javier.local","reqId":"09dbe1b1-1356-4e64-87e2-49cbd9bac2b1","req":{"method":"GET","url":"/organizations","host":"127.0.0.1:3493","remoteAddress":"127.0.0.1","remotePort":54074},"msg":"incoming request"}
{"level":30,"time":1788739183193,"pid":68337,"hostname":"Mac-mini-de-Javier.local","reqId":"09dbe1b1-1356-4e64-87e2-49cbd9bac2b1","res":{"statusCode":200},"responseTime":0.8704160000197589,"msg":"request completed"}
[api] {"level":30,"time":1788739183209,"pid":68337,"hostname":"Mac-mini-de-Javier.local","reqId":"f261224c-b08e-4942-9a5b-75f3b6e55f18","req":{"method":"GET","url":"/tenders?limit=50","host":"127.0.0.1:3493","remoteAddress":"127.0.0.1","remotePort":54083},"msg":"incoming request"}
[api] {"level":30,"time":1788739183211,"pid":68337,"hostname":"Mac-mini-de-Javier.local","reqId":"f261224c-b08e-4942-9a5b-75f3b6e55f18","res":{"statusCode":200},"responseTime":1.837500000023283,"msg":"request completed"}
[api] {"level":30,"time":1788739183730,"pid":68337,"hostname":"Mac-mini-de-Javier.local","reqId":"a56b99a9-d97e-43fd-a75e-03461bbd7061","req":{"method":"POST","url":"/auth/refresh","host":"127.0.0.1:3493","remoteAddress":"127.0.0.1","remotePort":54092},"msg":"incoming request"}
[api] {"level":30,"time":1788739183734,"pid":68337,"hostname":"Mac-mini-de-Javier.local","reqId":"a56b99a9-d97e-43fd-a75e-03461bbd7061","res":{"statusCode":200},"responseTime":3.2761249999748543,"msg":"request completed"}
[api] {"level":30,"time":1788739183737,"pid":68337,"hostname":"Mac-mini-de-Javier.local","reqId":"70e28d49-3cdf-4199-998e-d9f6b1e883ef","req":{"method":"GET","url":"/me","host":"127.0.0.1:3493","remoteAddress":"127.0.0.1","remotePort":54093},"msg":"incoming request"}
[api] {"level":30,"time":1788739183739,"pid":68337,"hostname":"Mac-mini-de-Javier.local","reqId":"70e28d49-3cdf-4199-998e-d9f6b1e883ef","res":{"statusCode":200},"responseTime":1.9780420000315644,"msg":"request completed"}
{"level":30,"time":1788739183739,"pid":68337,"hostname":"Mac-mini-de-Javier.local","reqId":"efe94639-ed46-4d32-ae59-214e9f62189c","req":{"method":"GET","url":"/organizations","host":"127.0.0.1:3493","remoteAddress":"127.0.0.1","remotePort":54094},"msg":"incoming request"}
{"level":30,"time":1788739183740,"pid":68337,"hostname":"Mac-mini-de-Javier.local","reqId":"efe94639-ed46-4d32-ae59-214e9f62189c","res":{"statusCode":200},"responseTime":1.5808340000221506,"msg":"request completed"}
[api] {"level":30,"time":1788739183754,"pid":68337,"hostname":"Mac-mini-de-Javier.local","reqId":"e0a1dc35-774e-4cd6-943b-5e4a47e7c5c0","req":{"method":"GET","url":"/tenders?limit=50","host":"127.0.0.1:3493","remoteAddress":"127.0.0.1","remotePort":54103},"msg":"incoming request"}
[api] {"level":30,"time":1788739183757,"pid":68337,"hostname":"Mac-mini-de-Javier.local","reqId":"e0a1dc35-774e-4cd6-943b-5e4a47e7c5c0","res":{"statusCode":200},"responseTime":3.3197499999660067,"msg":"request completed"}
[api] {"level":30,"time":1788739184285,"pid":68337,"hostname":"Mac-mini-de-Javier.local","reqId":"59cc4b02-4400-4ce4-9316-084a46dad78b","req":{"method":"POST","url":"/auth/refresh","host":"127.0.0.1:3493","remoteAddress":"127.0.0.1","remotePort":54118},"msg":"incoming request"}
[api] {"level":30,"time":1788739184288,"pid":68337,"hostname":"Mac-mini-de-Javier.local","reqId":"59cc4b02-4400-4ce4-9316-084a46dad78b","res":{"statusCode":200},"responseTime":2.9487090000184253,"msg":"request completed"}
[api] {"level":30,"time":1788739184291,"pid":68337,"hostname":"Mac-mini-de-Javier.local","reqId":"efb522c8-05f7-4503-9085-e714dd836129","req":{"method":"GET","url":"/me","host":"127.0.0.1:3493","remoteAddress":"127.0.0.1","remotePort":54119},"msg":"incoming request"}
[api] {"level":30,"time":1788739184293,"pid":68337,"hostname":"Mac-mini-de-Javier.local","reqId":"efb522c8-05f7-4503-9085-e714dd836129","res":{"statusCode":200},"responseTime":1.686667000001762,"msg":"request completed"}
{"level":30,"time":1788739184293,"pid":68337,"hostname":"Mac-mini-de-Javier.local","reqId":"653a5abc-e2bc-4e5a-b21e-1b0fb141444d","req":{"method":"GET","url":"/organizations","host":"127.0.0.1:3493","remoteAddress":"127.0.0.1","remotePort":54120},"msg":"incoming request"}
{"level":30,"time":1788739184295,"pid":68337,"hostname":"Mac-mini-de-Javier.local","reqId":"653a5abc-e2bc-4e5a-b21e-1b0fb141444d","res":{"statusCode":200},"responseTime":1.8911660000449046,"msg":"request completed"}
[api] {"level":30,"time":1788739184319,"pid":68337,"hostname":"Mac-mini-de-Javier.local","reqId":"45a20b61-bfcf-4bb1-87f3-905222648fb6","req":{"method":"GET","url":"/tenders?limit=50","host":"127.0.0.1:3493","remoteAddress":"127.0.0.1","remotePort":54125},"msg":"incoming request"}
[api] {"level":30,"time":1788739184321,"pid":68337,"hostname":"Mac-mini-de-Javier.local","reqId":"45a20b61-bfcf-4bb1-87f3-905222648fb6","res":{"statusCode":200},"responseTime":2.031083000008948,"msg":"request completed"}
[api] {"level":30,"time":1788739184843,"pid":68337,"hostname":"Mac-mini-de-Javier.local","reqId":"88a60975-42b0-4b45-b75b-558ab726f838","req":{"method":"POST","url":"/auth/refresh","host":"127.0.0.1:3493","remoteAddress":"127.0.0.1","remotePort":54140},"msg":"incoming request"}
[api] {"level":30,"time":1788739184845,"pid":68337,"hostname":"Mac-mini-de-Javier.local","reqId":"88a60975-42b0-4b45-b75b-558ab726f838","res":{"statusCode":200},"responseTime":1.5541249999660067,"msg":"request completed"}
[api] {"level":30,"time":1788739184848,"pid":68337,"hostname":"Mac-mini-de-Javier.local","reqId":"9bd17cd9-2bb9-4e7f-ae79-828fd3391802","req":{"method":"GET","url":"/me","host":"127.0.0.1:3493","remoteAddress":"127.0.0.1","remotePort":54141},"msg":"incoming request"}
[api] {"level":30,"time":1788739184849,"pid":68337,"hostname":"Mac-mini-de-Javier.local","reqId":"9bd17cd9-2bb9-4e7f-ae79-828fd3391802","res":{"statusCode":200},"responseTime":1.0499580000177957,"msg":"request completed"}
[api] {"level":30,"time":1788739184849,"pid":68337,"hostname":"Mac-mini-de-Javier.local","reqId":"ca700238-df8c-4efc-8d0b-04eae43ba26d","req":{"method":"GET","url":"/organizations","host":"127.0.0.1:3493","remoteAddress":"127.0.0.1","remotePort":54142},"msg":"incoming request"}
{"level":30,"time":1788739184850,"pid":68337,"hostname":"Mac-mini-de-Javier.local","reqId":"ca700238-df8c-4efc-8d0b-04eae43ba26d","res":{"statusCode":200},"responseTime":1.0686669999849983,"msg":"request completed"}
[api] {"level":30,"time":1788739184864,"pid":68337,"hostname":"Mac-mini-de-Javier.local","reqId":"c84515c5-a4b0-4af7-93b1-9f1bbb2b2380","req":{"method":"GET","url":"/expediente/post-award-alerts","host":"127.0.0.1:3493","remoteAddress":"127.0.0.1","remotePort":54147},"msg":"incoming request"}
[api] {"level":30,"time":1788739184866,"pid":68337,"hostname":"Mac-mini-de-Javier.local","reqId":"c84515c5-a4b0-4af7-93b1-9f1bbb2b2380","res":{"statusCode":200},"responseTime":1.970917000027839,"msg":"request completed"}
[api] {"level":30,"time":1788739184866,"pid":68337,"hostname":"Mac-mini-de-Javier.local","reqId":"25f161cf-3506-4996-a7d5-ad719b65fee4","req":{"method":"GET","url":"/tenders?limit=50","host":"127.0.0.1:3493","remoteAddress":"127.0.0.1","remotePort":54148},"msg":"incoming request"}
{"level":30,"time":1788739184868,"pid":68337,"hostname":"Mac-mini-de-Javier.local","reqId":"25f161cf-3506-4996-a7d5-ad719b65fee4","res":{"statusCode":200},"responseTime":1.8596249999827705,"msg":"request completed"}
[api] {"level":30,"time":1788739185397,"pid":68337,"hostname":"Mac-mini-de-Javier.local","reqId":"6bc8c198-2973-4567-a888-5c15056b304f","req":{"method":"POST","url":"/auth/refresh","host":"127.0.0.1:3493","remoteAddress":"127.0.0.1","remotePort":54157},"msg":"incoming request"}
[api] {"level":30,"time":1788739185398,"pid":68337,"hostname":"Mac-mini-de-Javier.local","reqId":"6bc8c198-2973-4567-a888-5c15056b304f","res":{"statusCode":200},"responseTime":1.7900830000289716,"msg":"request completed"}
[api] {"level":30,"time":1788739185404,"pid":68337,"hostname":"Mac-mini-de-Javier.local","reqId":"3179b351-c874-429a-b3e2-a0cd168d5186","req":{"method":"GET","url":"/me","host":"127.0.0.1:3493","remoteAddress":"127.0.0.1","remotePort":54158},"msg":"incoming request"}
[api] {"level":30,"time":1788739185406,"pid":68337,"hostname":"Mac-mini-de-Javier.local","reqId":"3179b351-c874-429a-b3e2-a0cd168d5186","res":{"statusCode":200},"responseTime":2.3614169999491423,"msg":"request completed"}
{"level":30,"time":1788739185406,"pid":68337,"hostname":"Mac-mini-de-Javier.local","reqId":"918b7c46-118b-4795-8537-8edcd061d704","req":{"method":"GET","url":"/organizations","host":"127.0.0.1:3493","remoteAddress":"127.0.0.1","remotePort":54159},"msg":"incoming request"}
{"level":30,"time":1788739185409,"pid":68337,"hostname":"Mac-mini-de-Javier.local","reqId":"918b7c46-118b-4795-8537-8edcd061d704","res":{"statusCode":200},"responseTime":2.7091660000151023,"msg":"request completed"}
[api] {"level":30,"time":1788739185429,"pid":68337,"hostname":"Mac-mini-de-Javier.local","reqId":"ccb1eafc-b37c-4e9d-b870-d472c18c75a2","req":{"method":"GET","url":"/admin/organizations","host":"127.0.0.1:3493","remoteAddress":"127.0.0.1","remotePort":54167},"msg":"incoming request"}
[api] {"level":30,"time":1788739185431,"pid":68337,"hostname":"Mac-mini-de-Javier.local","reqId":"ccb1eafc-b37c-4e9d-b870-d472c18c75a2","res":{"statusCode":403},"responseTime":1.2600000000093132,"msg":"request completed"}
[api] {"level":30,"time":1788739185950,"pid":68337,"hostname":"Mac-mini-de-Javier.local","reqId":"62ec733f-b7a5-4460-bd1e-0c32912744a0","req":{"method":"POST","url":"/auth/refresh","host":"127.0.0.1:3493","remoteAddress":"127.0.0.1","remotePort":54180},"msg":"incoming request"}
[api] {"level":30,"time":1788739185953,"pid":68337,"hostname":"Mac-mini-de-Javier.local","reqId":"62ec733f-b7a5-4460-bd1e-0c32912744a0","res":{"statusCode":200},"responseTime":2.5143750000279397,"msg":"request completed"}
[api] {"level":30,"time":1788739185955,"pid":68337,"hostname":"Mac-mini-de-Javier.local","reqId":"30618a6b-95c2-44bb-822b-73e538eb8cc5","req":{"method":"GET","url":"/me","host":"127.0.0.1:3493","remoteAddress":"127.0.0.1","remotePort":54181},"msg":"incoming request"}
[api] {"level":30,"time":1788739185956,"pid":68337,"hostname":"Mac-mini-de-Javier.local","reqId":"30618a6b-95c2-44bb-822b-73e538eb8cc5","res":{"statusCode":200},"responseTime":1.0458749999525025,"msg":"request completed"}
[api] {"level":30,"time":1788739185956,"pid":68337,"hostname":"Mac-mini-de-Javier.local","reqId":"137eacf9-7d89-4ccc-afe4-cdd1988aeace","req":{"method":"GET","url":"/organizations","host":"127.0.0.1:3493","remoteAddress":"127.0.0.1","remotePort":54182},"msg":"incoming request"}
{"level":30,"time":1788739185957,"pid":68337,"hostname":"Mac-mini-de-Javier.local","reqId":"137eacf9-7d89-4ccc-afe4-cdd1988aeace","res":{"statusCode":200},"responseTime":1.1096249999827705,"msg":"request completed"}
[api] {"level":30,"time":1788739185973,"pid":68337,"hostname":"Mac-mini-de-Javier.local","reqId":"469bd173-ba79-4642-a3c5-2d824c8a8d1a","req":{"method":"GET","url":"/organizations/322589df-9844-47c5-b0a7-4e93fac389a7/memberships","host":"127.0.0.1:3493","remoteAddress":"127.0.0.1","remotePort":54187},"msg":"incoming request"}
[api] {"level":30,"time":1788739185975,"pid":68337,"hostname":"Mac-mini-de-Javier.local","reqId":"469bd173-ba79-4642-a3c5-2d824c8a8d1a","res":{"statusCode":200},"responseTime":2.927542000019457,"msg":"request completed"}
[api] {"level":30,"time":1788739186531,"pid":68337,"hostname":"Mac-mini-de-Javier.local","reqId":"87720e2e-bcce-4844-909b-121c3782926c","req":{"method":"POST","url":"/auth/refresh","host":"127.0.0.1:3493","remoteAddress":"127.0.0.1","remotePort":54196},"msg":"incoming request"}
[api] {"level":30,"time":1788739186535,"pid":68337,"hostname":"Mac-mini-de-Javier.local","reqId":"87720e2e-bcce-4844-909b-121c3782926c","res":{"statusCode":200},"responseTime":3.148417000018526,"msg":"request completed"}
[api] {"level":30,"time":1788739186538,"pid":68337,"hostname":"Mac-mini-de-Javier.local","reqId":"71ec423b-8d04-415a-a407-38833e0151ab","req":{"method":"GET","url":"/me","host":"127.0.0.1:3493","remoteAddress":"127.0.0.1","remotePort":54197},"msg":"incoming request"}
[api] {"level":30,"time":1788739186540,"pid":68337,"hostname":"Mac-mini-de-Javier.local","reqId":"71ec423b-8d04-415a-a407-38833e0151ab","res":{"statusCode":200},"responseTime":1.9442089999793097,"msg":"request completed"}
{"level":30,"time":1788739186540,"pid":68337,"hostname":"Mac-mini-de-Javier.local","reqId":"57dd473d-e84d-4a37-8ecf-ddfb0683032a","req":{"method":"GET","url":"/organizations","host":"127.0.0.1:3493","remoteAddress":"127.0.0.1","remotePort":54198},"msg":"incoming request"}
{"level":30,"time":1788739186541,"pid":68337,"hostname":"Mac-mini-de-Javier.local","reqId":"57dd473d-e84d-4a37-8ecf-ddfb0683032a","res":{"statusCode":200},"responseTime":1.3238750000018626,"msg":"request completed"}
[api] {"level":30,"time":1788739186556,"pid":68337,"hostname":"Mac-mini-de-Javier.local","reqId":"05ad50ed-7d20-4316-8020-0f7663d5c2d2","req":{"method":"GET","url":"/auth/2fa/status","host":"127.0.0.1:3493","remoteAddress":"127.0.0.1","remotePort":54203},"msg":"incoming request"}
[api] {"level":30,"time":1788739186557,"pid":68337,"hostname":"Mac-mini-de-Javier.local","reqId":"05ad50ed-7d20-4316-8020-0f7663d5c2d2","res":{"statusCode":200},"responseTime":1.1549579999991693,"msg":"request completed"}
{"level":30,"time":1788739186557,"pid":68337,"hostname":"Mac-mini-de-Javier.local","reqId":"67eb2109-5bd3-4a98-8bdf-c78c359cfada","req":{"method":"GET","url":"/agents/runs","host":"127.0.0.1:3493","remoteAddress":"127.0.0.1","remotePort":54204},"msg":"incoming request"}
{"level":30,"time":1788739186559,"pid":68337,"hostname":"Mac-mini-de-Javier.local","reqId":"67eb2109-5bd3-4a98-8bdf-c78c359cfada","res":{"statusCode":200},"responseTime":1.9288329999544658,"msg":"request completed"}
{"level":30,"time":1788739186559,"pid":68337,"hostname":"Mac-mini-de-Javier.local","reqId":"80ffc0ee-907f-45c4-adfa-dea44a55fa11","req":{"method":"GET","url":"/agents/tool-calls","host":"127.0.0.1:3493","remoteAddress":"127.0.0.1","remotePort":54205},"msg":"incoming request"}
{"level":30,"time":1788739186561,"pid":68337,"hostname":"Mac-mini-de-Javier.local","reqId":"80ffc0ee-907f-45c4-adfa-dea44a55fa11","res":{"statusCode":200},"responseTime":1.647499999962747,"msg":"request completed"}
[api] {"level":30,"time":1788739187080,"pid":68337,"hostname":"Mac-mini-de-Javier.local","reqId":"ea4b4eca-7eec-4363-873d-cbf60f8c2ae1","req":{"method":"POST","url":"/auth/refresh","host":"127.0.0.1:3493","remoteAddress":"127.0.0.1","remotePort":54225},"msg":"incoming request"}
[api] {"level":30,"time":1788739187082,"pid":68337,"hostname":"Mac-mini-de-Javier.local","reqId":"ea4b4eca-7eec-4363-873d-cbf60f8c2ae1","res":{"statusCode":200},"responseTime":1.9766250000102445,"msg":"request completed"}
[api] {"level":30,"time":1788739187085,"pid":68337,"hostname":"Mac-mini-de-Javier.local","reqId":"2845f5d8-7ede-49c8-bbfc-95e360d9bf83","req":{"method":"GET","url":"/me","host":"127.0.0.1:3493","remoteAddress":"127.0.0.1","remotePort":54226},"msg":"incoming request"}
[api] {"level":30,"time":1788739187086,"pid":68337,"hostname":"Mac-mini-de-Javier.local","reqId":"2845f5d8-7ede-49c8-bbfc-95e360d9bf83","res":{"statusCode":200},"responseTime":1.1644169999635778,"msg":"request completed"}
[api] {"level":30,"time":1788739187086,"pid":68337,"hostname":"Mac-mini-de-Javier.local","reqId":"b30adb39-7a54-4fc4-9948-8c744c0c86d7","req":{"method":"GET","url":"/organizations","host":"127.0.0.1:3493","remoteAddress":"127.0.0.1","remotePort":54227},"msg":"incoming request"}
{"level":30,"time":1788739187087,"pid":68337,"hostname":"Mac-mini-de-Javier.local","reqId":"b30adb39-7a54-4fc4-9948-8c744c0c86d7","res":{"statusCode":200},"responseTime":1.015750000020489,"msg":"request completed"}
[api] {"level":30,"time":1788739187100,"pid":68337,"hostname":"Mac-mini-de-Javier.local","reqId":"16f6a322-cc3d-4111-bb00-8e60f8b8effb","req":{"method":"GET","url":"/audit-log","host":"127.0.0.1:3493","remoteAddress":"127.0.0.1","remotePort":54235},"msg":"incoming request"}
[api] {"level":30,"time":1788739187102,"pid":68337,"hostname":"Mac-mini-de-Javier.local","reqId":"16f6a322-cc3d-4111-bb00-8e60f8b8effb","res":{"statusCode":200},"responseTime":2.0473750000237487,"msg":"request completed"}
[api] {"level":30,"time":1788739187634,"pid":68337,"hostname":"Mac-mini-de-Javier.local","reqId":"7ec70446-6d1f-4d43-bc73-584be89f656f","req":{"method":"POST","url":"/auth/refresh","host":"127.0.0.1:3493","remoteAddress":"127.0.0.1","remotePort":54246},"msg":"incoming request"}
[api] {"level":30,"time":1788739187637,"pid":68337,"hostname":"Mac-mini-de-Javier.local","reqId":"7ec70446-6d1f-4d43-bc73-584be89f656f","res":{"statusCode":200},"responseTime":3.2127500000060536,"msg":"request completed"}
[api] {"level":30,"time":1788739187641,"pid":68337,"hostname":"Mac-mini-de-Javier.local","reqId":"5dc72ec2-b50d-4393-b405-f6b31a1c29ab","req":{"method":"GET","url":"/me","host":"127.0.0.1:3493","remoteAddress":"127.0.0.1","remotePort":54247},"msg":"incoming request"}
[api] {"level":30,"time":1788739187643,"pid":68337,"hostname":"Mac-mini-de-Javier.local","reqId":"5dc72ec2-b50d-4393-b405-f6b31a1c29ab","res":{"statusCode":200},"responseTime":2.1831249999813735,"msg":"request completed"}
{"level":30,"time":1788739187643,"pid":68337,"hostname":"Mac-mini-de-Javier.local","reqId":"97bd73d6-6c1d-4ecc-bbf4-8e03c298c00f","req":{"method":"GET","url":"/organizations","host":"127.0.0.1:3493","remoteAddress":"127.0.0.1","remotePort":54248},"msg":"incoming request"}
{"level":30,"time":1788739187645,"pid":68337,"hostname":"Mac-mini-de-Javier.local","reqId":"97bd73d6-6c1d-4ecc-bbf4-8e03c298c00f","res":{"statusCode":200},"responseTime":2.21979200001806,"msg":"request completed"}
[api] {"level":30,"time":1788739187658,"pid":68337,"hostname":"Mac-mini-de-Javier.local","reqId":"81d66c28-3454-4eee-bf70-9b96e7c6317a","req":{"method":"GET","url":"/admin/connectors/freshness","host":"127.0.0.1:3493","remoteAddress":"127.0.0.1","remotePort":54253},"msg":"incoming request"}
[api] {"level":30,"time":1788739187660,"pid":68337,"hostname":"Mac-mini-de-Javier.local","reqId":"81d66c28-3454-4eee-bf70-9b96e7c6317a","res":{"statusCode":403},"responseTime":1.640666000021156,"msg":"request completed"}
[api] {"level":30,"time":1788739188180,"pid":68337,"hostname":"Mac-mini-de-Javier.local","reqId":"183b4411-c045-4980-9402-0cd872c552cc","req":{"method":"POST","url":"/auth/refresh","host":"127.0.0.1:3493","remoteAddress":"127.0.0.1","remotePort":54262},"msg":"incoming request"}
[api] {"level":30,"time":1788739188183,"pid":68337,"hostname":"Mac-mini-de-Javier.local","reqId":"183b4411-c045-4980-9402-0cd872c552cc","res":{"statusCode":200},"responseTime":3.347249999991618,"msg":"request completed"}
[api] {"level":30,"time":1788739188185,"pid":68337,"hostname":"Mac-mini-de-Javier.local","reqId":"eb8cb96b-a0bc-4ade-8ff4-8f3f7dd16620","req":{"method":"GET","url":"/me","host":"127.0.0.1:3493","remoteAddress":"127.0.0.1","remotePort":54263},"msg":"incoming request"}
[api] {"level":30,"time":1788739188188,"pid":68337,"hostname":"Mac-mini-de-Javier.local","reqId":"eb8cb96b-a0bc-4ade-8ff4-8f3f7dd16620","res":{"statusCode":200},"responseTime":1.9374170000082813,"msg":"request completed"}
{"level":30,"time":1788739188188,"pid":68337,"hostname":"Mac-mini-de-Javier.local","reqId":"d7b187fd-da79-4471-8c9e-543f043ad3cd","req":{"method":"GET","url":"/organizations","host":"127.0.0.1:3493","remoteAddress":"127.0.0.1","remotePort":54264},"msg":"incoming request"}
{"level":30,"time":1788739188190,"pid":68337,"hostname":"Mac-mini-de-Javier.local","reqId":"d7b187fd-da79-4471-8c9e-543f043ad3cd","res":{"statusCode":200},"responseTime":1.906375000020489,"msg":"request completed"}
[api] {"level":30,"time":1788739188202,"pid":68337,"hostname":"Mac-mini-de-Javier.local","reqId":"25c4240e-d1cd-462e-b2f2-33c0ca1acc7c","req":{"method":"GET","url":"/admin/jobs","host":"127.0.0.1:3493","remoteAddress":"127.0.0.1","remotePort":54269},"msg":"incoming request"}
[api] {"level":30,"time":1788739188205,"pid":68337,"hostname":"Mac-mini-de-Javier.local","reqId":"25c4240e-d1cd-462e-b2f2-33c0ca1acc7c","res":{"statusCode":403},"responseTime":2.0714589999988675,"msg":"request completed"}
[api] {"level":30,"time":1788739188744,"pid":68337,"hostname":"Mac-mini-de-Javier.local","reqId":"f7af7585-c419-4138-9906-2e209778d0d3","req":{"method":"POST","url":"/auth/refresh","host":"127.0.0.1:3493","remoteAddress":"127.0.0.1","remotePort":54280},"msg":"incoming request"}
[api] {"level":30,"time":1788739188749,"pid":68337,"hostname":"Mac-mini-de-Javier.local","reqId":"f7af7585-c419-4138-9906-2e209778d0d3","res":{"statusCode":200},"responseTime":4.566708999976981,"msg":"request completed"}
[api] {"level":30,"time":1788739188752,"pid":68337,"hostname":"Mac-mini-de-Javier.local","reqId":"21e9b49e-b08b-409a-a7d8-71bf583bc6f1","req":{"method":"GET","url":"/me","host":"127.0.0.1:3493","remoteAddress":"127.0.0.1","remotePort":54281},"msg":"incoming request"}
[api] {"level":30,"time":1788739188755,"pid":68337,"hostname":"Mac-mini-de-Javier.local","reqId":"21e9b49e-b08b-409a-a7d8-71bf583bc6f1","res":{"statusCode":200},"responseTime":2.3809999999939464,"msg":"request completed"}
[api] {"level":30,"time":1788739188755,"pid":68337,"hostname":"Mac-mini-de-Javier.local","reqId":"a0943806-d242-4c75-90cd-f1f07d4e8852","req":{"method":"GET","url":"/organizations","host":"127.0.0.1:3493","remoteAddress":"127.0.0.1","remotePort":54282},"msg":"incoming request"}
{"level":30,"time":1788739188758,"pid":68337,"hostname":"Mac-mini-de-Javier.local","reqId":"a0943806-d242-4c75-90cd-f1f07d4e8852","res":{"statusCode":200},"responseTime":2.3816249999799766,"msg":"request completed"}
[api] {"level":30,"time":1788739188819,"pid":68337,"hostname":"Mac-mini-de-Javier.local","reqId":"cf8f41be-b373-432c-a197-44fb62cdabd4","req":{"method":"GET","url":"/admin/costs","host":"127.0.0.1:3493","remoteAddress":"127.0.0.1","remotePort":54289},"msg":"incoming request"}
[api] {"level":30,"time":1788739188821,"pid":68337,"hostname":"Mac-mini-de-Javier.local","reqId":"cf8f41be-b373-432c-a197-44fb62cdabd4","res":{"statusCode":403},"responseTime":2.487583000038285,"msg":"request completed"}
[api] {"level":30,"time":1788739189377,"pid":68337,"hostname":"Mac-mini-de-Javier.local","reqId":"2ffc2682-8a5f-40fe-aef2-9d99d44909ae","req":{"method":"POST","url":"/auth/refresh","host":"127.0.0.1:3493","remoteAddress":"127.0.0.1","remotePort":54290},"msg":"incoming request"}
[api] {"level":30,"time":1788739189384,"pid":68337,"hostname":"Mac-mini-de-Javier.local","reqId":"2ffc2682-8a5f-40fe-aef2-9d99d44909ae","res":{"statusCode":200},"responseTime":7.131875000020955,"msg":"request completed"}
[api] {"level":30,"time":1788739189395,"pid":68337,"hostname":"Mac-mini-de-Javier.local","reqId":"595e3db3-f45b-4aa0-a81a-49674db29b83","req":{"method":"GET","url":"/me","host":"127.0.0.1:3493","remoteAddress":"127.0.0.1","remotePort":54291},"msg":"incoming request"}
{"level":30,"time":1788739189401,"pid":68337,"hostname":"Mac-mini-de-Javier.local","reqId":"595e3db3-f45b-4aa0-a81a-49674db29b83","res":{"statusCode":200},"responseTime":6.067541999975219,"msg":"request completed"}
{"level":30,"time":1788739189401,"pid":68337,"hostname":"Mac-mini-de-Javier.local","reqId":"357ed048-739b-408b-8022-007f1b29b64f","req":{"method":"GET","url":"/organizations","host":"127.0.0.1:3493","remoteAddress":"127.0.0.1","remotePort":54292},"msg":"incoming request"}
{"level":30,"time":1788739189406,"pid":68337,"hostname":"Mac-mini-de-Javier.local","reqId":"357ed048-739b-408b-8022-007f1b29b64f","res":{"statusCode":200},"responseTime":4.897457999992184,"msg":"request completed"}
[api] {"level":30,"time":1788739189450,"pid":68337,"hostname":"Mac-mini-de-Javier.local","reqId":"b085ce3d-079d-470f-acca-d8171a03e0a5","req":{"method":"GET","url":"/admin/incidents","host":"127.0.0.1:3493","remoteAddress":"127.0.0.1","remotePort":54297},"msg":"incoming request"}
[api] {"level":30,"time":1788739189454,"pid":68337,"hostname":"Mac-mini-de-Javier.local","reqId":"b085ce3d-079d-470f-acca-d8171a03e0a5","res":{"statusCode":403},"responseTime":3.798624999995809,"msg":"request completed"}
[api] {"level":30,"time":1788739189985,"pid":68337,"hostname":"Mac-mini-de-Javier.local","reqId":"ed3df776-5515-43b6-9571-15f657c40e6e","req":{"method":"POST","url":"/auth/refresh","host":"127.0.0.1:3493","remoteAddress":"127.0.0.1","remotePort":54298},"msg":"incoming request"}
[api] {"level":30,"time":1788739189988,"pid":68337,"hostname":"Mac-mini-de-Javier.local","reqId":"ed3df776-5515-43b6-9571-15f657c40e6e","res":{"statusCode":200},"responseTime":3.2344999999622814,"msg":"request completed"}
[api] {"level":30,"time":1788739189991,"pid":68337,"hostname":"Mac-mini-de-Javier.local","reqId":"3c44a580-5818-438d-b875-503f874f1e71","req":{"method":"GET","url":"/me","host":"127.0.0.1:3493","remoteAddress":"127.0.0.1","remotePort":54299},"msg":"incoming request"}
[api] {"level":30,"time":1788739189992,"pid":68337,"hostname":"Mac-mini-de-Javier.local","reqId":"3c44a580-5818-438d-b875-503f874f1e71","res":{"statusCode":200},"responseTime":1.4259170000441372,"msg":"request completed"}
[api] {"level":30,"time":1788739189993,"pid":68337,"hostname":"Mac-mini-de-Javier.local","reqId":"f1493e56-bc51-4ddb-95ed-86237309e601","req":{"method":"GET","url":"/organizations","host":"127.0.0.1:3493","remoteAddress":"127.0.0.1","remotePort":54300},"msg":"incoming request"}
{"level":30,"time":1788739189994,"pid":68337,"hostname":"Mac-mini-de-Javier.local","reqId":"f1493e56-bc51-4ddb-95ed-86237309e601","res":{"statusCode":200},"responseTime":1.740250000031665,"msg":"request completed"}
[api] {"level":30,"time":1788739190013,"pid":68337,"hostname":"Mac-mini-de-Javier.local","reqId":"3b71aee1-898f-4780-af23-55af4ba24171","req":{"method":"GET","url":"/auth/2fa/status","host":"127.0.0.1:3493","remoteAddress":"127.0.0.1","remotePort":54305},"msg":"incoming request"}
[api] {"level":30,"time":1788739190015,"pid":68337,"hostname":"Mac-mini-de-Javier.local","reqId":"3b71aee1-898f-4780-af23-55af4ba24171","res":{"statusCode":200},"responseTime":2.514958999992814,"msg":"request completed"}
[api] {"level":30,"time":1788739190016,"pid":68337,"hostname":"Mac-mini-de-Javier.local","reqId":"ff9e3bd7-ebac-494b-b3de-5531e6da0eb2","req":{"method":"GET","url":"/admin/approvals","host":"127.0.0.1:3493","remoteAddress":"127.0.0.1","remotePort":54306},"msg":"incoming request"}
{"level":30,"time":1788739190019,"pid":68337,"hostname":"Mac-mini-de-Javier.local","reqId":"ff9e3bd7-ebac-494b-b3de-5531e6da0eb2","res":{"statusCode":403},"responseTime":3.805125000013504,"msg":"request completed"}
[api] {"level":30,"time":1788739190551,"pid":68337,"hostname":"Mac-mini-de-Javier.local","reqId":"8d87c8f3-8353-443b-a38a-69ec5faf5a77","req":{"method":"POST","url":"/auth/refresh","host":"127.0.0.1:3493","remoteAddress":"127.0.0.1","remotePort":54313},"msg":"incoming request"}
{"level":30,"time":1788739190561,"pid":68337,"hostname":"Mac-mini-de-Javier.local","reqId":"8d87c8f3-8353-443b-a38a-69ec5faf5a77","res":{"statusCode":200},"responseTime":10.43625000002794,"msg":"request completed"}
[api] {"level":30,"time":1788739190568,"pid":68337,"hostname":"Mac-mini-de-Javier.local","reqId":"afc024ab-e780-4820-9c4f-7065f22fb67c","req":{"method":"GET","url":"/me","host":"127.0.0.1:3493","remoteAddress":"127.0.0.1","remotePort":54316},"msg":"incoming request"}
[api] {"level":30,"time":1788739190572,"pid":68337,"hostname":"Mac-mini-de-Javier.local","reqId":"afc024ab-e780-4820-9c4f-7065f22fb67c","res":{"statusCode":200},"responseTime":3.5250840000226162,"msg":"request completed"}
[api] {"level":30,"time":1788739190572,"pid":68337,"hostname":"Mac-mini-de-Javier.local","reqId":"2e7f5ba6-f7f6-4cc9-b6cf-bb0fd1d6d2ac","req":{"method":"GET","url":"/organizations","host":"127.0.0.1:3493","remoteAddress":"127.0.0.1","remotePort":54317},"msg":"incoming request"}
{"level":30,"time":1788739190574,"pid":68337,"hostname":"Mac-mini-de-Javier.local","reqId":"2e7f5ba6-f7f6-4cc9-b6cf-bb0fd1d6d2ac","res":{"statusCode":200},"responseTime":1.6049580000108108,"msg":"request completed"}
[api] {"level":30,"time":1788739190594,"pid":68337,"hostname":"Mac-mini-de-Javier.local","reqId":"8f6e210a-349e-4f66-8b1c-7b84d521206b","req":{"method":"GET","url":"/auth/2fa/status","host":"127.0.0.1:3493","remoteAddress":"127.0.0.1","remotePort":54325},"msg":"incoming request"}
[api] {"level":30,"time":1788739190596,"pid":68337,"hostname":"Mac-mini-de-Javier.local","reqId":"8f6e210a-349e-4f66-8b1c-7b84d521206b","res":{"statusCode":200},"responseTime":1.7715420000022277,"msg":"request completed"}
{"level":30,"time":1788739190596,"pid":68337,"hostname":"Mac-mini-de-Javier.local","reqId":"1be6d594-9b0f-4ad7-b0ec-b5efcd306051","req":{"method":"GET","url":"/mail/preferences","host":"127.0.0.1:3493","remoteAddress":"127.0.0.1","remotePort":54326},"msg":"incoming request"}
{"level":30,"time":1788739190598,"pid":68337,"hostname":"Mac-mini-de-Javier.local","reqId":"1be6d594-9b0f-4ad7-b0ec-b5efcd306051","res":{"statusCode":200},"responseTime":1.8235409999615513,"msg":"request completed"}
[api] {"level":30,"time":1788739191135,"pid":68337,"hostname":"Mac-mini-de-Javier.local","reqId":"b68d456d-022b-4fb9-90f9-36e3747dbd75","req":{"method":"POST","url":"/auth/refresh","host":"127.0.0.1:3493","remoteAddress":"127.0.0.1","remotePort":54339},"msg":"incoming request"}
[api] {"level":30,"time":1788739191140,"pid":68337,"hostname":"Mac-mini-de-Javier.local","reqId":"b68d456d-022b-4fb9-90f9-36e3747dbd75","res":{"statusCode":200},"responseTime":4.385249999992084,"msg":"request completed"}
[api] {"level":30,"time":1788739191143,"pid":68337,"hostname":"Mac-mini-de-Javier.local","reqId":"08cf0aae-5f6a-4aef-8f9d-c12bc2bebbe7","req":{"method":"GET","url":"/me","host":"127.0.0.1:3493","remoteAddress":"127.0.0.1","remotePort":54340},"msg":"incoming request"}
[api] {"level":30,"time":1788739191145,"pid":68337,"hostname":"Mac-mini-de-Javier.local","reqId":"08cf0aae-5f6a-4aef-8f9d-c12bc2bebbe7","res":{"statusCode":200},"responseTime":1.7613750000018626,"msg":"request completed"}
[api] {"level":30,"time":1788739191145,"pid":68337,"hostname":"Mac-mini-de-Javier.local","reqId":"5ed9c501-47b2-45f3-96c2-632c4afee5ea","req":{"method":"GET","url":"/organizations","host":"127.0.0.1:3493","remoteAddress":"127.0.0.1","remotePort":54341},"msg":"incoming request"}
{"level":30,"time":1788739191147,"pid":68337,"hostname":"Mac-mini-de-Javier.local","reqId":"5ed9c501-47b2-45f3-96c2-632c4afee5ea","res":{"statusCode":200},"responseTime":1.7747080000117421,"msg":"request completed"}
[api] {"level":30,"time":1788739191680,"pid":68337,"hostname":"Mac-mini-de-Javier.local","reqId":"e1dfa8d6-1c68-4850-9841-da7522724beb","req":{"method":"POST","url":"/auth/refresh","host":"127.0.0.1:3493","remoteAddress":"127.0.0.1","remotePort":54345},"msg":"incoming request"}
[api] {"level":30,"time":1788739191684,"pid":68337,"hostname":"Mac-mini-de-Javier.local","reqId":"e1dfa8d6-1c68-4850-9841-da7522724beb","res":{"statusCode":200},"responseTime":3.4104999999981374,"msg":"request completed"}
[api] {"level":30,"time":1788739191686,"pid":68337,"hostname":"Mac-mini-de-Javier.local","reqId":"3ab2af5d-706d-4968-99f3-baa3d732f5c7","req":{"method":"GET","url":"/me","host":"127.0.0.1:3493","remoteAddress":"127.0.0.1","remotePort":54346},"msg":"incoming request"}
[api] {"level":30,"time":1788739191688,"pid":68337,"hostname":"Mac-mini-de-Javier.local","reqId":"3ab2af5d-706d-4968-99f3-baa3d732f5c7","res":{"statusCode":200},"responseTime":2.466459000017494,"msg":"request completed"}
[api] {"level":30,"time":1788739191689,"pid":68337,"hostname":"Mac-mini-de-Javier.local","reqId":"ac6db89a-c8d3-4672-8b09-7e23d242808c","req":{"method":"GET","url":"/organizations","host":"127.0.0.1:3493","remoteAddress":"127.0.0.1","remotePort":54347},"msg":"incoming request"}
{"level":30,"time":1788739191691,"pid":68337,"hostname":"Mac-mini-de-Javier.local","reqId":"ac6db89a-c8d3-4672-8b09-7e23d242808c","res":{"statusCode":200},"responseTime":2.4281250000349246,"msg":"request completed"}
  [32m✓[39m  [2m 94 [22m[chromium] › e2e/recorrido.spec.ts:103:3 › Recorrido esencial (W-14) › todas las rutas del sidebar: sin scroll horizontal a 390×844[2m (16.8s)[22m
[api] {"level":30,"time":1788739193297,"pid":68337,"hostname":"Mac-mini-de-Javier.local","reqId":"c20e64d0-fb47-469b-b604-5230606330f3","req":{"method":"POST","url":"/auth/login","host":"127.0.0.1:3493","remoteAddress":"127.0.0.1","remotePort":54358},"msg":"incoming request"}
[api] {"level":30,"time":1788739193335,"pid":68337,"hostname":"Mac-mini-de-Javier.local","reqId":"c20e64d0-fb47-469b-b604-5230606330f3","res":{"statusCode":200},"responseTime":37.986083000025246,"msg":"request completed"}
[api] {"level":30,"time":1788739193337,"pid":68337,"hostname":"Mac-mini-de-Javier.local","reqId":"853c1b10-0d0c-45f3-a4d3-af86c08b1c84","req":{"method":"GET","url":"/me","host":"127.0.0.1:3493","remoteAddress":"127.0.0.1","remotePort":54359},"msg":"incoming request"}
[api] {"level":30,"time":1788739193340,"pid":68337,"hostname":"Mac-mini-de-Javier.local","reqId":"853c1b10-0d0c-45f3-a4d3-af86c08b1c84","res":{"statusCode":200},"responseTime":2.2507500000065193,"msg":"request completed"}
[api] {"level":30,"time":1788739193341,"pid":68337,"hostname":"Mac-mini-de-Javier.local","reqId":"7e25af83-a942-4980-94a4-d00f272d00aa","req":{"method":"GET","url":"/organizations","host":"127.0.0.1:3493","remoteAddress":"127.0.0.1","remotePort":54360},"msg":"incoming request"}
{"level":30,"time":1788739193342,"pid":68337,"hostname":"Mac-mini-de-Javier.local","reqId":"7e25af83-a942-4980-94a4-d00f272d00aa","res":{"statusCode":200},"responseTime":1.3648750000284053,"msg":"request completed"}
[api] {"level":30,"time":1788739193389,"pid":68337,"hostname":"Mac-mini-de-Javier.local","reqId":"4d4bc68e-79ed-46d5-981f-c70b43f0ded4","req":{"method":"GET","url":"/tenders?limit=100","host":"127.0.0.1:3493","remoteAddress":"127.0.0.1","remotePort":54364},"msg":"incoming request"}
[api] {"level":30,"time":1788739193394,"pid":68337,"hostname":"Mac-mini-de-Javier.local","reqId":"4d4bc68e-79ed-46d5-981f-c70b43f0ded4","res":{"statusCode":200},"responseTime":4.507500000006985,"msg":"request completed"}
{"level":30,"time":1788739193394,"pid":68337,"hostname":"Mac-mini-de-Javier.local","reqId":"5d0c8513-593e-4993-9137-31c9b6913aae","req":{"method":"GET","url":"/matching/tenders","host":"127.0.0.1:3493","remoteAddress":"127.0.0.1","remotePort":54365},"msg":"incoming request"}
{"level":30,"time":1788739193408,"pid":68337,"hostname":"Mac-mini-de-Javier.local","reqId":"5d0c8513-593e-4993-9137-31c9b6913aae","res":{"statusCode":200},"responseTime":13.012708999973256,"msg":"request completed"}
{"level":30,"time":1788739193408,"pid":68337,"hostname":"Mac-mini-de-Javier.local","reqId":"706b3d08-86de-4564-b5f0-c7ad4724cd29","req":{"method":"GET","url":"/company/rates","host":"127.0.0.1:3493","remoteAddress":"127.0.0.1","remotePort":54366},"msg":"incoming request"}
{"level":30,"time":1788739193412,"pid":68337,"hostname":"Mac-mini-de-Javier.local","reqId":"706b3d08-86de-4564-b5f0-c7ad4724cd29","res":{"statusCode":200},"responseTime":4.287707999988925,"msg":"request completed"}
{"level":30,"time":1788739193412,"pid":68337,"hostname":"Mac-mini-de-Javier.local","reqId":"5b02f48c-d7d2-487a-aaed-6d7106ecd6ed","req":{"method":"GET","url":"/expediente/post-award-alerts","host":"127.0.0.1:3493","remoteAddress":"127.0.0.1","remotePort":54367},"msg":"incoming request"}
{"level":30,"time":1788739193417,"pid":68337,"hostname":"Mac-mini-de-Javier.local","reqId":"5b02f48c-d7d2-487a-aaed-6d7106ecd6ed","res":{"statusCode":200},"responseTime":4.882000000041444,"msg":"request completed"}
{"level":30,"time":1788739193418,"pid":68337,"hostname":"Mac-mini-de-Javier.local","reqId":"c22a468e-d6d4-4d73-94db-404e6004a248","req":{"method":"GET","url":"/audit-log","host":"127.0.0.1:3493","remoteAddress":"127.0.0.1","remotePort":54368},"msg":"incoming request"}
{"level":30,"time":1788739193425,"pid":68337,"hostname":"Mac-mini-de-Javier.local","reqId":"c22a468e-d6d4-4d73-94db-404e6004a248","res":{"statusCode":200},"responseTime":6.637125000008382,"msg":"request completed"}
[api] {"level":30,"time":1788739193425,"pid":68337,"hostname":"Mac-mini-de-Javier.local","reqId":"be39b363-8b9f-429b-9cf9-5e4773f08a66","req":{"method":"GET","url":"/company/profile","host":"127.0.0.1:3493","remoteAddress":"127.0.0.1","remotePort":54369},"msg":"incoming request"}
{"level":30,"time":1788739193427,"pid":68337,"hostname":"Mac-mini-de-Javier.local","reqId":"be39b363-8b9f-429b-9cf9-5e4773f08a66","res":{"statusCode":200},"responseTime":2.04829200002132,"msg":"request completed"}
[api] {"level":30,"time":1788739193427,"pid":68337,"hostname":"Mac-mini-de-Javier.local","reqId":"5cf5407d-f5f8-4acd-8e75-957bafc22b55","req":{"method":"GET","url":"/company/documents","host":"127.0.0.1:3493","remoteAddress":"127.0.0.1","remotePort":54371},"msg":"incoming request"}
{"level":30,"time":1788739193429,"pid":68337,"hostname":"Mac-mini-de-Javier.local","reqId":"5cf5407d-f5f8-4acd-8e75-957bafc22b55","res":{"statusCode":200},"responseTime":1.7588749999995343,"msg":"request completed"}
[api] {"level":30,"time":1788739193429,"pid":68337,"hostname":"Mac-mini-de-Javier.local","reqId":"63c48049-84bf-45d2-a010-3c555bf00867","req":{"method":"GET","url":"/tenders?limit=1","host":"127.0.0.1:3493","remoteAddress":"127.0.0.1","remotePort":54374},"msg":"incoming request"}
{"level":30,"time":1788739193432,"pid":68337,"hostname":"Mac-mini-de-Javier.local","reqId":"63c48049-84bf-45d2-a010-3c555bf00867","res":{"statusCode":200},"responseTime":2.047041999991052,"msg":"request completed"}
[api] {"level":30,"time":1788739193432,"pid":68337,"hostname":"Mac-mini-de-Javier.local","reqId":"3f10a358-8754-47be-8b86-99fb62177f40","req":{"method":"GET","url":"/auth/2fa/status","host":"127.0.0.1:3493","remoteAddress":"127.0.0.1","remotePort":54375},"msg":"incoming request"}
{"level":30,"time":1788739193433,"pid":68337,"hostname":"Mac-mini-de-Javier.local","reqId":"3f10a358-8754-47be-8b86-99fb62177f40","res":{"statusCode":200},"responseTime":0.7242079999996349,"msg":"request completed"}
  [32m✓[39m  [2m 95 [22m[chromium] › e2e/ronda3-flujo-real.spec.ts:61:3 › Ronda 3 — recorrido real contra apps/api › login con credenciales reales del seed redirige a /panel[2m (1.2s)[22m
[api] {"level":30,"time":1788739193531,"pid":68337,"hostname":"Mac-mini-de-Javier.local","reqId":"7c6eb994-9001-4fa6-979b-057a745aaa80","req":{"method":"POST","url":"/auth/refresh","host":"127.0.0.1:3493","remoteAddress":"127.0.0.1","remotePort":54377},"msg":"incoming request"}
[api] {"level":30,"time":1788739193535,"pid":68337,"hostname":"Mac-mini-de-Javier.local","reqId":"7c6eb994-9001-4fa6-979b-057a745aaa80","res":{"statusCode":200},"responseTime":3.3414580000098795,"msg":"request completed"}
[api] {"level":30,"time":1788739193538,"pid":68337,"hostname":"Mac-mini-de-Javier.local","reqId":"75c5563b-27fe-4fbc-bc65-5827ab7d6361","req":{"method":"GET","url":"/me","host":"127.0.0.1:3493","remoteAddress":"127.0.0.1","remotePort":54378},"msg":"incoming request"}
[api] {"level":30,"time":1788739193541,"pid":68337,"hostname":"Mac-mini-de-Javier.local","reqId":"75c5563b-27fe-4fbc-bc65-5827ab7d6361","res":{"statusCode":200},"responseTime":2.5507079999661073,"msg":"request completed"}
[api] {"level":30,"time":1788739193541,"pid":68337,"hostname":"Mac-mini-de-Javier.local","reqId":"81ed36f1-6da1-48f7-9617-7909dd2b1b4f","req":{"method":"GET","url":"/organizations","host":"127.0.0.1:3493","remoteAddress":"127.0.0.1","remotePort":54379},"msg":"incoming request"}
{"level":30,"time":1788739193544,"pid":68337,"hostname":"Mac-mini-de-Javier.local","reqId":"81ed36f1-6da1-48f7-9617-7909dd2b1b4f","res":{"statusCode":200},"responseTime":2.284209000004921,"msg":"request completed"}
[api] {"level":30,"time":1788739193574,"pid":68337,"hostname":"Mac-mini-de-Javier.local","reqId":"f6d2f50b-4c79-4c0c-8a8f-79ef28a73bae","req":{"method":"GET","url":"/tenders?limit=100","host":"127.0.0.1:3493","remoteAddress":"127.0.0.1","remotePort":54385},"msg":"incoming request"}
[api] {"level":30,"time":1788739193576,"pid":68337,"hostname":"Mac-mini-de-Javier.local","reqId":"f6d2f50b-4c79-4c0c-8a8f-79ef28a73bae","res":{"statusCode":200},"responseTime":1.7851249999948777,"msg":"request completed"}
{"level":30,"time":1788739193576,"pid":68337,"hostname":"Mac-mini-de-Javier.local","reqId":"3a5347bd-a68b-44f2-a032-f2ebf2fe524e","req":{"method":"GET","url":"/matching/tenders","host":"127.0.0.1:3493","remoteAddress":"127.0.0.1","remotePort":54386},"msg":"incoming request"}
{"level":30,"time":1788739193583,"pid":68337,"hostname":"Mac-mini-de-Javier.local","reqId":"3a5347bd-a68b-44f2-a032-f2ebf2fe524e","res":{"statusCode":200},"responseTime":6.53570900001796,"msg":"request completed"}
{"level":30,"time":1788739193583,"pid":68337,"hostname":"Mac-mini-de-Javier.local","reqId":"4c706fa7-9925-4671-b22a-4d41b24f0ff6","req":{"method":"GET","url":"/company/rates","host":"127.0.0.1:3493","remoteAddress":"127.0.0.1","remotePort":54387},"msg":"incoming request"}
{"level":30,"time":1788739193586,"pid":68337,"hostname":"Mac-mini-de-Javier.local","reqId":"4c706fa7-9925-4671-b22a-4d41b24f0ff6","res":{"statusCode":200},"responseTime":2.291625000012573,"msg":"request completed"}
{"level":30,"time":1788739193586,"pid":68337,"hostname":"Mac-mini-de-Javier.local","reqId":"b5419a92-f1b4-4d1f-91d1-e0221f8eebec","req":{"method":"GET","url":"/expediente/post-award-alerts","host":"127.0.0.1:3493","remoteAddress":"127.0.0.1","remotePort":54388},"msg":"incoming request"}
{"level":30,"time":1788739193590,"pid":68337,"hostname":"Mac-mini-de-Javier.local","reqId":"b5419a92-f1b4-4d1f-91d1-e0221f8eebec","res":{"statusCode":200},"responseTime":4.733707999985199,"msg":"request completed"}
{"level":30,"time":1788739193591,"pid":68337,"hostname":"Mac-mini-de-Javier.local","reqId":"7b72c10d-e3bb-4190-aadd-e46af2aeecd2","req":{"method":"GET","url":"/audit-log","host":"127.0.0.1:3493","remoteAddress":"127.0.0.1","remotePort":54389},"msg":"incoming request"}
{"level":30,"time":1788739193599,"pid":68337,"hostname":"Mac-mini-de-Javier.local","reqId":"7b72c10d-e3bb-4190-aadd-e46af2aeecd2","res":{"statusCode":200},"responseTime":8.817458000034094,"msg":"request completed"}
[api] {"level":30,"time":1788739193600,"pid":68337,"hostname":"Mac-mini-de-Javier.local","reqId":"cd651b54-6fd9-457c-94f2-25c28479a974","req":{"method":"GET","url":"/company/profile","host":"127.0.0.1:3493","remoteAddress":"127.0.0.1","remotePort":54390},"msg":"incoming request"}
{"level":30,"time":1788739193603,"pid":68337,"hostname":"Mac-mini-de-Javier.local","reqId":"cd651b54-6fd9-457c-94f2-25c28479a974","res":{"statusCode":200},"responseTime":3.2517079999670386,"msg":"request completed"}
[api] {"level":30,"time":1788739193604,"pid":68337,"hostname":"Mac-mini-de-Javier.local","reqId":"95d53dfd-d699-4bb9-8e61-ecce1c2d4c68","req":{"method":"GET","url":"/company/documents","host":"127.0.0.1:3493","remoteAddress":"127.0.0.1","remotePort":54392},"msg":"incoming request"}
{"level":30,"time":1788739193609,"pid":68337,"hostname":"Mac-mini-de-Javier.local","reqId":"95d53dfd-d699-4bb9-8e61-ecce1c2d4c68","res":{"statusCode":200},"responseTime":4.289166999980807,"msg":"request completed"}
[api] {"level":30,"time":1788739193610,"pid":68337,"hostname":"Mac-mini-de-Javier.local","reqId":"c3f7a586-584f-40c4-a9c3-1ce6e54f3d2f","req":{"method":"GET","url":"/tenders?limit=1","host":"127.0.0.1:3493","remoteAddress":"127.0.0.1","remotePort":54394},"msg":"incoming request"}
{"level":30,"time":1788739193616,"pid":68337,"hostname":"Mac-mini-de-Javier.local","reqId":"c3f7a586-584f-40c4-a9c3-1ce6e54f3d2f","res":{"statusCode":200},"responseTime":6.566500000015367,"msg":"request completed"}
[api] {"level":30,"time":1788739193616,"pid":68337,"hostname":"Mac-mini-de-Javier.local","reqId":"e807ab9b-74ca-4029-859c-42766b98f503","req":{"method":"GET","url":"/auth/2fa/status","host":"127.0.0.1:3493","remoteAddress":"127.0.0.1","remotePort":54396},"msg":"incoming request"}
{"level":30,"time":1788739193620,"pid":68337,"hostname":"Mac-mini-de-Javier.local","reqId":"e807ab9b-74ca-4029-859c-42766b98f503","res":{"statusCode":200},"responseTime":3.1896249999990687,"msg":"request completed"}
[api] {"level":30,"time":1788739194437,"pid":68337,"hostname":"Mac-mini-de-Javier.local","reqId":"664cd9e1-994c-4c7d-a07d-a84bf3fd7e56","req":{"method":"GET","url":"/tenders?limit=100","host":"127.0.0.1:3493","remoteAddress":"127.0.0.1","remotePort":54403},"msg":"incoming request"}
[api] {"level":30,"time":1788739194442,"pid":68337,"hostname":"Mac-mini-de-Javier.local","reqId":"664cd9e1-994c-4c7d-a07d-a84bf3fd7e56","res":{"statusCode":200},"responseTime":4.586790999979712,"msg":"request completed"}
{"level":30,"time":1788739194442,"pid":68337,"hostname":"Mac-mini-de-Javier.local","reqId":"11e35128-c8d4-4cd4-986c-c87a42d06d10","req":{"method":"GET","url":"/matching/tenders","host":"127.0.0.1:3493","remoteAddress":"127.0.0.1","remotePort":54404},"msg":"incoming request"}
{"level":30,"time":1788739194449,"pid":68337,"hostname":"Mac-mini-de-Javier.local","reqId":"11e35128-c8d4-4cd4-986c-c87a42d06d10","res":{"statusCode":200},"responseTime":6.769416999944951,"msg":"request completed"}
{"level":30,"time":1788739194449,"pid":68337,"hostname":"Mac-mini-de-Javier.local","reqId":"61152b9a-f3f1-4dfa-be4e-fb644d97d5fd","req":{"method":"GET","url":"/company/rates","host":"127.0.0.1:3493","remoteAddress":"127.0.0.1","remotePort":54405},"msg":"incoming request"}
{"level":30,"time":1788739194454,"pid":68337,"hostname":"Mac-mini-de-Javier.local","reqId":"61152b9a-f3f1-4dfa-be4e-fb644d97d5fd","res":{"statusCode":200},"responseTime":4.960375000024214,"msg":"request completed"}
{"level":30,"time":1788739194455,"pid":68337,"hostname":"Mac-mini-de-Javier.local","reqId":"6836275e-e72c-4de3-8bb8-d9e0a90012c2","req":{"method":"GET","url":"/expediente/post-award-alerts","host":"127.0.0.1:3493","remoteAddress":"127.0.0.1","remotePort":54406},"msg":"incoming request"}
{"level":30,"time":1788739194458,"pid":68337,"hostname":"Mac-mini-de-Javier.local","reqId":"6836275e-e72c-4de3-8bb8-d9e0a90012c2","res":{"statusCode":200},"responseTime":3.348958999966271,"msg":"request completed"}
{"level":30,"time":1788739194458,"pid":68337,"hostname":"Mac-mini-de-Javier.local","reqId":"2dfd46b6-36e1-477f-b265-b46f9e3144b3","req":{"method":"GET","url":"/audit-log","host":"127.0.0.1:3493","remoteAddress":"127.0.0.1","remotePort":54407},"msg":"incoming request"}
{"level":30,"time":1788739194462,"pid":68337,"hostname":"Mac-mini-de-Javier.local","reqId":"2dfd46b6-36e1-477f-b265-b46f9e3144b3","res":{"statusCode":200},"responseTime":2.660875000001397,"msg":"request completed"}
[api] {"level":30,"time":1788739194462,"pid":68337,"hostname":"Mac-mini-de-Javier.local","reqId":"bb5a8ce0-075d-4585-b314-8de4ab6fc934","req":{"method":"GET","url":"/company/profile","host":"127.0.0.1:3493","remoteAddress":"127.0.0.1","remotePort":54408},"msg":"incoming request"}
{"level":30,"time":1788739194467,"pid":68337,"hostname":"Mac-mini-de-Javier.local","reqId":"bb5a8ce0-075d-4585-b314-8de4ab6fc934","res":{"statusCode":200},"responseTime":4.056707999960054,"msg":"request completed"}
[api] {"level":30,"time":1788739194467,"pid":68337,"hostname":"Mac-mini-de-Javier.local","reqId":"b0531a7f-41b2-44f0-9aae-698db23865b9","req":{"method":"GET","url":"/company/documents","host":"127.0.0.1:3493","remoteAddress":"127.0.0.1","remotePort":54410},"msg":"incoming request"}
{"level":30,"time":1788739194470,"pid":68337,"hostname":"Mac-mini-de-Javier.local","reqId":"b0531a7f-41b2-44f0-9aae-698db23865b9","res":{"statusCode":200},"responseTime":3.2492910000146367,"msg":"request completed"}
[api] {"level":30,"time":1788739194471,"pid":68337,"hostname":"Mac-mini-de-Javier.local","reqId":"b60c32bd-838b-4aad-9d61-0affcb975be5","req":{"method":"GET","url":"/tenders?limit=1","host":"127.0.0.1:3493","remoteAddress":"127.0.0.1","remotePort":54412},"msg":"incoming request"}
{"level":30,"time":1788739194475,"pid":68337,"hostname":"Mac-mini-de-Javier.local","reqId":"b60c32bd-838b-4aad-9d61-0affcb975be5","res":{"statusCode":200},"responseTime":3.8509159999666736,"msg":"request completed"}
[api] {"level":30,"time":1788739194899,"pid":68337,"hostname":"Mac-mini-de-Javier.local","reqId":"b453a65e-dc29-4a93-a9a9-9ab8871c8bee","req":{"method":"GET","url":"/tenders?limit=100","host":"127.0.0.1:3493","remoteAddress":"127.0.0.1","remotePort":54419},"msg":"incoming request"}
[api] {"level":30,"time":1788739194903,"pid":68337,"hostname":"Mac-mini-de-Javier.local","reqId":"b453a65e-dc29-4a93-a9a9-9ab8871c8bee","res":{"statusCode":200},"responseTime":3.935583000013139,"msg":"request completed"}
{"level":30,"time":1788739194903,"pid":68337,"hostname":"Mac-mini-de-Javier.local","reqId":"1edcb876-5278-42ce-bda1-803784f19144","req":{"method":"GET","url":"/matching/tenders","host":"127.0.0.1:3493","remoteAddress":"127.0.0.1","remotePort":54420},"msg":"incoming request"}
{"level":30,"time":1788739194906,"pid":68337,"hostname":"Mac-mini-de-Javier.local","reqId":"1edcb876-5278-42ce-bda1-803784f19144","res":{"statusCode":200},"responseTime":2.9070409999694675,"msg":"request completed"}
{"level":30,"time":1788739194907,"pid":68337,"hostname":"Mac-mini-de-Javier.local","reqId":"01500c9b-25a3-4e8c-90ec-35c1f2f9cdf1","req":{"method":"GET","url":"/company/rates","host":"127.0.0.1:3493","remoteAddress":"127.0.0.1","remotePort":54421},"msg":"incoming request"}
{"level":30,"time":1788739194908,"pid":68337,"hostname":"Mac-mini-de-Javier.local","reqId":"01500c9b-25a3-4e8c-90ec-35c1f2f9cdf1","res":{"statusCode":200},"responseTime":1.6179999999585561,"msg":"request completed"}
[api] {"level":30,"time":1788739194908,"pid":68337,"hostname":"Mac-mini-de-Javier.local","reqId":"d773b859-d46f-4f39-912f-6f4974fa7810","req":{"method":"GET","url":"/expediente/post-award-alerts","host":"127.0.0.1:3493","remoteAddress":"127.0.0.1","remotePort":54422},"msg":"incoming request"}
[api] {"level":30,"time":1788739194910,"pid":68337,"hostname":"Mac-mini-de-Javier.local","reqId":"d773b859-d46f-4f39-912f-6f4974fa7810","res":{"statusCode":200},"responseTime":1.7542089999769814,"msg":"request completed"}
[api] {"level":30,"time":1788739194911,"pid":68337,"hostname":"Mac-mini-de-Javier.local","reqId":"9fa075ce-7cca-41c5-ac19-88ab16bb0e33","req":{"method":"GET","url":"/audit-log","host":"127.0.0.1:3493","remoteAddress":"127.0.0.1","remotePort":54423},"msg":"incoming request"}
{"level":30,"time":1788739194915,"pid":68337,"hostname":"Mac-mini-de-Javier.local","reqId":"9fa075ce-7cca-41c5-ac19-88ab16bb0e33","res":{"statusCode":200},"responseTime":3.9029999999911524,"msg":"request completed"}
[api] {"level":30,"time":1788739194915,"pid":68337,"hostname":"Mac-mini-de-Javier.local","reqId":"1d5f4b65-cff8-4f00-ba2a-48bf24e61366","req":{"method":"GET","url":"/company/profile","host":"127.0.0.1:3493","remoteAddress":"127.0.0.1","remotePort":54424},"msg":"incoming request"}
{"level":30,"time":1788739194919,"pid":68337,"hostname":"Mac-mini-de-Javier.local","reqId":"1d5f4b65-cff8-4f00-ba2a-48bf24e61366","res":{"statusCode":200},"responseTime":4.33016700000735,"msg":"request completed"}
[api] {"level":30,"time":1788739194920,"pid":68337,"hostname":"Mac-mini-de-Javier.local","reqId":"2cadef63-b1da-4492-bbc7-09afeb56c868","req":{"method":"GET","url":"/company/documents","host":"127.0.0.1:3493","remoteAddress":"127.0.0.1","remotePort":54426},"msg":"incoming request"}
{"level":30,"time":1788739194924,"pid":68337,"hostname":"Mac-mini-de-Javier.local","reqId":"2cadef63-b1da-4492-bbc7-09afeb56c868","res":{"statusCode":200},"responseTime":4.051291999989189,"msg":"request completed"}
[api] {"level":30,"time":1788739194925,"pid":68337,"hostname":"Mac-mini-de-Javier.local","reqId":"862a7696-0767-4679-ba55-7634d467ef8f","req":{"method":"GET","url":"/tenders?limit=1","host":"127.0.0.1:3493","remoteAddress":"127.0.0.1","remotePort":54428},"msg":"incoming request"}
{"level":30,"time":1788739194927,"pid":68337,"hostname":"Mac-mini-de-Javier.local","reqId":"862a7696-0767-4679-ba55-7634d467ef8f","res":{"statusCode":200},"responseTime":1.9984169999952428,"msg":"request completed"}
  [32m✓[39m  [2m 96 [22m[chromium] › e2e/ronda3-flujo-real.spec.ts:73:5 › Ronda 3 — recorrido real contra apps/api › como admin (owner de ambas organizaciones del seed) › cambia de organización con el selector real (X-Org-Id)[2m (1.6s)[22m
[api] {"level":30,"time":1788739195158,"pid":68337,"hostname":"Mac-mini-de-Javier.local","reqId":"5f0b219f-39e2-46ed-880d-24038f0b520c","req":{"method":"POST","url":"/auth/refresh","host":"127.0.0.1:3493","remoteAddress":"127.0.0.1","remotePort":54433},"msg":"incoming request"}
[api] {"level":30,"time":1788739195160,"pid":68337,"hostname":"Mac-mini-de-Javier.local","reqId":"5f0b219f-39e2-46ed-880d-24038f0b520c","res":{"statusCode":200},"responseTime":2.5562909999862313,"msg":"request completed"}
[api] {"level":30,"time":1788739195163,"pid":68337,"hostname":"Mac-mini-de-Javier.local","reqId":"4ed5625b-5643-416f-8c75-639a982cfa4c","req":{"method":"GET","url":"/me","host":"127.0.0.1:3493","remoteAddress":"127.0.0.1","remotePort":54434},"msg":"incoming request"}
[api] {"level":30,"time":1788739195164,"pid":68337,"hostname":"Mac-mini-de-Javier.local","reqId":"4ed5625b-5643-416f-8c75-639a982cfa4c","res":{"statusCode":200},"responseTime":1.4928749999962747,"msg":"request completed"}
[api] {"level":30,"time":1788739195164,"pid":68337,"hostname":"Mac-mini-de-Javier.local","reqId":"7152f567-6405-4d24-a5a2-55e5dcb806cb","req":{"method":"GET","url":"/organizations","host":"127.0.0.1:3493","remoteAddress":"127.0.0.1","remotePort":54435},"msg":"incoming request"}
{"level":30,"time":1788739195166,"pid":68337,"hostname":"Mac-mini-de-Javier.local","reqId":"7152f567-6405-4d24-a5a2-55e5dcb806cb","res":{"statusCode":200},"responseTime":1.6791669999947771,"msg":"request completed"}
[api] {"level":30,"time":1788739195194,"pid":68337,"hostname":"Mac-mini-de-Javier.local","reqId":"eb3b85e1-a52c-4a32-b86c-59100cf3c93a","req":{"method":"GET","url":"/tenders?limit=100","host":"127.0.0.1:3493","remoteAddress":"127.0.0.1","remotePort":54441},"msg":"incoming request"}
[api] {"level":30,"time":1788739195196,"pid":68337,"hostname":"Mac-mini-de-Javier.local","reqId":"eb3b85e1-a52c-4a32-b86c-59100cf3c93a","res":{"statusCode":200},"responseTime":2.43525000003865,"msg":"request completed"}
{"level":30,"time":1788739195196,"pid":68337,"hostname":"Mac-mini-de-Javier.local","reqId":"d85d9366-25d6-43f5-a54a-ec0dab60f269","req":{"method":"GET","url":"/matching/tenders","host":"127.0.0.1:3493","remoteAddress":"127.0.0.1","remotePort":54442},"msg":"incoming request"}
{"level":30,"time":1788739195202,"pid":68337,"hostname":"Mac-mini-de-Javier.local","reqId":"d85d9366-25d6-43f5-a54a-ec0dab60f269","res":{"statusCode":200},"responseTime":5.720415999996476,"msg":"request completed"}
{"level":30,"time":1788739195202,"pid":68337,"hostname":"Mac-mini-de-Javier.local","reqId":"819bc21f-04b3-45cc-a3bb-29af060e067c","req":{"method":"GET","url":"/company/rates","host":"127.0.0.1:3493","remoteAddress":"127.0.0.1","remotePort":54443},"msg":"incoming request"}
{"level":30,"time":1788739195204,"pid":68337,"hostname":"Mac-mini-de-Javier.local","reqId":"819bc21f-04b3-45cc-a3bb-29af060e067c","res":{"statusCode":200},"responseTime":2.0195419999654405,"msg":"request completed"}
{"level":30,"time":1788739195204,"pid":68337,"hostname":"Mac-mini-de-Javier.local","reqId":"636eac5c-132a-4b82-b95a-10bf8ebad208","req":{"method":"GET","url":"/expediente/post-award-alerts","host":"127.0.0.1:3493","remoteAddress":"127.0.0.1","remotePort":54444},"msg":"incoming request"}
{"level":30,"time":1788739195206,"pid":68337,"hostname":"Mac-mini-de-Javier.local","reqId":"636eac5c-132a-4b82-b95a-10bf8ebad208","res":{"statusCode":200},"responseTime":1.8889999999664724,"msg":"request completed"}
{"level":30,"time":1788739195206,"pid":68337,"hostname":"Mac-mini-de-Javier.local","reqId":"1409f4e5-bbd3-48f1-9985-1d3a781331a0","req":{"method":"GET","url":"/audit-log","host":"127.0.0.1:3493","remoteAddress":"127.0.0.1","remotePort":54445},"msg":"incoming request"}
{"level":30,"time":1788739195211,"pid":68337,"hostname":"Mac-mini-de-Javier.local","reqId":"1409f4e5-bbd3-48f1-9985-1d3a781331a0","res":{"statusCode":200},"responseTime":4.462375000002794,"msg":"request completed"}
{"level":30,"time":1788739195211,"pid":68337,"hostname":"Mac-mini-de-Javier.local","reqId":"8de7fd49-e0d3-488c-b4d4-be5c1a2bb934","req":{"method":"GET","url":"/company/profile","host":"127.0.0.1:3493","remoteAddress":"127.0.0.1","remotePort":54446},"msg":"incoming request"}
{"level":30,"time":1788739195215,"pid":68337,"hostname":"Mac-mini-de-Javier.local","reqId":"8de7fd49-e0d3-488c-b4d4-be5c1a2bb934","res":{"statusCode":200},"responseTime":4.363083000003826,"msg":"request completed"}
[api] {"level":30,"time":1788739195217,"pid":68337,"hostname":"Mac-mini-de-Javier.local","reqId":"28e019d1-8c1f-4596-8e93-e7b02a0f3501","req":{"method":"GET","url":"/company/documents","host":"127.0.0.1:3493","remoteAddress":"127.0.0.1","remotePort":54448},"msg":"incoming request"}
[api] {"level":30,"time":1788739195222,"pid":68337,"hostname":"Mac-mini-de-Javier.local","reqId":"28e019d1-8c1f-4596-8e93-e7b02a0f3501","res":{"statusCode":200},"responseTime":4.864375000004657,"msg":"request completed"}
[api] {"level":30,"time":1788739195222,"pid":68337,"hostname":"Mac-mini-de-Javier.local","reqId":"6210ae2e-260b-4f95-afb0-18a1ccc6573d","req":{"method":"GET","url":"/tenders?limit=1","host":"127.0.0.1:3493","remoteAddress":"127.0.0.1","remotePort":54450},"msg":"incoming request"}
{"level":30,"time":1788739195224,"pid":68337,"hostname":"Mac-mini-de-Javier.local","reqId":"6210ae2e-260b-4f95-afb0-18a1ccc6573d","res":{"statusCode":200},"responseTime":2.5799170000245795,"msg":"request completed"}
[api] {"level":30,"time":1788739195224,"pid":68337,"hostname":"Mac-mini-de-Javier.local","reqId":"7dbbc362-c0f9-458c-a62c-8c65a34b9b6f","req":{"method":"GET","url":"/auth/2fa/status","host":"127.0.0.1:3493","remoteAddress":"127.0.0.1","remotePort":54452},"msg":"incoming request"}
{"level":30,"time":1788739195226,"pid":68337,"hostname":"Mac-mini-de-Javier.local","reqId":"7dbbc362-c0f9-458c-a62c-8c65a34b9b6f","res":{"statusCode":200},"responseTime":1.325416999985464,"msg":"request completed"}
[api] {"level":30,"time":1788739195757,"pid":68337,"hostname":"Mac-mini-de-Javier.local","reqId":"bb856e35-65bb-4bf2-be8a-32eccbd18b7c","req":{"method":"POST","url":"/auth/refresh","host":"127.0.0.1:3493","remoteAddress":"127.0.0.1","remotePort":54457},"msg":"incoming request"}
[api] {"level":30,"time":1788739195759,"pid":68337,"hostname":"Mac-mini-de-Javier.local","reqId":"bb856e35-65bb-4bf2-be8a-32eccbd18b7c","res":{"statusCode":200},"responseTime":2.0460000000311993,"msg":"request completed"}
[api] {"level":30,"time":1788739195762,"pid":68337,"hostname":"Mac-mini-de-Javier.local","reqId":"fb1be488-dabb-4522-ae55-8920493f036f","req":{"method":"GET","url":"/me","host":"127.0.0.1:3493","remoteAddress":"127.0.0.1","remotePort":54458},"msg":"incoming request"}
[api] {"level":30,"time":1788739195763,"pid":68337,"hostname":"Mac-mini-de-Javier.local","reqId":"fb1be488-dabb-4522-ae55-8920493f036f","res":{"statusCode":200},"responseTime":1.4170000000158325,"msg":"request completed"}
{"level":30,"time":1788739195763,"pid":68337,"hostname":"Mac-mini-de-Javier.local","reqId":"9675097d-0467-4d32-aca7-612e59d8379b","req":{"method":"GET","url":"/organizations","host":"127.0.0.1:3493","remoteAddress":"127.0.0.1","remotePort":54459},"msg":"incoming request"}
{"level":30,"time":1788739195765,"pid":68337,"hostname":"Mac-mini-de-Javier.local","reqId":"9675097d-0467-4d32-aca7-612e59d8379b","res":{"statusCode":200},"responseTime":1.3038339999620803,"msg":"request completed"}
[api] {"level":30,"time":1788739195781,"pid":68337,"hostname":"Mac-mini-de-Javier.local","reqId":"19a9e75d-d135-4713-a0a2-aa3902b3b673","req":{"method":"GET","url":"/company/profile","host":"127.0.0.1:3493","remoteAddress":"127.0.0.1","remotePort":54465},"msg":"incoming request"}
[api] {"level":30,"time":1788739195783,"pid":68337,"hostname":"Mac-mini-de-Javier.local","reqId":"19a9e75d-d135-4713-a0a2-aa3902b3b673","res":{"statusCode":200},"responseTime":2.2896250000339933,"msg":"request completed"}
{"level":30,"time":1788739195784,"pid":68337,"hostname":"Mac-mini-de-Javier.local","reqId":"220f3b00-366f-4f08-b63b-c2b11b73d631","req":{"method":"GET","url":"/company/capabilities","host":"127.0.0.1:3493","remoteAddress":"127.0.0.1","remotePort":54466},"msg":"incoming request"}
{"level":30,"time":1788739195788,"pid":68337,"hostname":"Mac-mini-de-Javier.local","reqId":"220f3b00-366f-4f08-b63b-c2b11b73d631","res":{"statusCode":200},"responseTime":4.494624999992084,"msg":"request completed"}
[api] {"level":30,"time":1788739196339,"pid":68337,"hostname":"Mac-mini-de-Javier.local","reqId":"6d38e736-d0b4-427c-ad13-408b0189c34b","req":{"method":"PUT","url":"/company/profile","host":"127.0.0.1:3493","remoteAddress":"127.0.0.1","remotePort":54467},"msg":"incoming request"}
[api] {"level":30,"time":1788739196343,"pid":68337,"hostname":"Mac-mini-de-Javier.local","reqId":"6d38e736-d0b4-427c-ad13-408b0189c34b","res":{"statusCode":200},"responseTime":4.7730829999782145,"msg":"request completed"}
[api] {"level":30,"time":1788739196361,"pid":68337,"hostname":"Mac-mini-de-Javier.local","reqId":"beb618d2-ecb5-430b-8a4f-2dcb333d9d89","req":{"method":"GET","url":"/company/profile","host":"127.0.0.1:3493","remoteAddress":"127.0.0.1","remotePort":54468},"msg":"incoming request"}
[api] {"level":30,"time":1788739196365,"pid":68337,"hostname":"Mac-mini-de-Javier.local","reqId":"beb618d2-ecb5-430b-8a4f-2dcb333d9d89","res":{"statusCode":200},"responseTime":3.644625000015367,"msg":"request completed"}
[api] {"level":30,"time":1788739196379,"pid":68337,"hostname":"Mac-mini-de-Javier.local","reqId":"c7133c1f-c0bc-4162-961f-3978b61b75f2","req":{"method":"POST","url":"/auth/refresh","host":"127.0.0.1:3493","remoteAddress":"127.0.0.1","remotePort":54471},"msg":"incoming request"}
[api] {"level":30,"time":1788739196382,"pid":68337,"hostname":"Mac-mini-de-Javier.local","reqId":"c7133c1f-c0bc-4162-961f-3978b61b75f2","res":{"statusCode":200},"responseTime":2.5797920000040904,"msg":"request completed"}
[api] {"level":30,"time":1788739196384,"pid":68337,"hostname":"Mac-mini-de-Javier.local","reqId":"6830c529-fcea-4baa-9206-e534b18d536f","req":{"method":"GET","url":"/me","host":"127.0.0.1:3493","remoteAddress":"127.0.0.1","remotePort":54472},"msg":"incoming request"}
[api] {"level":30,"time":1788739196386,"pid":68337,"hostname":"Mac-mini-de-Javier.local","reqId":"6830c529-fcea-4baa-9206-e534b18d536f","res":{"statusCode":200},"responseTime":1.9488750000018626,"msg":"request completed"}
[api] {"level":30,"time":1788739196386,"pid":68337,"hostname":"Mac-mini-de-Javier.local","reqId":"81cebad8-6075-4cfb-8a61-26ccf544bb3a","req":{"method":"GET","url":"/organizations","host":"127.0.0.1:3493","remoteAddress":"127.0.0.1","remotePort":54473},"msg":"incoming request"}
{"level":30,"time":1788739196387,"pid":68337,"hostname":"Mac-mini-de-Javier.local","reqId":"81cebad8-6075-4cfb-8a61-26ccf544bb3a","res":{"statusCode":200},"responseTime":1.3770839999779128,"msg":"request completed"}
[api] {"level":30,"time":1788739196402,"pid":68337,"hostname":"Mac-mini-de-Javier.local","reqId":"43a04c86-3747-48f0-91db-18033b15b157","req":{"method":"GET","url":"/company/profile","host":"127.0.0.1:3493","remoteAddress":"127.0.0.1","remotePort":54479},"msg":"incoming request"}
[api] {"level":30,"time":1788739196404,"pid":68337,"hostname":"Mac-mini-de-Javier.local","reqId":"43a04c86-3747-48f0-91db-18033b15b157","res":{"statusCode":200},"responseTime":2.110707999963779,"msg":"request completed"}
[api] {"level":30,"time":1788739196404,"pid":68337,"hostname":"Mac-mini-de-Javier.local","reqId":"4da65286-4857-421f-b4a8-e370cb2bf19f","req":{"method":"GET","url":"/company/capabilities","host":"127.0.0.1:3493","remoteAddress":"127.0.0.1","remotePort":54480},"msg":"incoming request"}
{"level":30,"time":1788739196407,"pid":68337,"hostname":"Mac-mini-de-Javier.local","reqId":"4da65286-4857-421f-b4a8-e370cb2bf19f","res":{"statusCode":200},"responseTime":2.9654159999918193,"msg":"request completed"}
  [32m✓[39m  [2m 97 [22m[chromium] › e2e/ronda3-flujo-real.spec.ts:92:5 › Ronda 3 — recorrido real contra apps/api › como admin (owner de ambas organizaciones del seed) › crea el perfil real de la empresa en la organización A[2m (1.3s)[22m
[api] {"level":30,"time":1788739196491,"pid":68337,"hostname":"Mac-mini-de-Javier.local","reqId":"951b0ae4-0724-4ea9-9556-6078dc023ef2","req":{"method":"POST","url":"/auth/refresh","host":"127.0.0.1:3493","remoteAddress":"127.0.0.1","remotePort":54481},"msg":"incoming request"}
[api] {"level":30,"time":1788739196494,"pid":68337,"hostname":"Mac-mini-de-Javier.local","reqId":"951b0ae4-0724-4ea9-9556-6078dc023ef2","res":{"statusCode":200},"responseTime":2.6529999999911524,"msg":"request completed"}
[api] {"level":30,"time":1788739196497,"pid":68337,"hostname":"Mac-mini-de-Javier.local","reqId":"7e43bf1b-3fbe-42f7-a836-4265d61aebdc","req":{"method":"GET","url":"/me","host":"127.0.0.1:3493","remoteAddress":"127.0.0.1","remotePort":54482},"msg":"incoming request"}
[api] {"level":30,"time":1788739196498,"pid":68337,"hostname":"Mac-mini-de-Javier.local","reqId":"7e43bf1b-3fbe-42f7-a836-4265d61aebdc","res":{"statusCode":200},"responseTime":1.231833000027109,"msg":"request completed"}
{"level":30,"time":1788739196498,"pid":68337,"hostname":"Mac-mini-de-Javier.local","reqId":"8b346e37-b462-4dde-980f-60d8c4599208","req":{"method":"GET","url":"/organizations","host":"127.0.0.1:3493","remoteAddress":"127.0.0.1","remotePort":54483},"msg":"incoming request"}
{"level":30,"time":1788739196499,"pid":68337,"hostname":"Mac-mini-de-Javier.local","reqId":"8b346e37-b462-4dde-980f-60d8c4599208","res":{"statusCode":200},"responseTime":1.280957999988459,"msg":"request completed"}
[api] {"level":30,"time":1788739196530,"pid":68337,"hostname":"Mac-mini-de-Javier.local","reqId":"13cd4e1c-bf48-41cb-b46a-1bf3188e4722","req":{"method":"GET","url":"/company/documents","host":"127.0.0.1:3493","remoteAddress":"127.0.0.1","remotePort":54489},"msg":"incoming request"}
[api] {"level":30,"time":1788739196533,"pid":68337,"hostname":"Mac-mini-de-Javier.local","reqId":"13cd4e1c-bf48-41cb-b46a-1bf3188e4722","res":{"statusCode":200},"responseTime":3.268041000002995,"msg":"request completed"}
[api] {"level":30,"time":1788739197145,"pid":68337,"hostname":"Mac-mini-de-Javier.local","reqId":"9e580c59-40cf-46a0-96d5-16540a59a9be","req":{"method":"POST","url":"/company/documents","host":"127.0.0.1:3493","remoteAddress":"127.0.0.1","remotePort":54490},"msg":"incoming request"}
[api] {"level":30,"time":1788739197154,"pid":68337,"hostname":"Mac-mini-de-Javier.local","reqId":"9e580c59-40cf-46a0-96d5-16540a59a9be","res":{"statusCode":201},"responseTime":8.47245900001144,"msg":"request completed"}
[api] {"level":30,"time":1788739197156,"pid":68337,"hostname":"Mac-mini-de-Javier.local","reqId":"5acf2291-a75a-4747-8c7d-374f63f81173","req":{"method":"GET","url":"/company/documents","host":"127.0.0.1:3493","remoteAddress":"127.0.0.1","remotePort":54491},"msg":"incoming request"}
[api] {"level":30,"time":1788739197160,"pid":68337,"hostname":"Mac-mini-de-Javier.local","reqId":"5acf2291-a75a-4747-8c7d-374f63f81173","res":{"statusCode":200},"responseTime":3.461249999993015,"msg":"request completed"}
  [32m✓[39m  [2m 98 [22m[chromium] › e2e/ronda3-flujo-real.spec.ts:125:5 › Ronda 3 — recorrido real contra apps/api › como admin (owner de ambas organizaciones del seed) › sube un documento y ve su semáforo de vigencia real[2m (787ms)[22m
[api] {"level":30,"time":1788739197302,"pid":68337,"hostname":"Mac-mini-de-Javier.local","reqId":"2081a449-2f62-4d72-b28f-6e4f89ce9c02","req":{"method":"POST","url":"/auth/refresh","host":"127.0.0.1:3493","remoteAddress":"127.0.0.1","remotePort":54493},"msg":"incoming request"}
[api] {"level":30,"time":1788739197306,"pid":68337,"hostname":"Mac-mini-de-Javier.local","reqId":"2081a449-2f62-4d72-b28f-6e4f89ce9c02","res":{"statusCode":200},"responseTime":3.9767080000019632,"msg":"request completed"}
[api] {"level":30,"time":1788739197308,"pid":68337,"hostname":"Mac-mini-de-Javier.local","reqId":"38fd9139-08a8-473f-b6f3-d5e854e0fb67","req":{"method":"GET","url":"/me","host":"127.0.0.1:3493","remoteAddress":"127.0.0.1","remotePort":54494},"msg":"incoming request"}
[api] {"level":30,"time":1788739197310,"pid":68337,"hostname":"Mac-mini-de-Javier.local","reqId":"38fd9139-08a8-473f-b6f3-d5e854e0fb67","res":{"statusCode":200},"responseTime":1.3661660000216216,"msg":"request completed"}
{"level":30,"time":1788739197310,"pid":68337,"hostname":"Mac-mini-de-Javier.local","reqId":"de4f3f3e-a3f5-48bd-b6ed-14158114c0dd","req":{"method":"GET","url":"/organizations","host":"127.0.0.1:3493","remoteAddress":"127.0.0.1","remotePort":54495},"msg":"incoming request"}
{"level":30,"time":1788739197312,"pid":68337,"hostname":"Mac-mini-de-Javier.local","reqId":"de4f3f3e-a3f5-48bd-b6ed-14158114c0dd","res":{"statusCode":200},"responseTime":1.898749999993015,"msg":"request completed"}
[api] {"level":30,"time":1788739197349,"pid":68337,"hostname":"Mac-mini-de-Javier.local","reqId":"77e2c9f7-d61c-4e80-8658-96e22393af4f","req":{"method":"GET","url":"/company/documents","host":"127.0.0.1:3493","remoteAddress":"127.0.0.1","remotePort":54501},"msg":"incoming request"}
[api] {"level":30,"time":1788739197354,"pid":68337,"hostname":"Mac-mini-de-Javier.local","reqId":"77e2c9f7-d61c-4e80-8658-96e22393af4f","res":{"statusCode":200},"responseTime":5.23841699998593,"msg":"request completed"}
  [32m✓[39m  [2m 99 [22m[chromium] › e2e/ronda3-flujo-real.spec.ts:160:5 › Ronda 3 — recorrido real contra apps/api › como admin (owner de ambas organizaciones del seed) › rechaza en el cliente un archivo de e.firma sin llegar a enviarlo por red (REQ-098)[2m (664ms)[22m
[api] {"level":30,"time":1788739197909,"pid":68337,"hostname":"Mac-mini-de-Javier.local","reqId":"05255977-ca85-4af0-98f4-c7b0fbb94d8e","req":{"method":"POST","url":"/auth/login","host":"127.0.0.1:3493","remoteAddress":"127.0.0.1","remotePort":51885},"msg":"incoming request"}
[api] {"level":30,"time":1788739197938,"pid":68337,"hostname":"Mac-mini-de-Javier.local","reqId":"05255977-ca85-4af0-98f4-c7b0fbb94d8e","res":{"statusCode":200},"responseTime":29.44837500003632,"msg":"request completed"}
[api] {"level":30,"time":1788739198119,"pid":68337,"hostname":"Mac-mini-de-Javier.local","reqId":"1676bf10-fe67-4f95-b1d8-aa42a3974d79","req":{"method":"POST","url":"/auth/refresh","host":"127.0.0.1:3493","remoteAddress":"127.0.0.1","remotePort":54507},"msg":"incoming request"}
[api] {"level":30,"time":1788739198121,"pid":68337,"hostname":"Mac-mini-de-Javier.local","reqId":"1676bf10-fe67-4f95-b1d8-aa42a3974d79","res":{"statusCode":200},"responseTime":2.344416999956593,"msg":"request completed"}
[api] {"level":30,"time":1788739198123,"pid":68337,"hostname":"Mac-mini-de-Javier.local","reqId":"ec662bd6-b923-4dcd-a86e-69cd1595e624","req":{"method":"GET","url":"/me","host":"127.0.0.1:3493","remoteAddress":"127.0.0.1","remotePort":54508},"msg":"incoming request"}
[api] {"level":30,"time":1788739198125,"pid":68337,"hostname":"Mac-mini-de-Javier.local","reqId":"ec662bd6-b923-4dcd-a86e-69cd1595e624","res":{"statusCode":200},"responseTime":1.3149160000029951,"msg":"request completed"}
[api] {"level":30,"time":1788739198125,"pid":68337,"hostname":"Mac-mini-de-Javier.local","reqId":"d1906328-21d3-43a4-b22a-4226972c3903","req":{"method":"GET","url":"/organizations","host":"127.0.0.1:3493","remoteAddress":"127.0.0.1","remotePort":54509},"msg":"incoming request"}
{"level":30,"time":1788739198126,"pid":68337,"hostname":"Mac-mini-de-Javier.local","reqId":"d1906328-21d3-43a4-b22a-4226972c3903","res":{"statusCode":200},"responseTime":1.156749999965541,"msg":"request completed"}
[api] {"level":30,"time":1788739198162,"pid":68337,"hostname":"Mac-mini-de-Javier.local","reqId":"2e6330ac-27cb-4d7d-a98e-e1a7c48776c0","req":{"method":"GET","url":"/auth/2fa/status","host":"127.0.0.1:3493","remoteAddress":"127.0.0.1","remotePort":54515},"msg":"incoming request"}
[api] {"level":30,"time":1788739198164,"pid":68337,"hostname":"Mac-mini-de-Javier.local","reqId":"2e6330ac-27cb-4d7d-a98e-e1a7c48776c0","res":{"statusCode":200},"responseTime":2.3191249999799766,"msg":"request completed"}
[api] {"level":30,"time":1788739198164,"pid":68337,"hostname":"Mac-mini-de-Javier.local","reqId":"d26a6c76-e086-4a9c-8671-47017ab4b84c","req":{"method":"GET","url":"/company/rates","host":"127.0.0.1:3493","remoteAddress":"127.0.0.1","remotePort":54516},"msg":"incoming request"}
{"level":30,"time":1788739198168,"pid":68337,"hostname":"Mac-mini-de-Javier.local","reqId":"d26a6c76-e086-4a9c-8671-47017ab4b84c","res":{"statusCode":200},"responseTime":3.649042000004556,"msg":"request completed"}
[api] {"level":30,"time":1788739198949,"pid":68337,"hostname":"Mac-mini-de-Javier.local","reqId":"ecc10686-9f33-44cb-87a6-d6591452964c","req":{"method":"POST","url":"/company/rates","host":"127.0.0.1:3493","remoteAddress":"127.0.0.1","remotePort":54526},"msg":"incoming request"}
[api] {"level":30,"time":1788739198954,"pid":68337,"hostname":"Mac-mini-de-Javier.local","reqId":"ecc10686-9f33-44cb-87a6-d6591452964c","res":{"statusCode":201},"responseTime":4.434124999970663,"msg":"request completed"}
[api] {"level":30,"time":1788739198974,"pid":68337,"hostname":"Mac-mini-de-Javier.local","reqId":"564130a9-c1e7-403a-a234-19add8549dda","req":{"method":"GET","url":"/company/rates","host":"127.0.0.1:3493","remoteAddress":"127.0.0.1","remotePort":54527},"msg":"incoming request"}
[api] {"level":30,"time":1788739198978,"pid":68337,"hostname":"Mac-mini-de-Javier.local","reqId":"564130a9-c1e7-403a-a234-19add8549dda","res":{"statusCode":200},"responseTime":3.7468330000410788,"msg":"request completed"}
  [32m✓[39m  [2m100 [22m[chromium] › e2e/ronda3-flujo-real.spec.ts:181:5 › Ronda 3 — recorrido real contra apps/api › como writer (solo miembro de la organización A) › propone una tarifa, que queda en borrador (no puede aprobarla)[2m (1.1s)[22m
[api] {"level":30,"time":1788739199138,"pid":68337,"hostname":"Mac-mini-de-Javier.local","reqId":"afa00bef-aea2-40a9-9614-a6e69e869be2","req":{"method":"POST","url":"/auth/refresh","host":"127.0.0.1:3493","remoteAddress":"127.0.0.1","remotePort":54530},"msg":"incoming request"}
[api] {"level":30,"time":1788739199143,"pid":68337,"hostname":"Mac-mini-de-Javier.local","reqId":"afa00bef-aea2-40a9-9614-a6e69e869be2","res":{"statusCode":200},"responseTime":5.192542000033427,"msg":"request completed"}
[api] {"level":30,"time":1788739199147,"pid":68337,"hostname":"Mac-mini-de-Javier.local","reqId":"13c8f886-127b-4ae5-8776-02be4ec8f31d","req":{"method":"GET","url":"/me","host":"127.0.0.1:3493","remoteAddress":"127.0.0.1","remotePort":54531},"msg":"incoming request"}
[api] {"level":30,"time":1788739199150,"pid":68337,"hostname":"Mac-mini-de-Javier.local","reqId":"13c8f886-127b-4ae5-8776-02be4ec8f31d","res":{"statusCode":200},"responseTime":3.1864589999895543,"msg":"request completed"}
[api] {"level":30,"time":1788739199150,"pid":68337,"hostname":"Mac-mini-de-Javier.local","reqId":"1e8e3c82-b025-4e3c-bb0f-906d1e69f6b2","req":{"method":"GET","url":"/organizations","host":"127.0.0.1:3493","remoteAddress":"127.0.0.1","remotePort":54532},"msg":"incoming request"}
{"level":30,"time":1788739199153,"pid":68337,"hostname":"Mac-mini-de-Javier.local","reqId":"1e8e3c82-b025-4e3c-bb0f-906d1e69f6b2","res":{"statusCode":200},"responseTime":2.2215420000138693,"msg":"request completed"}
[api] {"level":30,"time":1788739199177,"pid":68337,"hostname":"Mac-mini-de-Javier.local","reqId":"4361bb05-d4f7-482e-b149-a60537ceb8d9","req":{"method":"GET","url":"/tenders?limit=20","host":"127.0.0.1:3493","remoteAddress":"127.0.0.1","remotePort":54538},"msg":"incoming request"}
[api] {"level":30,"time":1788739199183,"pid":68337,"hostname":"Mac-mini-de-Javier.local","reqId":"4361bb05-d4f7-482e-b149-a60537ceb8d9","res":{"statusCode":200},"responseTime":5.631583000009414,"msg":"request completed"}
  [32m✓[39m  [2m101 [22m[chromium] › e2e/ronda3-flujo-real.spec.ts:196:5 › Ronda 3 — recorrido real contra apps/api › como writer (solo miembro de la organización A) › ve convocatorias vacías honestas (sin datos ficticios)[2m (626ms)[22m
[api] {"level":30,"time":1788739199775,"pid":68337,"hostname":"Mac-mini-de-Javier.local","reqId":"bc7d110d-31e3-4868-b986-39c8f186c5b4","req":{"method":"POST","url":"/auth/refresh","host":"127.0.0.1:3493","remoteAddress":"127.0.0.1","remotePort":54539},"msg":"incoming request"}
[api] {"level":30,"time":1788739199777,"pid":68337,"hostname":"Mac-mini-de-Javier.local","reqId":"bc7d110d-31e3-4868-b986-39c8f186c5b4","res":{"statusCode":200},"responseTime":2.1389169999747537,"msg":"request completed"}
[api] {"level":30,"time":1788739199780,"pid":68337,"hostname":"Mac-mini-de-Javier.local","reqId":"3642eb0c-8ea7-4fac-b47d-3976a453723d","req":{"method":"GET","url":"/me","host":"127.0.0.1:3493","remoteAddress":"127.0.0.1","remotePort":54540},"msg":"incoming request"}
[api] {"level":30,"time":1788739199781,"pid":68337,"hostname":"Mac-mini-de-Javier.local","reqId":"3642eb0c-8ea7-4fac-b47d-3976a453723d","res":{"statusCode":200},"responseTime":1.0155829999712296,"msg":"request completed"}
{"level":30,"time":1788739199781,"pid":68337,"hostname":"Mac-mini-de-Javier.local","reqId":"4f788fe8-dba3-490d-bad0-40733fca7517","req":{"method":"GET","url":"/organizations","host":"127.0.0.1:3493","remoteAddress":"127.0.0.1","remotePort":54541},"msg":"incoming request"}
{"level":30,"time":1788739199782,"pid":68337,"hostname":"Mac-mini-de-Javier.local","reqId":"4f788fe8-dba3-490d-bad0-40733fca7517","res":{"statusCode":200},"responseTime":1.2749590000021271,"msg":"request completed"}
[api] {"level":30,"time":1788739199805,"pid":68337,"hostname":"Mac-mini-de-Javier.local","reqId":"b21f5e93-efd9-48ad-98e9-956eac7e6776","req":{"method":"GET","url":"/admin/organizations","host":"127.0.0.1:3493","remoteAddress":"127.0.0.1","remotePort":54546},"msg":"incoming request"}
[api] {"level":30,"time":1788739199807,"pid":68337,"hostname":"Mac-mini-de-Javier.local","reqId":"b21f5e93-efd9-48ad-98e9-956eac7e6776","res":{"statusCode":403},"responseTime":1.8085000000428408,"msg":"request completed"}
[api] {"level":30,"time":1788739200810,"pid":68337,"hostname":"Mac-mini-de-Javier.local","reqId":"0fc9547a-8d77-4c27-9963-a503d04e5454","req":{"method":"GET","url":"/admin/organizations","host":"127.0.0.1:3493","remoteAddress":"127.0.0.1","remotePort":54561},"msg":"incoming request"}
[api] {"level":30,"time":1788739200811,"pid":68337,"hostname":"Mac-mini-de-Javier.local","reqId":"0fc9547a-8d77-4c27-9963-a503d04e5454","res":{"statusCode":403},"responseTime":1.311915999976918,"msg":"request completed"}
  [32m✓[39m  [2m102 [22m[chromium] › e2e/ronda3-flujo-real.spec.ts:201:5 › Ronda 3 — recorrido real contra apps/api › como writer (solo miembro de la organización A) › recibe un 403 honesto de la API al entrar a back office (no es superadmin)[2m (1.4s)[22m
[api] {"level":30,"time":1788739201203,"pid":68337,"hostname":"Mac-mini-de-Javier.local","reqId":"661a855a-0445-46f9-b10b-8926836f91bf","req":{"method":"POST","url":"/auth/refresh","host":"127.0.0.1:3493","remoteAddress":"127.0.0.1","remotePort":54562},"msg":"incoming request"}
[api] {"level":30,"time":1788739201205,"pid":68337,"hostname":"Mac-mini-de-Javier.local","reqId":"661a855a-0445-46f9-b10b-8926836f91bf","res":{"statusCode":200},"responseTime":2.4199590000207536,"msg":"request completed"}
[api] {"level":30,"time":1788739201208,"pid":68337,"hostname":"Mac-mini-de-Javier.local","reqId":"5d6bd44d-ca74-403d-aa63-b760dfcff9ab","req":{"method":"GET","url":"/me","host":"127.0.0.1:3493","remoteAddress":"127.0.0.1","remotePort":54563},"msg":"incoming request"}
[api] {"level":30,"time":1788739201209,"pid":68337,"hostname":"Mac-mini-de-Javier.local","reqId":"5d6bd44d-ca74-403d-aa63-b760dfcff9ab","res":{"statusCode":200},"responseTime":0.9642909999820404,"msg":"request completed"}
{"level":30,"time":1788739201209,"pid":68337,"hostname":"Mac-mini-de-Javier.local","reqId":"8a5f1d65-836d-4eb7-88b5-716389f1380d","req":{"method":"GET","url":"/organizations","host":"127.0.0.1:3493","remoteAddress":"127.0.0.1","remotePort":54564},"msg":"incoming request"}
{"level":30,"time":1788739201210,"pid":68337,"hostname":"Mac-mini-de-Javier.local","reqId":"8a5f1d65-836d-4eb7-88b5-716389f1380d","res":{"statusCode":200},"responseTime":1.0017920000245795,"msg":"request completed"}
[api] {"level":30,"time":1788739201232,"pid":68337,"hostname":"Mac-mini-de-Javier.local","reqId":"95524556-c0da-4c05-b6e3-2fbb6d2bbc74","req":{"method":"GET","url":"/auth/2fa/status","host":"127.0.0.1:3493","remoteAddress":"127.0.0.1","remotePort":54569},"msg":"incoming request"}
[api] {"level":30,"time":1788739201234,"pid":68337,"hostname":"Mac-mini-de-Javier.local","reqId":"95524556-c0da-4c05-b6e3-2fbb6d2bbc74","res":{"statusCode":200},"responseTime":2.318874999997206,"msg":"request completed"}
{"level":30,"time":1788739201234,"pid":68337,"hostname":"Mac-mini-de-Javier.local","reqId":"efaf7fca-14f2-4bc6-b087-04d59eebd3b1","req":{"method":"GET","url":"/company/rates","host":"127.0.0.1:3493","remoteAddress":"127.0.0.1","remotePort":54570},"msg":"incoming request"}
{"level":30,"time":1788739201238,"pid":68337,"hostname":"Mac-mini-de-Javier.local","reqId":"efaf7fca-14f2-4bc6-b087-04d59eebd3b1","res":{"statusCode":200},"responseTime":2.997791999951005,"msg":"request completed"}
[api] {"level":30,"time":1788739201842,"pid":68337,"hostname":"Mac-mini-de-Javier.local","reqId":"337bec66-669d-4c1f-b994-8d5fe2980696","req":{"method":"POST","url":"/auth/2fa/step-up","host":"127.0.0.1:3493","remoteAddress":"127.0.0.1","remotePort":54571},"msg":"incoming request"}
[api] {"level":30,"time":1788739201847,"pid":68337,"hostname":"Mac-mini-de-Javier.local","reqId":"337bec66-669d-4c1f-b994-8d5fe2980696","res":{"statusCode":201},"responseTime":4.845583000045735,"msg":"request completed"}
[api] {"level":30,"time":1788739201847,"pid":68337,"hostname":"Mac-mini-de-Javier.local","reqId":"5b9834a3-30c9-4410-ad88-55baa64098be","req":{"method":"POST","url":"/auth/2fa/step-up","host":"127.0.0.1:3493","remoteAddress":"127.0.0.1","remotePort":54572},"msg":"incoming request"}
{"level":30,"time":1788739201852,"pid":68337,"hostname":"Mac-mini-de-Javier.local","reqId":"5b9834a3-30c9-4410-ad88-55baa64098be","res":{"statusCode":403},"responseTime":5.339583000051789,"msg":"request completed"}
[api] {"level":30,"time":1788739201853,"pid":68337,"hostname":"Mac-mini-de-Javier.local","reqId":"d8f4d0b7-7c67-4e57-945b-3407ad00e5fe","req":{"method":"POST","url":"/company/rates/0ccacc66-9c6c-49f2-b4b6-0f20a6cb449a/approve","host":"127.0.0.1:3493","remoteAddress":"127.0.0.1","remotePort":54573},"msg":"incoming request"}
[api] {"level":30,"time":1788739201856,"pid":68337,"hostname":"Mac-mini-de-Javier.local","reqId":"d8f4d0b7-7c67-4e57-945b-3407ad00e5fe","res":{"statusCode":200},"responseTime":3.6906249999883585,"msg":"request completed"}
[api] {"level":30,"time":1788739201858,"pid":68337,"hostname":"Mac-mini-de-Javier.local","reqId":"62ee7d97-ee32-452e-9a79-4d1d418c124e","req":{"method":"GET","url":"/company/rates","host":"127.0.0.1:3493","remoteAddress":"127.0.0.1","remotePort":54574},"msg":"incoming request"}
[api] {"level":30,"time":1788739201860,"pid":68337,"hostname":"Mac-mini-de-Javier.local","reqId":"62ee7d97-ee32-452e-9a79-4d1d418c124e","res":{"statusCode":200},"responseTime":1.625709000043571,"msg":"request completed"}
  [32m✓[39m  [2m103 [22m[chromium] › e2e/ronda3-flujo-real.spec.ts:233:5 › Ronda 3 — recorrido real contra apps/api › como admin (aprueba lo que propuso writer) › aprueba la tarifa propuesta por writer con step-up 2FA, resistiendo un doble clic físico en "Verificar y continuar" (WI-06)[2m (1.9s)[22m
  [32m✓[39m  [2m104 [22m[chromium] › e2e/skip-link.spec.ts:58:3 › Skip-link mueve el foco real (W-09) › en LoginPage (sin sesión), el skip-link mueve el foco al formulario (#login-form)[2m (971ms)[22m
[api] {"level":30,"time":1788739204110,"pid":68337,"hostname":"Mac-mini-de-Javier.local","reqId":"9e07faf0-66d4-4368-982b-493b69690daf","req":{"method":"POST","url":"/auth/refresh","host":"127.0.0.1:3493","remoteAddress":"127.0.0.1","remotePort":54599},"msg":"incoming request"}
[api] {"level":30,"time":1788739204115,"pid":68337,"hostname":"Mac-mini-de-Javier.local","reqId":"9e07faf0-66d4-4368-982b-493b69690daf","res":{"statusCode":200},"responseTime":4.373124999983702,"msg":"request completed"}
[api] {"level":30,"time":1788739204119,"pid":68337,"hostname":"Mac-mini-de-Javier.local","reqId":"e8531d93-8341-42b1-ba82-df74e1faf18a","req":{"method":"GET","url":"/me","host":"127.0.0.1:3493","remoteAddress":"127.0.0.1","remotePort":54600},"msg":"incoming request"}
[api] {"level":30,"time":1788739204121,"pid":68337,"hostname":"Mac-mini-de-Javier.local","reqId":"e8531d93-8341-42b1-ba82-df74e1faf18a","res":{"statusCode":200},"responseTime":2.051000000035856,"msg":"request completed"}
{"level":30,"time":1788739204121,"pid":68337,"hostname":"Mac-mini-de-Javier.local","reqId":"b44bcb2c-c5ee-435f-9288-a2da06914e7f","req":{"method":"GET","url":"/organizations","host":"127.0.0.1:3493","remoteAddress":"127.0.0.1","remotePort":54601},"msg":"incoming request"}
{"level":30,"time":1788739204124,"pid":68337,"hostname":"Mac-mini-de-Javier.local","reqId":"b44bcb2c-c5ee-435f-9288-a2da06914e7f","res":{"statusCode":200},"responseTime":2.2641669999575242,"msg":"request completed"}
[api] {"level":30,"time":1788739204152,"pid":68337,"hostname":"Mac-mini-de-Javier.local","reqId":"14ea630c-3b35-474f-88bb-042c31e87458","req":{"method":"GET","url":"/tenders?limit=100","host":"127.0.0.1:3493","remoteAddress":"127.0.0.1","remotePort":54607},"msg":"incoming request"}
[api] {"level":30,"time":1788739204156,"pid":68337,"hostname":"Mac-mini-de-Javier.local","reqId":"14ea630c-3b35-474f-88bb-042c31e87458","res":{"statusCode":200},"responseTime":4.239832999999635,"msg":"request completed"}
[api] {"level":30,"time":1788739204158,"pid":68337,"hostname":"Mac-mini-de-Javier.local","reqId":"3771140b-51e4-4bfa-8d98-32cc2e2a768d","req":{"method":"GET","url":"/matching/tenders","host":"127.0.0.1:3493","remoteAddress":"127.0.0.1","remotePort":54608},"msg":"incoming request"}
{"level":30,"time":1788739204162,"pid":68337,"hostname":"Mac-mini-de-Javier.local","reqId":"3771140b-51e4-4bfa-8d98-32cc2e2a768d","res":{"statusCode":200},"responseTime":4.713666999945417,"msg":"request completed"}
{"level":30,"time":1788739204162,"pid":68337,"hostname":"Mac-mini-de-Javier.local","reqId":"0aa9c8f7-52e1-47dc-ba1d-d8a29cf17cd4","req":{"method":"GET","url":"/company/rates","host":"127.0.0.1:3493","remoteAddress":"127.0.0.1","remotePort":54609},"msg":"incoming request"}
{"level":30,"time":1788739204164,"pid":68337,"hostname":"Mac-mini-de-Javier.local","reqId":"0aa9c8f7-52e1-47dc-ba1d-d8a29cf17cd4","res":{"statusCode":200},"responseTime":1.9222500000032596,"msg":"request completed"}
[api] {"level":30,"time":1788739204165,"pid":68337,"hostname":"Mac-mini-de-Javier.local","reqId":"3a60b9d7-eaf9-42f1-960d-f77a1d2ca4ee","req":{"method":"GET","url":"/expediente/post-award-alerts","host":"127.0.0.1:3493","remoteAddress":"127.0.0.1","remotePort":54610},"msg":"incoming request"}
{"level":30,"time":1788739204171,"pid":68337,"hostname":"Mac-mini-de-Javier.local","reqId":"3a60b9d7-eaf9-42f1-960d-f77a1d2ca4ee","res":{"statusCode":200},"responseTime":5.875540999986697,"msg":"request completed"}
[api] {"level":30,"time":1788739204171,"pid":68337,"hostname":"Mac-mini-de-Javier.local","reqId":"9581ca3b-8153-47b5-aa7d-3417a2903e0a","req":{"method":"GET","url":"/audit-log","host":"127.0.0.1:3493","remoteAddress":"127.0.0.1","remotePort":54611},"msg":"incoming request"}
{"level":30,"time":1788739204177,"pid":68337,"hostname":"Mac-mini-de-Javier.local","reqId":"9581ca3b-8153-47b5-aa7d-3417a2903e0a","res":{"statusCode":200},"responseTime":5.695957999967504,"msg":"request completed"}
[api] {"level":30,"time":1788739204177,"pid":68337,"hostname":"Mac-mini-de-Javier.local","reqId":"e8a7628b-c60c-441f-b5c2-62d0e363800d","req":{"method":"GET","url":"/company/profile","host":"127.0.0.1:3493","remoteAddress":"127.0.0.1","remotePort":54612},"msg":"incoming request"}
{"level":30,"time":1788739204180,"pid":68337,"hostname":"Mac-mini-de-Javier.local","reqId":"e8a7628b-c60c-441f-b5c2-62d0e363800d","res":{"statusCode":200},"responseTime":2.7221669999998994,"msg":"request completed"}
[api] {"level":30,"time":1788739204180,"pid":68337,"hostname":"Mac-mini-de-Javier.local","reqId":"60a16e85-cbcc-47af-91c7-09f86a14bbf1","req":{"method":"GET","url":"/company/documents","host":"127.0.0.1:3493","remoteAddress":"127.0.0.1","remotePort":54614},"msg":"incoming request"}
{"level":30,"time":1788739204182,"pid":68337,"hostname":"Mac-mini-de-Javier.local","reqId":"60a16e85-cbcc-47af-91c7-09f86a14bbf1","res":{"statusCode":200},"responseTime":2.2039159999694675,"msg":"request completed"}
[api] {"level":30,"time":1788739204182,"pid":68337,"hostname":"Mac-mini-de-Javier.local","reqId":"384fdbc5-4c32-4828-accc-7ecffefda4ad","req":{"method":"GET","url":"/tenders?limit=1","host":"127.0.0.1:3493","remoteAddress":"127.0.0.1","remotePort":54616},"msg":"incoming request"}
{"level":30,"time":1788739204187,"pid":68337,"hostname":"Mac-mini-de-Javier.local","reqId":"384fdbc5-4c32-4828-accc-7ecffefda4ad","res":{"statusCode":200},"responseTime":4.632125000003725,"msg":"request completed"}
[api] {"level":30,"time":1788739204188,"pid":68337,"hostname":"Mac-mini-de-Javier.local","reqId":"5526d3a6-abb8-4189-a1d4-aa34bce504ad","req":{"method":"GET","url":"/auth/2fa/status","host":"127.0.0.1:3493","remoteAddress":"127.0.0.1","remotePort":54618},"msg":"incoming request"}
{"level":30,"time":1788739204190,"pid":68337,"hostname":"Mac-mini-de-Javier.local","reqId":"5526d3a6-abb8-4189-a1d4-aa34bce504ad","res":{"statusCode":200},"responseTime":1.7820409999694675,"msg":"request completed"}
  [32m✓[39m  [2m105 [22m[chromium] › e2e/skip-link.spec.ts:77:3 › Skip-link mueve el foco real (W-09) › en AppShell, el skip-link mueve el foco al contenido principal (#main-content)[2m (672ms)[22m
  [32m✓[39m  [2m106 [22m[chromium] › e2e/skip-link.spec.ts:97:3 › Foco visible tras activar el skip-link (W-18) › en LoginPage (sin sesión), el foco en #login-form es visible (outline/box-shadow reales)[2m (999ms)[22m
[api] {"level":30,"time":1788739205800,"pid":68337,"hostname":"Mac-mini-de-Javier.local","reqId":"5f443660-fcb0-4be9-8329-5fb9945695af","req":{"method":"POST","url":"/auth/refresh","host":"127.0.0.1:3493","remoteAddress":"127.0.0.1","remotePort":54635},"msg":"incoming request"}
[api] {"level":30,"time":1788739205803,"pid":68337,"hostname":"Mac-mini-de-Javier.local","reqId":"5f443660-fcb0-4be9-8329-5fb9945695af","res":{"statusCode":200},"responseTime":2.6486670000012964,"msg":"request completed"}
[api] {"level":30,"time":1788739205805,"pid":68337,"hostname":"Mac-mini-de-Javier.local","reqId":"bf0387cd-7716-4f3f-802d-1dccdbfc6d11","req":{"method":"GET","url":"/me","host":"127.0.0.1:3493","remoteAddress":"127.0.0.1","remotePort":54636},"msg":"incoming request"}
[api] {"level":30,"time":1788739205806,"pid":68337,"hostname":"Mac-mini-de-Javier.local","reqId":"bf0387cd-7716-4f3f-802d-1dccdbfc6d11","res":{"statusCode":200},"responseTime":1.1975839999504387,"msg":"request completed"}
[api] {"level":30,"time":1788739205806,"pid":68337,"hostname":"Mac-mini-de-Javier.local","reqId":"c2a69b77-81b6-4b64-9f47-b3d5a091cff7","req":{"method":"GET","url":"/organizations","host":"127.0.0.1:3493","remoteAddress":"127.0.0.1","remotePort":54637},"msg":"incoming request"}
{"level":30,"time":1788739205807,"pid":68337,"hostname":"Mac-mini-de-Javier.local","reqId":"c2a69b77-81b6-4b64-9f47-b3d5a091cff7","res":{"statusCode":200},"responseTime":1.128792000003159,"msg":"request completed"}
[api] {"level":30,"time":1788739205835,"pid":68337,"hostname":"Mac-mini-de-Javier.local","reqId":"3f3f145f-5a90-44eb-be33-963c3286b0db","req":{"method":"GET","url":"/tenders?limit=100","host":"127.0.0.1:3493","remoteAddress":"127.0.0.1","remotePort":54643},"msg":"incoming request"}
[api] {"level":30,"time":1788739205838,"pid":68337,"hostname":"Mac-mini-de-Javier.local","reqId":"3f3f145f-5a90-44eb-be33-963c3286b0db","res":{"statusCode":200},"responseTime":3.12866699998267,"msg":"request completed"}
[api] {"level":30,"time":1788739205838,"pid":68337,"hostname":"Mac-mini-de-Javier.local","reqId":"7de79f30-02f6-4665-8ad6-dc228084af89","req":{"method":"GET","url":"/matching/tenders","host":"127.0.0.1:3493","remoteAddress":"127.0.0.1","remotePort":54644},"msg":"incoming request"}
{"level":30,"time":1788739205844,"pid":68337,"hostname":"Mac-mini-de-Javier.local","reqId":"7de79f30-02f6-4665-8ad6-dc228084af89","res":{"statusCode":200},"responseTime":5.6065420000231825,"msg":"request completed"}
{"level":30,"time":1788739205844,"pid":68337,"hostname":"Mac-mini-de-Javier.local","reqId":"1f8b7403-042d-4a47-82be-aa2c6b142482","req":{"method":"GET","url":"/company/rates","host":"127.0.0.1:3493","remoteAddress":"127.0.0.1","remotePort":54645},"msg":"incoming request"}
{"level":30,"time":1788739205847,"pid":68337,"hostname":"Mac-mini-de-Javier.local","reqId":"1f8b7403-042d-4a47-82be-aa2c6b142482","res":{"statusCode":200},"responseTime":2.684917000005953,"msg":"request completed"}
[api] {"level":30,"time":1788739205847,"pid":68337,"hostname":"Mac-mini-de-Javier.local","reqId":"c8157496-acdd-4755-a61d-8dd0af2b47a2","req":{"method":"GET","url":"/expediente/post-award-alerts","host":"127.0.0.1:3493","remoteAddress":"127.0.0.1","remotePort":54646},"msg":"incoming request"}
{"level":30,"time":1788739205849,"pid":68337,"hostname":"Mac-mini-de-Javier.local","reqId":"c8157496-acdd-4755-a61d-8dd0af2b47a2","res":{"statusCode":200},"responseTime":1.88070899999002,"msg":"request completed"}
[api] {"level":30,"time":1788739205849,"pid":68337,"hostname":"Mac-mini-de-Javier.local","reqId":"d684359b-df36-48ea-8204-b3d85e9ef793","req":{"method":"GET","url":"/audit-log","host":"127.0.0.1:3493","remoteAddress":"127.0.0.1","remotePort":54647},"msg":"incoming request"}
{"level":30,"time":1788739205851,"pid":68337,"hostname":"Mac-mini-de-Javier.local","reqId":"d684359b-df36-48ea-8204-b3d85e9ef793","res":{"statusCode":200},"responseTime":2.167375000019092,"msg":"request completed"}
[api] {"level":30,"time":1788739205852,"pid":68337,"hostname":"Mac-mini-de-Javier.local","reqId":"91c6657e-bed6-42ab-8be9-de2722448abb","req":{"method":"GET","url":"/company/profile","host":"127.0.0.1:3493","remoteAddress":"127.0.0.1","remotePort":54648},"msg":"incoming request"}
{"level":30,"time":1788739205853,"pid":68337,"hostname":"Mac-mini-de-Javier.local","reqId":"91c6657e-bed6-42ab-8be9-de2722448abb","res":{"statusCode":200},"responseTime":1.450042000040412,"msg":"request completed"}
[api] {"level":30,"time":1788739205855,"pid":68337,"hostname":"Mac-mini-de-Javier.local","reqId":"6774b2d4-9270-447d-b619-709c609ba441","req":{"method":"GET","url":"/company/documents","host":"127.0.0.1:3493","remoteAddress":"127.0.0.1","remotePort":54650},"msg":"incoming request"}
{"level":30,"time":1788739205860,"pid":68337,"hostname":"Mac-mini-de-Javier.local","reqId":"6774b2d4-9270-447d-b619-709c609ba441","res":{"statusCode":200},"responseTime":4.851541000010911,"msg":"request completed"}
[api] {"level":30,"time":1788739205860,"pid":68337,"hostname":"Mac-mini-de-Javier.local","reqId":"af90383f-6483-470c-a185-258cf62a920f","req":{"method":"GET","url":"/tenders?limit=1","host":"127.0.0.1:3493","remoteAddress":"127.0.0.1","remotePort":54652},"msg":"incoming request"}
{"level":30,"time":1788739205865,"pid":68337,"hostname":"Mac-mini-de-Javier.local","reqId":"af90383f-6483-470c-a185-258cf62a920f","res":{"statusCode":200},"responseTime":4.539749999996275,"msg":"request completed"}
[api] {"level":30,"time":1788739205865,"pid":68337,"hostname":"Mac-mini-de-Javier.local","reqId":"114ff98d-8df7-4400-a1b6-9c271b693b99","req":{"method":"GET","url":"/auth/2fa/status","host":"127.0.0.1:3493","remoteAddress":"127.0.0.1","remotePort":54654},"msg":"incoming request"}
{"level":30,"time":1788739205867,"pid":68337,"hostname":"Mac-mini-de-Javier.local","reqId":"114ff98d-8df7-4400-a1b6-9c271b693b99","res":{"statusCode":200},"responseTime":2.316540999978315,"msg":"request completed"}
  [32m✓[39m  [2m107 [22m[chromium] › e2e/skip-link.spec.ts:112:5 › Foco visible tras activar el skip-link (W-18) › en Panel (/panel), el foco en #main-content es visible (outline/box-shadow reales)[2m (656ms)[22m
[api] {"level":30,"time":1788739206468,"pid":68337,"hostname":"Mac-mini-de-Javier.local","reqId":"f3a50c84-fab9-4a72-9c48-2487c122480d","req":{"method":"POST","url":"/auth/refresh","host":"127.0.0.1:3493","remoteAddress":"127.0.0.1","remotePort":54659},"msg":"incoming request"}
[api] {"level":30,"time":1788739206471,"pid":68337,"hostname":"Mac-mini-de-Javier.local","reqId":"f3a50c84-fab9-4a72-9c48-2487c122480d","res":{"statusCode":200},"responseTime":2.628208000038285,"msg":"request completed"}
[api] {"level":30,"time":1788739206473,"pid":68337,"hostname":"Mac-mini-de-Javier.local","reqId":"462f6100-6ef2-40db-a029-5c2ad8b2532f","req":{"method":"GET","url":"/me","host":"127.0.0.1:3493","remoteAddress":"127.0.0.1","remotePort":54660},"msg":"incoming request"}
[api] {"level":30,"time":1788739206474,"pid":68337,"hostname":"Mac-mini-de-Javier.local","reqId":"462f6100-6ef2-40db-a029-5c2ad8b2532f","res":{"statusCode":200},"responseTime":1.0157089999993332,"msg":"request completed"}
[api] {"level":30,"time":1788739206474,"pid":68337,"hostname":"Mac-mini-de-Javier.local","reqId":"75d139a0-0ee9-493c-8e15-7cad3dcffdfb","req":{"method":"GET","url":"/organizations","host":"127.0.0.1:3493","remoteAddress":"127.0.0.1","remotePort":54661},"msg":"incoming request"}
{"level":30,"time":1788739206475,"pid":68337,"hostname":"Mac-mini-de-Javier.local","reqId":"75d139a0-0ee9-493c-8e15-7cad3dcffdfb","res":{"statusCode":200},"responseTime":1.1704160000081174,"msg":"request completed"}
[api] {"level":30,"time":1788739206496,"pid":68337,"hostname":"Mac-mini-de-Javier.local","reqId":"d10e5479-948d-4300-9e4d-1b868eb0fc63","req":{"method":"GET","url":"/company/profile","host":"127.0.0.1:3493","remoteAddress":"127.0.0.1","remotePort":54667},"msg":"incoming request"}
[api] {"level":30,"time":1788739206500,"pid":68337,"hostname":"Mac-mini-de-Javier.local","reqId":"d10e5479-948d-4300-9e4d-1b868eb0fc63","res":{"statusCode":200},"responseTime":4.0024159999447875,"msg":"request completed"}
{"level":30,"time":1788739206500,"pid":68337,"hostname":"Mac-mini-de-Javier.local","reqId":"7e8f1266-12d1-4245-bdde-bbcfa2821599","req":{"method":"GET","url":"/company/capabilities","host":"127.0.0.1:3493","remoteAddress":"127.0.0.1","remotePort":54668},"msg":"incoming request"}
{"level":30,"time":1788739206502,"pid":68337,"hostname":"Mac-mini-de-Javier.local","reqId":"7e8f1266-12d1-4245-bdde-bbcfa2821599","res":{"statusCode":200},"responseTime":2.2383329999865964,"msg":"request completed"}
  [32m✓[39m  [2m108 [22m[chromium] › e2e/skip-link.spec.ts:112:5 › Foco visible tras activar el skip-link (W-18) › en Perfil y capacidades (/empresa/perfil-capacidades), el foco en #main-content es visible (outline/box-shadow reales)[2m (626ms)[22m
[api] {"level":30,"time":1788739207103,"pid":68337,"hostname":"Mac-mini-de-Javier.local","reqId":"3db28d4b-0428-4e79-bd1c-f4a842e609ab","req":{"method":"POST","url":"/auth/refresh","host":"127.0.0.1:3493","remoteAddress":"127.0.0.1","remotePort":54669},"msg":"incoming request"}
[api] {"level":30,"time":1788739207107,"pid":68337,"hostname":"Mac-mini-de-Javier.local","reqId":"3db28d4b-0428-4e79-bd1c-f4a842e609ab","res":{"statusCode":200},"responseTime":3.272999999986496,"msg":"request completed"}
[api] {"level":30,"time":1788739207109,"pid":68337,"hostname":"Mac-mini-de-Javier.local","reqId":"f0af120a-229d-438e-82e7-bfee14282940","req":{"method":"GET","url":"/me","host":"127.0.0.1:3493","remoteAddress":"127.0.0.1","remotePort":54670},"msg":"incoming request"}
[api] {"level":30,"time":1788739207110,"pid":68337,"hostname":"Mac-mini-de-Javier.local","reqId":"f0af120a-229d-438e-82e7-bfee14282940","res":{"statusCode":200},"responseTime":1.1950420000357553,"msg":"request completed"}
{"level":30,"time":1788739207110,"pid":68337,"hostname":"Mac-mini-de-Javier.local","reqId":"e9b14b92-b71d-46e0-903b-44e9235806b2","req":{"method":"GET","url":"/organizations","host":"127.0.0.1:3493","remoteAddress":"127.0.0.1","remotePort":54671},"msg":"incoming request"}
{"level":30,"time":1788739207111,"pid":68337,"hostname":"Mac-mini-de-Javier.local","reqId":"e9b14b92-b71d-46e0-903b-44e9235806b2","res":{"statusCode":200},"responseTime":1.170417000015732,"msg":"request completed"}
[api] {"level":30,"time":1788739207141,"pid":68337,"hostname":"Mac-mini-de-Javier.local","reqId":"2eb82f12-0315-4ee1-88b4-a122ed49af51","req":{"method":"GET","url":"/company/documents","host":"127.0.0.1:3493","remoteAddress":"127.0.0.1","remotePort":54677},"msg":"incoming request"}
[api] {"level":30,"time":1788739207145,"pid":68337,"hostname":"Mac-mini-de-Javier.local","reqId":"2eb82f12-0315-4ee1-88b4-a122ed49af51","res":{"statusCode":200},"responseTime":3.2263329999987036,"msg":"request completed"}
  [32m✓[39m  [2m109 [22m[chromium] › e2e/skip-link.spec.ts:112:5 › Foco visible tras activar el skip-link (W-18) › en Documentos y vigencias (/empresa/documentos-vigencias), el foco en #main-content es visible (outline/box-shadow reales)[2m (650ms)[22m
[api] {"level":30,"time":1788739207758,"pid":68337,"hostname":"Mac-mini-de-Javier.local","reqId":"afec73f7-7708-4edd-b052-fc7514810bf7","req":{"method":"POST","url":"/auth/refresh","host":"127.0.0.1:3493","remoteAddress":"127.0.0.1","remotePort":54680},"msg":"incoming request"}
[api] {"level":30,"time":1788739207762,"pid":68337,"hostname":"Mac-mini-de-Javier.local","reqId":"afec73f7-7708-4edd-b052-fc7514810bf7","res":{"statusCode":200},"responseTime":3.6675830000313,"msg":"request completed"}
[api] {"level":30,"time":1788739207764,"pid":68337,"hostname":"Mac-mini-de-Javier.local","reqId":"b52323cb-9e89-4c96-85b4-b1ebcf01b5fc","req":{"method":"GET","url":"/me","host":"127.0.0.1:3493","remoteAddress":"127.0.0.1","remotePort":54681},"msg":"incoming request"}
[api] {"level":30,"time":1788739207765,"pid":68337,"hostname":"Mac-mini-de-Javier.local","reqId":"b52323cb-9e89-4c96-85b4-b1ebcf01b5fc","res":{"statusCode":200},"responseTime":1.1143750000046566,"msg":"request completed"}
[api] {"level":30,"time":1788739207765,"pid":68337,"hostname":"Mac-mini-de-Javier.local","reqId":"dc4e7e88-5716-41f4-821f-784f4ba7e238","req":{"method":"GET","url":"/organizations","host":"127.0.0.1:3493","remoteAddress":"127.0.0.1","remotePort":54682},"msg":"incoming request"}
{"level":30,"time":1788739207767,"pid":68337,"hostname":"Mac-mini-de-Javier.local","reqId":"dc4e7e88-5716-41f4-821f-784f4ba7e238","res":{"statusCode":200},"responseTime":1.3382499999715947,"msg":"request completed"}
[api] {"level":30,"time":1788739207795,"pid":68337,"hostname":"Mac-mini-de-Javier.local","reqId":"84c0d23a-520f-4f44-b3ba-fa1d3484d63f","req":{"method":"GET","url":"/company/signatories","host":"127.0.0.1:3493","remoteAddress":"127.0.0.1","remotePort":54687},"msg":"incoming request"}
[api] {"level":30,"time":1788739207798,"pid":68337,"hostname":"Mac-mini-de-Javier.local","reqId":"84c0d23a-520f-4f44-b3ba-fa1d3484d63f","res":{"statusCode":200},"responseTime":2.7292499999748543,"msg":"request completed"}
  [32m✓[39m  [2m110 [22m[chromium] › e2e/skip-link.spec.ts:112:5 › Foco visible tras activar el skip-link (W-18) › en Firmantes autorizados (/empresa/firmantes-autorizados), el foco en #main-content es visible (outline/box-shadow reales)[2m (636ms)[22m
[api] {"level":30,"time":1788739208404,"pid":68337,"hostname":"Mac-mini-de-Javier.local","reqId":"7b01afcf-58bf-4312-a5a3-84d27fa80b25","req":{"method":"POST","url":"/auth/refresh","host":"127.0.0.1:3493","remoteAddress":"127.0.0.1","remotePort":54688},"msg":"incoming request"}
[api] {"level":30,"time":1788739208407,"pid":68337,"hostname":"Mac-mini-de-Javier.local","reqId":"7b01afcf-58bf-4312-a5a3-84d27fa80b25","res":{"statusCode":200},"responseTime":3.4972079999861307,"msg":"request completed"}
[api] {"level":30,"time":1788739208410,"pid":68337,"hostname":"Mac-mini-de-Javier.local","reqId":"ce1f540c-c917-4ddc-a509-5204271bb4e2","req":{"method":"GET","url":"/me","host":"127.0.0.1:3493","remoteAddress":"127.0.0.1","remotePort":54689},"msg":"incoming request"}
[api] {"level":30,"time":1788739208411,"pid":68337,"hostname":"Mac-mini-de-Javier.local","reqId":"ce1f540c-c917-4ddc-a509-5204271bb4e2","res":{"statusCode":200},"responseTime":1.031916999956593,"msg":"request completed"}
{"level":30,"time":1788739208411,"pid":68337,"hostname":"Mac-mini-de-Javier.local","reqId":"8ac70f1b-e6ce-4fd4-9e95-ef3841a68d4b","req":{"method":"GET","url":"/organizations","host":"127.0.0.1:3493","remoteAddress":"127.0.0.1","remotePort":54690},"msg":"incoming request"}
{"level":30,"time":1788739208413,"pid":68337,"hostname":"Mac-mini-de-Javier.local","reqId":"8ac70f1b-e6ce-4fd4-9e95-ef3841a68d4b","res":{"statusCode":200},"responseTime":1.3032500000554137,"msg":"request completed"}
[api] {"level":30,"time":1788739208434,"pid":68337,"hostname":"Mac-mini-de-Javier.local","reqId":"9423badb-ac8e-4c86-9507-6c3126f7e708","req":{"method":"GET","url":"/auth/2fa/status","host":"127.0.0.1:3493","remoteAddress":"127.0.0.1","remotePort":54695},"msg":"incoming request"}
[api] {"level":30,"time":1788739208437,"pid":68337,"hostname":"Mac-mini-de-Javier.local","reqId":"9423badb-ac8e-4c86-9507-6c3126f7e708","res":{"statusCode":200},"responseTime":2.3645000000251457,"msg":"request completed"}
[api] {"level":30,"time":1788739208437,"pid":68337,"hostname":"Mac-mini-de-Javier.local","reqId":"37695f7e-1b55-45eb-95a5-8d4b82d1cc37","req":{"method":"GET","url":"/company/rates","host":"127.0.0.1:3493","remoteAddress":"127.0.0.1","remotePort":54696},"msg":"incoming request"}
{"level":30,"time":1788739208440,"pid":68337,"hostname":"Mac-mini-de-Javier.local","reqId":"37695f7e-1b55-45eb-95a5-8d4b82d1cc37","res":{"statusCode":200},"responseTime":3.37133300001733,"msg":"request completed"}
  [32m✓[39m  [2m111 [22m[chromium] › e2e/skip-link.spec.ts:112:5 › Foco visible tras activar el skip-link (W-18) › en Tarifas aprobadas (/empresa/tarifas-aprobadas), el foco en #main-content es visible (outline/box-shadow reales)[2m (633ms)[22m
[api] {"level":30,"time":1788739209345,"pid":68337,"hostname":"Mac-mini-de-Javier.local","reqId":"6555c31e-7c34-4daf-aaf1-17bd79a92fc6","req":{"method":"POST","url":"/auth/refresh","host":"127.0.0.1:3493","remoteAddress":"127.0.0.1","remotePort":54697},"msg":"incoming request"}
[api] {"level":30,"time":1788739209349,"pid":68337,"hostname":"Mac-mini-de-Javier.local","reqId":"6555c31e-7c34-4daf-aaf1-17bd79a92fc6","res":{"statusCode":200},"responseTime":3.6295830000308342,"msg":"request completed"}
[api] {"level":30,"time":1788739209351,"pid":68337,"hostname":"Mac-mini-de-Javier.local","reqId":"c4d67385-c22e-4dbf-96bc-ee7347129499","req":{"method":"GET","url":"/me","host":"127.0.0.1:3493","remoteAddress":"127.0.0.1","remotePort":54698},"msg":"incoming request"}
[api] {"level":30,"time":1788739209352,"pid":68337,"hostname":"Mac-mini-de-Javier.local","reqId":"c4d67385-c22e-4dbf-96bc-ee7347129499","res":{"statusCode":200},"responseTime":1.0925419999985024,"msg":"request completed"}
[api] {"level":30,"time":1788739209352,"pid":68337,"hostname":"Mac-mini-de-Javier.local","reqId":"d6c31639-8d1f-4162-a10f-f30ed8379076","req":{"method":"GET","url":"/organizations","host":"127.0.0.1:3493","remoteAddress":"127.0.0.1","remotePort":54699},"msg":"incoming request"}
{"level":30,"time":1788739209353,"pid":68337,"hostname":"Mac-mini-de-Javier.local","reqId":"d6c31639-8d1f-4162-a10f-f30ed8379076","res":{"statusCode":200},"responseTime":1.0262910000164993,"msg":"request completed"}
[api] {"level":30,"time":1788739209376,"pid":68337,"hostname":"Mac-mini-de-Javier.local","reqId":"3b3efcde-4652-439a-abe3-383662e254de","req":{"method":"GET","url":"/tenders?limit=20","host":"127.0.0.1:3493","remoteAddress":"127.0.0.1","remotePort":54705},"msg":"incoming request"}
[api] {"level":30,"time":1788739209380,"pid":68337,"hostname":"Mac-mini-de-Javier.local","reqId":"3b3efcde-4652-439a-abe3-383662e254de","res":{"statusCode":200},"responseTime":3.88837500003865,"msg":"request completed"}
  [32m✓[39m  [2m112 [22m[chromium] › e2e/skip-link.spec.ts:112:5 › Foco visible tras activar el skip-link (W-18) › en Descubrimiento (/convocatorias/descubrimiento), el foco en #main-content es visible (outline/box-shadow reales)[2m (939ms)[22m
[api] {"level":30,"time":1788739209990,"pid":68337,"hostname":"Mac-mini-de-Javier.local","reqId":"fd23e6ea-80d9-4c7c-854e-965e90eaefb3","req":{"method":"POST","url":"/auth/refresh","host":"127.0.0.1:3493","remoteAddress":"127.0.0.1","remotePort":54706},"msg":"incoming request"}
[api] {"level":30,"time":1788739209994,"pid":68337,"hostname":"Mac-mini-de-Javier.local","reqId":"fd23e6ea-80d9-4c7c-854e-965e90eaefb3","res":{"statusCode":200},"responseTime":3.312333000008948,"msg":"request completed"}
[api] {"level":30,"time":1788739209996,"pid":68337,"hostname":"Mac-mini-de-Javier.local","reqId":"fc109afd-14ca-4fdc-8203-aeb96e36ac28","req":{"method":"GET","url":"/me","host":"127.0.0.1:3493","remoteAddress":"127.0.0.1","remotePort":54707},"msg":"incoming request"}
[api] {"level":30,"time":1788739209997,"pid":68337,"hostname":"Mac-mini-de-Javier.local","reqId":"fc109afd-14ca-4fdc-8203-aeb96e36ac28","res":{"statusCode":200},"responseTime":1.3465410000062548,"msg":"request completed"}
[api] {"level":30,"time":1788739209997,"pid":68337,"hostname":"Mac-mini-de-Javier.local","reqId":"7a39170a-9f8f-4cfb-bede-ef98cfb333b2","req":{"method":"GET","url":"/organizations","host":"127.0.0.1:3493","remoteAddress":"127.0.0.1","remotePort":54708},"msg":"incoming request"}
{"level":30,"time":1788739209999,"pid":68337,"hostname":"Mac-mini-de-Javier.local","reqId":"7a39170a-9f8f-4cfb-bede-ef98cfb333b2","res":{"statusCode":200},"responseTime":1.688416999997571,"msg":"request completed"}
[api] {"level":30,"time":1788739210015,"pid":68337,"hostname":"Mac-mini-de-Javier.local","reqId":"31cffd15-10f8-4d01-88d8-7a6a52be7692","req":{"method":"GET","url":"/matching/tenders","host":"127.0.0.1:3493","remoteAddress":"127.0.0.1","remotePort":54713},"msg":"incoming request"}
[api] {"level":30,"time":1788739210020,"pid":68337,"hostname":"Mac-mini-de-Javier.local","reqId":"31cffd15-10f8-4d01-88d8-7a6a52be7692","res":{"statusCode":200},"responseTime":4.937957999994978,"msg":"request completed"}
{"level":30,"time":1788739210020,"pid":68337,"hostname":"Mac-mini-de-Javier.local","reqId":"50425b75-50ef-4f69-b9a1-9e599e35f673","req":{"method":"GET","url":"/tenders?limit=50","host":"127.0.0.1:3493","remoteAddress":"127.0.0.1","remotePort":54714},"msg":"incoming request"}
{"level":30,"time":1788739210022,"pid":68337,"hostname":"Mac-mini-de-Javier.local","reqId":"50425b75-50ef-4f69-b9a1-9e599e35f673","res":{"statusCode":200},"responseTime":1.5750830000033602,"msg":"request completed"}
  [32m✓[39m  [2m113 [22m[chromium] › e2e/skip-link.spec.ts:112:5 › Foco visible tras activar el skip-link (W-18) › en Matching (/convocatorias/matching), el foco en #main-content es visible (outline/box-shadow reales)[2m (623ms)[22m
[api] {"level":30,"time":1788739210624,"pid":68337,"hostname":"Mac-mini-de-Javier.local","reqId":"9a55dfbc-450b-4cbd-bc4c-cbd5d94f6efc","req":{"method":"POST","url":"/auth/refresh","host":"127.0.0.1:3493","remoteAddress":"127.0.0.1","remotePort":54717},"msg":"incoming request"}
[api] {"level":30,"time":1788739210626,"pid":68337,"hostname":"Mac-mini-de-Javier.local","reqId":"9a55dfbc-450b-4cbd-bc4c-cbd5d94f6efc","res":{"statusCode":200},"responseTime":2.3960840000072494,"msg":"request completed"}
[api] {"level":30,"time":1788739210629,"pid":68337,"hostname":"Mac-mini-de-Javier.local","reqId":"bcfe8d30-2e1f-4954-ad39-98a537c2b3f0","req":{"method":"GET","url":"/me","host":"127.0.0.1:3493","remoteAddress":"127.0.0.1","remotePort":54718},"msg":"incoming request"}
[api] {"level":30,"time":1788739210630,"pid":68337,"hostname":"Mac-mini-de-Javier.local","reqId":"bcfe8d30-2e1f-4954-ad39-98a537c2b3f0","res":{"statusCode":200},"responseTime":1.1677500000223517,"msg":"request completed"}
{"level":30,"time":1788739210630,"pid":68337,"hostname":"Mac-mini-de-Javier.local","reqId":"1c82ebd8-77b8-4241-8d25-c66ad2be2583","req":{"method":"GET","url":"/organizations","host":"127.0.0.1:3493","remoteAddress":"127.0.0.1","remotePort":54719},"msg":"incoming request"}
{"level":30,"time":1788739210632,"pid":68337,"hostname":"Mac-mini-de-Javier.local","reqId":"1c82ebd8-77b8-4241-8d25-c66ad2be2583","res":{"statusCode":200},"responseTime":1.5942500000237487,"msg":"request completed"}
[api] {"level":30,"time":1788739210654,"pid":68337,"hostname":"Mac-mini-de-Javier.local","reqId":"98e68a10-1729-4c0d-a378-34d255a2b6d6","req":{"method":"GET","url":"/tenders/sources/freshness","host":"127.0.0.1:3493","remoteAddress":"127.0.0.1","remotePort":54725},"msg":"incoming request"}
[api] {"level":30,"time":1788739210655,"pid":68337,"hostname":"Mac-mini-de-Javier.local","reqId":"98e68a10-1729-4c0d-a378-34d255a2b6d6","res":{"statusCode":200},"responseTime":1.3959579999791458,"msg":"request completed"}
  [32m✓[39m  [2m114 [22m[chromium] › e2e/skip-link.spec.ts:112:5 › Foco visible tras activar el skip-link (W-18) › en Fuentes y frescura (/convocatorias/fuentes-frescura), el foco en #main-content es visible (outline/box-shadow reales)[2m (638ms)[22m
[api] {"level":30,"time":1788739211267,"pid":68337,"hostname":"Mac-mini-de-Javier.local","reqId":"1797bc32-0367-406c-9725-4184761dc663","req":{"method":"POST","url":"/auth/refresh","host":"127.0.0.1:3493","remoteAddress":"127.0.0.1","remotePort":54726},"msg":"incoming request"}
[api] {"level":30,"time":1788739211270,"pid":68337,"hostname":"Mac-mini-de-Javier.local","reqId":"1797bc32-0367-406c-9725-4184761dc663","res":{"statusCode":200},"responseTime":3.1554159999941476,"msg":"request completed"}
[api] {"level":30,"time":1788739211273,"pid":68337,"hostname":"Mac-mini-de-Javier.local","reqId":"ac1a6a74-85d7-40b4-863f-45ab9abd72b0","req":{"method":"GET","url":"/me","host":"127.0.0.1:3493","remoteAddress":"127.0.0.1","remotePort":54727},"msg":"incoming request"}
[api] {"level":30,"time":1788739211274,"pid":68337,"hostname":"Mac-mini-de-Javier.local","reqId":"ac1a6a74-85d7-40b4-863f-45ab9abd72b0","res":{"statusCode":200},"responseTime":1.1068749999976717,"msg":"request completed"}
{"level":30,"time":1788739211274,"pid":68337,"hostname":"Mac-mini-de-Javier.local","reqId":"ce4936d0-207b-4afe-96fd-2488a606a01a","req":{"method":"GET","url":"/organizations","host":"127.0.0.1:3493","remoteAddress":"127.0.0.1","remotePort":54728},"msg":"incoming request"}
{"level":30,"time":1788739211276,"pid":68337,"hostname":"Mac-mini-de-Javier.local","reqId":"ce4936d0-207b-4afe-96fd-2488a606a01a","res":{"statusCode":200},"responseTime":1.5863750000135042,"msg":"request completed"}
[api] {"level":30,"time":1788739211303,"pid":68337,"hostname":"Mac-mini-de-Javier.local","reqId":"a299712f-677e-4c6f-b742-0335364d3a46","req":{"method":"GET","url":"/tenders?limit=50","host":"127.0.0.1:3493","remoteAddress":"127.0.0.1","remotePort":54733},"msg":"incoming request"}
[api] {"level":30,"time":1788739211306,"pid":68337,"hostname":"Mac-mini-de-Javier.local","reqId":"a299712f-677e-4c6f-b742-0335364d3a46","res":{"statusCode":200},"responseTime":2.485041999956593,"msg":"request completed"}
  [32m✓[39m  [2m115 [22m[chromium] › e2e/skip-link.spec.ts:112:5 › Foco visible tras activar el skip-link (W-18) › en Go/No-Go (/evaluacion/go-no-go), el foco en #main-content es visible (outline/box-shadow reales)[2m (636ms)[22m
[api] {"level":30,"time":1788739211911,"pid":68337,"hostname":"Mac-mini-de-Javier.local","reqId":"7a5e4ad4-4d1b-4973-8200-8799d46588af","req":{"method":"POST","url":"/auth/refresh","host":"127.0.0.1:3493","remoteAddress":"127.0.0.1","remotePort":54734},"msg":"incoming request"}
[api] {"level":30,"time":1788739211914,"pid":68337,"hostname":"Mac-mini-de-Javier.local","reqId":"7a5e4ad4-4d1b-4973-8200-8799d46588af","res":{"statusCode":200},"responseTime":3.310165999981109,"msg":"request completed"}
[api] {"level":30,"time":1788739211916,"pid":68337,"hostname":"Mac-mini-de-Javier.local","reqId":"445eda93-bf61-4fe1-948a-fa1663e2bb54","req":{"method":"GET","url":"/me","host":"127.0.0.1:3493","remoteAddress":"127.0.0.1","remotePort":54735},"msg":"incoming request"}
[api] {"level":30,"time":1788739211917,"pid":68337,"hostname":"Mac-mini-de-Javier.local","reqId":"445eda93-bf61-4fe1-948a-fa1663e2bb54","res":{"statusCode":200},"responseTime":0.9848329999949783,"msg":"request completed"}
{"level":30,"time":1788739211917,"pid":68337,"hostname":"Mac-mini-de-Javier.local","reqId":"8bf1f2c6-1d07-4503-84fc-df3efb56ff57","req":{"method":"GET","url":"/organizations","host":"127.0.0.1:3493","remoteAddress":"127.0.0.1","remotePort":54736},"msg":"incoming request"}
{"level":30,"time":1788739211918,"pid":68337,"hostname":"Mac-mini-de-Javier.local","reqId":"8bf1f2c6-1d07-4503-84fc-df3efb56ff57","res":{"statusCode":200},"responseTime":1.0659579999628477,"msg":"request completed"}
[api] {"level":30,"time":1788739211947,"pid":68337,"hostname":"Mac-mini-de-Javier.local","reqId":"58ee839c-87e5-472a-924b-d884d74fc635","req":{"method":"GET","url":"/tenders?limit=50","host":"127.0.0.1:3493","remoteAddress":"127.0.0.1","remotePort":54741},"msg":"incoming request"}
[api] {"level":30,"time":1788739211950,"pid":68337,"hostname":"Mac-mini-de-Javier.local","reqId":"58ee839c-87e5-472a-924b-d884d74fc635","res":{"statusCode":200},"responseTime":2.7932920000166632,"msg":"request completed"}
  [32m✓[39m  [2m116 [22m[chromium] › e2e/skip-link.spec.ts:112:5 › Foco visible tras activar el skip-link (W-18) › en Análisis de bases (/evaluacion/analisis-bases), el foco en #main-content es visible (outline/box-shadow reales)[2m (635ms)[22m
[api] {"level":30,"time":1788739212861,"pid":68337,"hostname":"Mac-mini-de-Javier.local","reqId":"ecb7f282-8e64-4f85-905e-8a1cc31aaf8c","req":{"method":"POST","url":"/auth/refresh","host":"127.0.0.1:3493","remoteAddress":"127.0.0.1","remotePort":54742},"msg":"incoming request"}
[api] {"level":30,"time":1788739212865,"pid":68337,"hostname":"Mac-mini-de-Javier.local","reqId":"ecb7f282-8e64-4f85-905e-8a1cc31aaf8c","res":{"statusCode":200},"responseTime":3.778374999994412,"msg":"request completed"}
[api] {"level":30,"time":1788739212867,"pid":68337,"hostname":"Mac-mini-de-Javier.local","reqId":"ee613467-b3bb-4912-aeca-abe6908d11f9","req":{"method":"GET","url":"/me","host":"127.0.0.1:3493","remoteAddress":"127.0.0.1","remotePort":54743},"msg":"incoming request"}
[api] {"level":30,"time":1788739212869,"pid":68337,"hostname":"Mac-mini-de-Javier.local","reqId":"ee613467-b3bb-4912-aeca-abe6908d11f9","res":{"statusCode":200},"responseTime":1.1821660000132397,"msg":"request completed"}
[api] {"level":30,"time":1788739212869,"pid":68337,"hostname":"Mac-mini-de-Javier.local","reqId":"f25ba12b-4851-45ce-b4f2-c3e32ad1c042","req":{"method":"GET","url":"/organizations","host":"127.0.0.1:3493","remoteAddress":"127.0.0.1","remotePort":54744},"msg":"incoming request"}
{"level":30,"time":1788739212870,"pid":68337,"hostname":"Mac-mini-de-Javier.local","reqId":"f25ba12b-4851-45ce-b4f2-c3e32ad1c042","res":{"statusCode":200},"responseTime":1.3251250000321306,"msg":"request completed"}
[api] {"level":30,"time":1788739212889,"pid":68337,"hostname":"Mac-mini-de-Javier.local","reqId":"9e5136ad-36ea-4ef3-8bbe-b29660a4375e","req":{"method":"GET","url":"/tenders?limit=50","host":"127.0.0.1:3493","remoteAddress":"127.0.0.1","remotePort":54749},"msg":"incoming request"}
[api] {"level":30,"time":1788739212892,"pid":68337,"hostname":"Mac-mini-de-Javier.local","reqId":"9e5136ad-36ea-4ef3-8bbe-b29660a4375e","res":{"statusCode":200},"responseTime":2.826208000013139,"msg":"request completed"}
  [32m✓[39m  [2m117 [22m[chromium] › e2e/skip-link.spec.ts:112:5 › Foco visible tras activar el skip-link (W-18) › en Cumplimiento documental (/preparacion/cumplimiento-documental), el foco en #main-content es visible (outline/box-shadow reales)[2m (928ms)[22m
[api] {"level":30,"time":1788739213495,"pid":68337,"hostname":"Mac-mini-de-Javier.local","reqId":"184c6c13-5869-4e6b-a8c8-690181d7f4f9","req":{"method":"POST","url":"/auth/refresh","host":"127.0.0.1:3493","remoteAddress":"127.0.0.1","remotePort":54750},"msg":"incoming request"}
[api] {"level":30,"time":1788739213498,"pid":68337,"hostname":"Mac-mini-de-Javier.local","reqId":"184c6c13-5869-4e6b-a8c8-690181d7f4f9","res":{"statusCode":200},"responseTime":3.1647910000174306,"msg":"request completed"}
[api] {"level":30,"time":1788739213501,"pid":68337,"hostname":"Mac-mini-de-Javier.local","reqId":"f004a77b-2823-4cf8-82d7-83b4b29f38c9","req":{"method":"GET","url":"/me","host":"127.0.0.1:3493","remoteAddress":"127.0.0.1","remotePort":54751},"msg":"incoming request"}
[api] {"level":30,"time":1788739213503,"pid":68337,"hostname":"Mac-mini-de-Javier.local","reqId":"f004a77b-2823-4cf8-82d7-83b4b29f38c9","res":{"statusCode":200},"responseTime":1.7795829999959096,"msg":"request completed"}
[api] {"level":30,"time":1788739213503,"pid":68337,"hostname":"Mac-mini-de-Javier.local","reqId":"365f2ad4-df47-4d2e-94c4-f3c34382f4d6","req":{"method":"GET","url":"/organizations","host":"127.0.0.1:3493","remoteAddress":"127.0.0.1","remotePort":54752},"msg":"incoming request"}
{"level":30,"time":1788739213505,"pid":68337,"hostname":"Mac-mini-de-Javier.local","reqId":"365f2ad4-df47-4d2e-94c4-f3c34382f4d6","res":{"statusCode":200},"responseTime":1.7334159999736585,"msg":"request completed"}
[api] {"level":30,"time":1788739213538,"pid":68337,"hostname":"Mac-mini-de-Javier.local","reqId":"8026e1c2-5cf7-4267-84bf-ab83790f753d","req":{"method":"GET","url":"/tenders?limit=50","host":"127.0.0.1:3493","remoteAddress":"127.0.0.1","remotePort":54757},"msg":"incoming request"}
[api] {"level":30,"time":1788739213542,"pid":68337,"hostname":"Mac-mini-de-Javier.local","reqId":"8026e1c2-5cf7-4267-84bf-ab83790f753d","res":{"statusCode":200},"responseTime":3.759375000023283,"msg":"request completed"}
  [32m✓[39m  [2m118 [22m[chromium] › e2e/skip-link.spec.ts:112:5 › Foco visible tras activar el skip-link (W-18) › en Redacción (/preparacion/redaccion), el foco en #main-content es visible (outline/box-shadow reales)[2m (641ms)[22m
[api] {"level":30,"time":1788739214179,"pid":68337,"hostname":"Mac-mini-de-Javier.local","reqId":"8a1de9ed-8b4b-4d28-92a9-1c0afc8e0088","req":{"method":"POST","url":"/auth/refresh","host":"127.0.0.1:3493","remoteAddress":"127.0.0.1","remotePort":54758},"msg":"incoming request"}
[api] {"level":30,"time":1788739214182,"pid":68337,"hostname":"Mac-mini-de-Javier.local","reqId":"8a1de9ed-8b4b-4d28-92a9-1c0afc8e0088","res":{"statusCode":200},"responseTime":2.7947500000009313,"msg":"request completed"}
[api] {"level":30,"time":1788739214185,"pid":68337,"hostname":"Mac-mini-de-Javier.local","reqId":"a1ebbaef-bf11-4d6d-90a7-3c4ddde64507","req":{"method":"GET","url":"/me","host":"127.0.0.1:3493","remoteAddress":"127.0.0.1","remotePort":54759},"msg":"incoming request"}
[api] {"level":30,"time":1788739214186,"pid":68337,"hostname":"Mac-mini-de-Javier.local","reqId":"a1ebbaef-bf11-4d6d-90a7-3c4ddde64507","res":{"statusCode":200},"responseTime":0.9757920000120066,"msg":"request completed"}
{"level":30,"time":1788739214186,"pid":68337,"hostname":"Mac-mini-de-Javier.local","reqId":"aba8f43c-28db-4f12-9247-a0f8c039040a","req":{"method":"GET","url":"/organizations","host":"127.0.0.1:3493","remoteAddress":"127.0.0.1","remotePort":54760},"msg":"incoming request"}
{"level":30,"time":1788739214187,"pid":68337,"hostname":"Mac-mini-de-Javier.local","reqId":"aba8f43c-28db-4f12-9247-a0f8c039040a","res":{"statusCode":200},"responseTime":1.5943749999860302,"msg":"request completed"}
[api] {"level":30,"time":1788739214214,"pid":68337,"hostname":"Mac-mini-de-Javier.local","reqId":"7baeeb1f-af60-4f95-9146-de987ad8b035","req":{"method":"GET","url":"/tenders?limit=50","host":"127.0.0.1:3493","remoteAddress":"127.0.0.1","remotePort":54765},"msg":"incoming request"}
[api] {"level":30,"time":1788739214217,"pid":68337,"hostname":"Mac-mini-de-Javier.local","reqId":"7baeeb1f-af60-4f95-9146-de987ad8b035","res":{"statusCode":200},"responseTime":3.1102499999688007,"msg":"request completed"}
[api] {"level":30,"time":1788739214218,"pid":68337,"hostname":"Mac-mini-de-Javier.local","reqId":"2beb1c46-e83f-4029-bbc5-c2280dee36dd","req":{"method":"GET","url":"/auth/2fa/status","host":"127.0.0.1:3493","remoteAddress":"127.0.0.1","remotePort":54766},"msg":"incoming request"}
{"level":30,"time":1788739214219,"pid":68337,"hostname":"Mac-mini-de-Javier.local","reqId":"2beb1c46-e83f-4029-bbc5-c2280dee36dd","res":{"statusCode":200},"responseTime":1.4792499999748543,"msg":"request completed"}
  [32m✓[39m  [2m119 [22m[chromium] › e2e/skip-link.spec.ts:112:5 › Foco visible tras activar el skip-link (W-18) › en Revisión (/preparacion/revision), el foco en #main-content es visible (outline/box-shadow reales)[2m (671ms)[22m
[api] {"level":30,"time":1788739214828,"pid":68337,"hostname":"Mac-mini-de-Javier.local","reqId":"2d54d655-4ba9-4d4a-a2bb-bbe84bb6e04c","req":{"method":"POST","url":"/auth/refresh","host":"127.0.0.1:3493","remoteAddress":"127.0.0.1","remotePort":54767},"msg":"incoming request"}
[api] {"level":30,"time":1788739214831,"pid":68337,"hostname":"Mac-mini-de-Javier.local","reqId":"2d54d655-4ba9-4d4a-a2bb-bbe84bb6e04c","res":{"statusCode":200},"responseTime":3.0755829999689013,"msg":"request completed"}
[api] {"level":30,"time":1788739214838,"pid":68337,"hostname":"Mac-mini-de-Javier.local","reqId":"21b94536-98b4-4f3c-a1bb-01def81f6a1c","req":{"method":"GET","url":"/me","host":"127.0.0.1:3493","remoteAddress":"127.0.0.1","remotePort":54768},"msg":"incoming request"}
[api] {"level":30,"time":1788739214842,"pid":68337,"hostname":"Mac-mini-de-Javier.local","reqId":"21b94536-98b4-4f3c-a1bb-01def81f6a1c","res":{"statusCode":200},"responseTime":3.3087909999885596,"msg":"request completed"}
[api] {"level":30,"time":1788739214842,"pid":68337,"hostname":"Mac-mini-de-Javier.local","reqId":"4a14da3e-4d64-4b72-a120-d25dc52128aa","req":{"method":"GET","url":"/organizations","host":"127.0.0.1:3493","remoteAddress":"127.0.0.1","remotePort":54769},"msg":"incoming request"}
{"level":30,"time":1788739214845,"pid":68337,"hostname":"Mac-mini-de-Javier.local","reqId":"4a14da3e-4d64-4b72-a120-d25dc52128aa","res":{"statusCode":200},"responseTime":2.7323750000214204,"msg":"request completed"}
[api] {"level":30,"time":1788739214868,"pid":68337,"hostname":"Mac-mini-de-Javier.local","reqId":"19fa3f5c-5528-4017-b461-6c498f3779b7","req":{"method":"GET","url":"/tenders?limit=50","host":"127.0.0.1:3493","remoteAddress":"127.0.0.1","remotePort":54775},"msg":"incoming request"}
{"level":30,"time":1788739214871,"pid":68337,"hostname":"Mac-mini-de-Javier.local","reqId":"19fa3f5c-5528-4017-b461-6c498f3779b7","res":{"statusCode":200},"responseTime":3.353958000021521,"msg":"request completed"}
  [32m✓[39m  [2m120 [22m[chromium] › e2e/skip-link.spec.ts:112:5 › Foco visible tras activar el skip-link (W-18) › en Expediente (/preparacion/expediente), el foco en #main-content es visible (outline/box-shadow reales)[2m (642ms)[22m
[api] {"level":30,"time":1788739215483,"pid":68337,"hostname":"Mac-mini-de-Javier.local","reqId":"06bf8948-85f8-4b82-92e1-5ca1f822a0f4","req":{"method":"POST","url":"/auth/refresh","host":"127.0.0.1:3493","remoteAddress":"127.0.0.1","remotePort":54776},"msg":"incoming request"}
{"level":30,"time":1788739215486,"pid":68337,"hostname":"Mac-mini-de-Javier.local","reqId":"06bf8948-85f8-4b82-92e1-5ca1f822a0f4","res":{"statusCode":200},"responseTime":2.6261669999803416,"msg":"request completed"}
[api] {"level":30,"time":1788739215491,"pid":68337,"hostname":"Mac-mini-de-Javier.local","reqId":"d06ac06c-8ada-49d5-a7da-c22f445f4aa0","req":{"method":"GET","url":"/me","host":"127.0.0.1:3493","remoteAddress":"127.0.0.1","remotePort":54777},"msg":"incoming request"}
[api] {"level":30,"time":1788739215494,"pid":68337,"hostname":"Mac-mini-de-Javier.local","reqId":"d06ac06c-8ada-49d5-a7da-c22f445f4aa0","res":{"statusCode":200},"responseTime":2.746458999987226,"msg":"request completed"}
[api] {"level":30,"time":1788739215496,"pid":68337,"hostname":"Mac-mini-de-Javier.local","reqId":"78699261-fa54-4e50-8ed6-f52f1fb38316","req":{"method":"GET","url":"/organizations","host":"127.0.0.1:3493","remoteAddress":"127.0.0.1","remotePort":54778},"msg":"incoming request"}
{"level":30,"time":1788739215499,"pid":68337,"hostname":"Mac-mini-de-Javier.local","reqId":"78699261-fa54-4e50-8ed6-f52f1fb38316","res":{"statusCode":200},"responseTime":2.9225420000148006,"msg":"request completed"}
[api] {"level":30,"time":1788739215521,"pid":68337,"hostname":"Mac-mini-de-Javier.local","reqId":"33d376e6-4224-4146-8e20-cedbb99aec39","req":{"method":"GET","url":"/tenders?limit=50","host":"127.0.0.1:3493","remoteAddress":"127.0.0.1","remotePort":54783},"msg":"incoming request"}
[api] {"level":30,"time":1788739215523,"pid":68337,"hostname":"Mac-mini-de-Javier.local","reqId":"33d376e6-4224-4146-8e20-cedbb99aec39","res":{"statusCode":200},"responseTime":2.676666999992449,"msg":"request completed"}
  [32m✓[39m  [2m121 [22m[chromium] › e2e/skip-link.spec.ts:112:5 › Foco visible tras activar el skip-link (W-18) › en Aprobaciones (/preparacion/aprobaciones), el foco en #main-content es visible (outline/box-shadow reales)[2m (642ms)[22m
[api] {"level":30,"time":1788739216431,"pid":68337,"hostname":"Mac-mini-de-Javier.local","reqId":"f4b1f494-82c9-4a0b-85a8-2d67bad7feda","req":{"method":"POST","url":"/auth/refresh","host":"127.0.0.1:3493","remoteAddress":"127.0.0.1","remotePort":54784},"msg":"incoming request"}
[api] {"level":30,"time":1788739216434,"pid":68337,"hostname":"Mac-mini-de-Javier.local","reqId":"f4b1f494-82c9-4a0b-85a8-2d67bad7feda","res":{"statusCode":200},"responseTime":3.5934160000178963,"msg":"request completed"}
[api] {"level":30,"time":1788739216437,"pid":68337,"hostname":"Mac-mini-de-Javier.local","reqId":"0313e0c6-cc4b-46ff-8ded-b56f43f83b10","req":{"method":"GET","url":"/me","host":"127.0.0.1:3493","remoteAddress":"127.0.0.1","remotePort":54785},"msg":"incoming request"}
[api] {"level":30,"time":1788739216438,"pid":68337,"hostname":"Mac-mini-de-Javier.local","reqId":"0313e0c6-cc4b-46ff-8ded-b56f43f83b10","res":{"statusCode":200},"responseTime":1.477290999959223,"msg":"request completed"}
{"level":30,"time":1788739216439,"pid":68337,"hostname":"Mac-mini-de-Javier.local","reqId":"8567c1ee-3af5-4087-bb99-7ccece662b52","req":{"method":"GET","url":"/organizations","host":"127.0.0.1:3493","remoteAddress":"127.0.0.1","remotePort":54786},"msg":"incoming request"}
{"level":30,"time":1788739216440,"pid":68337,"hostname":"Mac-mini-de-Javier.local","reqId":"8567c1ee-3af5-4087-bb99-7ccece662b52","res":{"statusCode":200},"responseTime":1.5414589999709278,"msg":"request completed"}
[api] {"level":30,"time":1788739216464,"pid":68337,"hostname":"Mac-mini-de-Javier.local","reqId":"4eb6bf0a-f752-4c93-879e-07e10fc8b10d","req":{"method":"GET","url":"/tenders?limit=50","host":"127.0.0.1:3493","remoteAddress":"127.0.0.1","remotePort":54791},"msg":"incoming request"}
[api] {"level":30,"time":1788739216467,"pid":68337,"hostname":"Mac-mini-de-Javier.local","reqId":"4eb6bf0a-f752-4c93-879e-07e10fc8b10d","res":{"statusCode":200},"responseTime":2.6052919999929145,"msg":"request completed"}
  [32m✓[39m  [2m122 [22m[chromium] › e2e/skip-link.spec.ts:112:5 › Foco visible tras activar el skip-link (W-18) › en Entregas (/entrega/entregas), el foco en #main-content es visible (outline/box-shadow reales)[2m (946ms)[22m
[api] {"level":30,"time":1788739217088,"pid":68337,"hostname":"Mac-mini-de-Javier.local","reqId":"35c72705-600d-4a4f-8faf-2f561c707d8c","req":{"method":"POST","url":"/auth/refresh","host":"127.0.0.1:3493","remoteAddress":"127.0.0.1","remotePort":54792},"msg":"incoming request"}
[api] {"level":30,"time":1788739217091,"pid":68337,"hostname":"Mac-mini-de-Javier.local","reqId":"35c72705-600d-4a4f-8faf-2f561c707d8c","res":{"statusCode":200},"responseTime":3.435541999991983,"msg":"request completed"}
[api] {"level":30,"time":1788739217094,"pid":68337,"hostname":"Mac-mini-de-Javier.local","reqId":"dac268f7-e3af-4a53-9823-5d8f9853ed1a","req":{"method":"GET","url":"/me","host":"127.0.0.1:3493","remoteAddress":"127.0.0.1","remotePort":54793},"msg":"incoming request"}
[api] {"level":30,"time":1788739217095,"pid":68337,"hostname":"Mac-mini-de-Javier.local","reqId":"dac268f7-e3af-4a53-9823-5d8f9853ed1a","res":{"statusCode":200},"responseTime":1.08341699995799,"msg":"request completed"}
[api] {"level":30,"time":1788739217095,"pid":68337,"hostname":"Mac-mini-de-Javier.local","reqId":"99908c65-e24f-41b3-a6fa-297c81700b15","req":{"method":"GET","url":"/organizations","host":"127.0.0.1:3493","remoteAddress":"127.0.0.1","remotePort":54794},"msg":"incoming request"}
{"level":30,"time":1788739217096,"pid":68337,"hostname":"Mac-mini-de-Javier.local","reqId":"99908c65-e24f-41b3-a6fa-297c81700b15","res":{"statusCode":200},"responseTime":1.3801250000251457,"msg":"request completed"}
[api] {"level":30,"time":1788739217120,"pid":68337,"hostname":"Mac-mini-de-Javier.local","reqId":"f16cd100-b998-4b1e-ade8-2f04a7507bd6","req":{"method":"GET","url":"/tenders?limit=50","host":"127.0.0.1:3493","remoteAddress":"127.0.0.1","remotePort":54799},"msg":"incoming request"}
[api] {"level":30,"time":1788739217123,"pid":68337,"hostname":"Mac-mini-de-Javier.local","reqId":"f16cd100-b998-4b1e-ade8-2f04a7507bd6","res":{"statusCode":200},"responseTime":3.152541999996174,"msg":"request completed"}
  [32m✓[39m  [2m123 [22m[chromium] › e2e/skip-link.spec.ts:112:5 › Foco visible tras activar el skip-link (W-18) › en Paquete descargable (/entrega/paquete-descargable), el foco en #main-content es visible (outline/box-shadow reales)[2m (638ms)[22m
[api] {"level":30,"time":1788739217733,"pid":68337,"hostname":"Mac-mini-de-Javier.local","reqId":"27a41976-7659-415d-952c-d361ee781ebd","req":{"method":"POST","url":"/auth/refresh","host":"127.0.0.1:3493","remoteAddress":"127.0.0.1","remotePort":54800},"msg":"incoming request"}
[api] {"level":30,"time":1788739217735,"pid":68337,"hostname":"Mac-mini-de-Javier.local","reqId":"27a41976-7659-415d-952c-d361ee781ebd","res":{"statusCode":200},"responseTime":2.5750410000327975,"msg":"request completed"}
[api] {"level":30,"time":1788739217738,"pid":68337,"hostname":"Mac-mini-de-Javier.local","reqId":"95465544-7e77-43b9-9997-b3ce34df0be2","req":{"method":"GET","url":"/me","host":"127.0.0.1:3493","remoteAddress":"127.0.0.1","remotePort":54801},"msg":"incoming request"}
[api] {"level":30,"time":1788739217739,"pid":68337,"hostname":"Mac-mini-de-Javier.local","reqId":"95465544-7e77-43b9-9997-b3ce34df0be2","res":{"statusCode":200},"responseTime":1.235291999997571,"msg":"request completed"}
[api] {"level":30,"time":1788739217739,"pid":68337,"hostname":"Mac-mini-de-Javier.local","reqId":"49e51524-3e1a-4f86-af7e-1a3560b2ca8c","req":{"method":"GET","url":"/organizations","host":"127.0.0.1:3493","remoteAddress":"127.0.0.1","remotePort":54802},"msg":"incoming request"}
{"level":30,"time":1788739217741,"pid":68337,"hostname":"Mac-mini-de-Javier.local","reqId":"49e51524-3e1a-4f86-af7e-1a3560b2ca8c","res":{"statusCode":200},"responseTime":1.6806249999790452,"msg":"request completed"}
[api] {"level":30,"time":1788739217770,"pid":68337,"hostname":"Mac-mini-de-Javier.local","reqId":"55412d8f-6050-4786-a2bf-9a8cc896e42b","req":{"method":"GET","url":"/expediente/post-award-alerts","host":"127.0.0.1:3493","remoteAddress":"127.0.0.1","remotePort":54807},"msg":"incoming request"}
[api] {"level":30,"time":1788739217771,"pid":68337,"hostname":"Mac-mini-de-Javier.local","reqId":"55412d8f-6050-4786-a2bf-9a8cc896e42b","res":{"statusCode":200},"responseTime":1.8168750000186265,"msg":"request completed"}
{"level":30,"time":1788739217771,"pid":68337,"hostname":"Mac-mini-de-Javier.local","reqId":"a28505ce-c7c3-4170-b6a0-cb85cc8576e7","req":{"method":"GET","url":"/tenders?limit=50","host":"127.0.0.1:3493","remoteAddress":"127.0.0.1","remotePort":54808},"msg":"incoming request"}
{"level":30,"time":1788739217774,"pid":68337,"hostname":"Mac-mini-de-Javier.local","reqId":"a28505ce-c7c3-4170-b6a0-cb85cc8576e7","res":{"statusCode":200},"responseTime":2.2043330000014976,"msg":"request completed"}
  [32m✓[39m  [2m124 [22m[chromium] › e2e/skip-link.spec.ts:112:5 › Foco visible tras activar el skip-link (W-18) › en Seguimiento post-adjudicación (/entrega/seguimiento), el foco en #main-content es visible (outline/box-shadow reales)[2m (636ms)[22m
[api] {"level":30,"time":1788739218376,"pid":68337,"hostname":"Mac-mini-de-Javier.local","reqId":"06660143-5eef-4fc6-8c4b-a1b26c6d7f4a","req":{"method":"POST","url":"/auth/refresh","host":"127.0.0.1:3493","remoteAddress":"127.0.0.1","remotePort":54809},"msg":"incoming request"}
[api] {"level":30,"time":1788739218380,"pid":68337,"hostname":"Mac-mini-de-Javier.local","reqId":"06660143-5eef-4fc6-8c4b-a1b26c6d7f4a","res":{"statusCode":200},"responseTime":3.1670410000369884,"msg":"request completed"}
[api] {"level":30,"time":1788739218382,"pid":68337,"hostname":"Mac-mini-de-Javier.local","reqId":"7cab5561-5f4b-40cc-a96c-8b69d29b2fc2","req":{"method":"GET","url":"/me","host":"127.0.0.1:3493","remoteAddress":"127.0.0.1","remotePort":54810},"msg":"incoming request"}
[api] {"level":30,"time":1788739218383,"pid":68337,"hostname":"Mac-mini-de-Javier.local","reqId":"7cab5561-5f4b-40cc-a96c-8b69d29b2fc2","res":{"statusCode":200},"responseTime":1.000666000007186,"msg":"request completed"}
{"level":30,"time":1788739218383,"pid":68337,"hostname":"Mac-mini-de-Javier.local","reqId":"64f4b987-21d6-4d5d-b93a-f3b20561dca2","req":{"method":"GET","url":"/organizations","host":"127.0.0.1:3493","remoteAddress":"127.0.0.1","remotePort":54811},"msg":"incoming request"}
{"level":30,"time":1788739218384,"pid":68337,"hostname":"Mac-mini-de-Javier.local","reqId":"64f4b987-21d6-4d5d-b93a-f3b20561dca2","res":{"statusCode":200},"responseTime":0.9799590000184253,"msg":"request completed"}
[api] {"level":30,"time":1788739218407,"pid":68337,"hostname":"Mac-mini-de-Javier.local","reqId":"33eea092-5c22-4657-9992-81d235704738","req":{"method":"GET","url":"/admin/organizations","host":"127.0.0.1:3493","remoteAddress":"127.0.0.1","remotePort":54817},"msg":"incoming request"}
[api] {"level":30,"time":1788739218409,"pid":68337,"hostname":"Mac-mini-de-Javier.local","reqId":"33eea092-5c22-4657-9992-81d235704738","res":{"statusCode":403},"responseTime":1.9614580000052229,"msg":"request completed"}
  [32m✓[39m  [2m125 [22m[chromium] › e2e/skip-link.spec.ts:112:5 › Foco visible tras activar el skip-link (W-18) › en Organizaciones (/backoffice/organizaciones), el foco en #main-content es visible (outline/box-shadow reales)[2m (634ms)[22m
[api] {"level":30,"time":1788739219022,"pid":68337,"hostname":"Mac-mini-de-Javier.local","reqId":"46179605-57c2-48f3-baf0-d2d228060cbd","req":{"method":"POST","url":"/auth/refresh","host":"127.0.0.1:3493","remoteAddress":"127.0.0.1","remotePort":54818},"msg":"incoming request"}
[api] {"level":30,"time":1788739219027,"pid":68337,"hostname":"Mac-mini-de-Javier.local","reqId":"46179605-57c2-48f3-baf0-d2d228060cbd","res":{"statusCode":200},"responseTime":4.305875000020023,"msg":"request completed"}
[api] {"level":30,"time":1788739219030,"pid":68337,"hostname":"Mac-mini-de-Javier.local","reqId":"3d650894-569a-460d-b10a-02a398b757b2","req":{"method":"GET","url":"/me","host":"127.0.0.1:3493","remoteAddress":"127.0.0.1","remotePort":54819},"msg":"incoming request"}
[api] {"level":30,"time":1788739219033,"pid":68337,"hostname":"Mac-mini-de-Javier.local","reqId":"3d650894-569a-460d-b10a-02a398b757b2","res":{"statusCode":200},"responseTime":2.445666000014171,"msg":"request completed"}
[api] {"level":30,"time":1788739219033,"pid":68337,"hostname":"Mac-mini-de-Javier.local","reqId":"71ec3bab-0b10-4673-9fc6-ed2c45c42e62","req":{"method":"GET","url":"/organizations","host":"127.0.0.1:3493","remoteAddress":"127.0.0.1","remotePort":54820},"msg":"incoming request"}
{"level":30,"time":1788739219035,"pid":68337,"hostname":"Mac-mini-de-Javier.local","reqId":"71ec3bab-0b10-4673-9fc6-ed2c45c42e62","res":{"statusCode":200},"responseTime":1.8824170000152662,"msg":"request completed"}
[api] {"level":30,"time":1788739219062,"pid":68337,"hostname":"Mac-mini-de-Javier.local","reqId":"6cdaaad1-7948-433a-8925-47f3b26b90cd","req":{"method":"GET","url":"/organizations/322589df-9844-47c5-b0a7-4e93fac389a7/memberships","host":"127.0.0.1:3493","remoteAddress":"127.0.0.1","remotePort":54825},"msg":"incoming request"}
[api] {"level":30,"time":1788739219067,"pid":68337,"hostname":"Mac-mini-de-Javier.local","reqId":"6cdaaad1-7948-433a-8925-47f3b26b90cd","res":{"statusCode":200},"responseTime":4.797958999988623,"msg":"request completed"}
  [32m✓[39m  [2m126 [22m[chromium] › e2e/skip-link.spec.ts:112:5 › Foco visible tras activar el skip-link (W-18) › en Usuarios y roles (/backoffice/usuarios-roles), el foco en #main-content es visible (outline/box-shadow reales)[2m (649ms)[22m
[api] {"level":30,"time":1788739219979,"pid":68337,"hostname":"Mac-mini-de-Javier.local","reqId":"f7720643-1b24-4231-9f1d-9c010066df29","req":{"method":"POST","url":"/auth/refresh","host":"127.0.0.1:3493","remoteAddress":"127.0.0.1","remotePort":54826},"msg":"incoming request"}
[api] {"level":30,"time":1788739219982,"pid":68337,"hostname":"Mac-mini-de-Javier.local","reqId":"f7720643-1b24-4231-9f1d-9c010066df29","res":{"statusCode":200},"responseTime":2.470708000008017,"msg":"request completed"}
[api] {"level":30,"time":1788739219984,"pid":68337,"hostname":"Mac-mini-de-Javier.local","reqId":"00bcc41f-d0e1-4e2a-af97-b7ae9d511722","req":{"method":"GET","url":"/me","host":"127.0.0.1:3493","remoteAddress":"127.0.0.1","remotePort":54827},"msg":"incoming request"}
[api] {"level":30,"time":1788739219985,"pid":68337,"hostname":"Mac-mini-de-Javier.local","reqId":"00bcc41f-d0e1-4e2a-af97-b7ae9d511722","res":{"statusCode":200},"responseTime":1.0364999999874271,"msg":"request completed"}
[api] {"level":30,"time":1788739219985,"pid":68337,"hostname":"Mac-mini-de-Javier.local","reqId":"cf10a351-8cc8-4466-882e-d69d569dd6f8","req":{"method":"GET","url":"/organizations","host":"127.0.0.1:3493","remoteAddress":"127.0.0.1","remotePort":54828},"msg":"incoming request"}
{"level":30,"time":1788739219987,"pid":68337,"hostname":"Mac-mini-de-Javier.local","reqId":"cf10a351-8cc8-4466-882e-d69d569dd6f8","res":{"statusCode":200},"responseTime":1.5872920000110753,"msg":"request completed"}
[api] {"level":30,"time":1788739220012,"pid":68337,"hostname":"Mac-mini-de-Javier.local","reqId":"93d53f0d-105b-4d78-8c72-9b6321c6aee6","req":{"method":"GET","url":"/auth/2fa/status","host":"127.0.0.1:3493","remoteAddress":"127.0.0.1","remotePort":54833},"msg":"incoming request"}
[api] {"level":30,"time":1788739220014,"pid":68337,"hostname":"Mac-mini-de-Javier.local","reqId":"93d53f0d-105b-4d78-8c72-9b6321c6aee6","res":{"statusCode":200},"responseTime":2.0268340000184253,"msg":"request completed"}
{"level":30,"time":1788739220014,"pid":68337,"hostname":"Mac-mini-de-Javier.local","reqId":"61d10474-7493-4608-b695-456e00d2e48e","req":{"method":"GET","url":"/agents/runs","host":"127.0.0.1:3493","remoteAddress":"127.0.0.1","remotePort":54834},"msg":"incoming request"}
{"level":30,"time":1788739220016,"pid":68337,"hostname":"Mac-mini-de-Javier.local","reqId":"61d10474-7493-4608-b695-456e00d2e48e","res":{"statusCode":200},"responseTime":2.1695419999887235,"msg":"request completed"}
{"level":30,"time":1788739220016,"pid":68337,"hostname":"Mac-mini-de-Javier.local","reqId":"eaa1c259-0b59-4dde-acb2-f02b58f8d32b","req":{"method":"GET","url":"/agents/tool-calls","host":"127.0.0.1:3493","remoteAddress":"127.0.0.1","remotePort":54835},"msg":"incoming request"}
{"level":30,"time":1788739220020,"pid":68337,"hostname":"Mac-mini-de-Javier.local","reqId":"eaa1c259-0b59-4dde-acb2-f02b58f8d32b","res":{"statusCode":200},"responseTime":3.2559589999727905,"msg":"request completed"}
  [32m✓[39m  [2m127 [22m[chromium] › e2e/skip-link.spec.ts:112:5 › Foco visible tras activar el skip-link (W-18) › en Agentes y herramientas (/backoffice/agentes-herramientas), el foco en #main-content es visible (outline/box-shadow reales)[2m (939ms)[22m
[api] {"level":30,"time":1788739220621,"pid":68337,"hostname":"Mac-mini-de-Javier.local","reqId":"a311799c-b5b9-4e5c-abd0-d9ba8d9cf814","req":{"method":"POST","url":"/auth/refresh","host":"127.0.0.1:3493","remoteAddress":"127.0.0.1","remotePort":54837},"msg":"incoming request"}
[api] {"level":30,"time":1788739220625,"pid":68337,"hostname":"Mac-mini-de-Javier.local","reqId":"a311799c-b5b9-4e5c-abd0-d9ba8d9cf814","res":{"statusCode":200},"responseTime":3.176500000001397,"msg":"request completed"}
[api] {"level":30,"time":1788739220628,"pid":68337,"hostname":"Mac-mini-de-Javier.local","reqId":"4d6b9e5a-b985-42f2-9d87-cc7168300626","req":{"method":"GET","url":"/me","host":"127.0.0.1:3493","remoteAddress":"127.0.0.1","remotePort":54838},"msg":"incoming request"}
[api] {"level":30,"time":1788739220629,"pid":68337,"hostname":"Mac-mini-de-Javier.local","reqId":"4d6b9e5a-b985-42f2-9d87-cc7168300626","res":{"statusCode":200},"responseTime":1.0684159999946132,"msg":"request completed"}
[api] {"level":30,"time":1788739220629,"pid":68337,"hostname":"Mac-mini-de-Javier.local","reqId":"b45be2cd-5e1f-41d4-b1df-0a584163e8b2","req":{"method":"GET","url":"/organizations","host":"127.0.0.1:3493","remoteAddress":"127.0.0.1","remotePort":54839},"msg":"incoming request"}
{"level":30,"time":1788739220630,"pid":68337,"hostname":"Mac-mini-de-Javier.local","reqId":"b45be2cd-5e1f-41d4-b1df-0a584163e8b2","res":{"statusCode":200},"responseTime":0.9916669999947771,"msg":"request completed"}
[api] {"level":30,"time":1788739220654,"pid":68337,"hostname":"Mac-mini-de-Javier.local","reqId":"89a5a498-fccd-4154-aab0-9ba128c327d2","req":{"method":"GET","url":"/audit-log","host":"127.0.0.1:3493","remoteAddress":"127.0.0.1","remotePort":54845},"msg":"incoming request"}
[api] {"level":30,"time":1788739220657,"pid":68337,"hostname":"Mac-mini-de-Javier.local","reqId":"89a5a498-fccd-4154-aab0-9ba128c327d2","res":{"statusCode":200},"responseTime":2.942250000021886,"msg":"request completed"}
  [32m✓[39m  [2m128 [22m[chromium] › e2e/skip-link.spec.ts:112:5 › Foco visible tras activar el skip-link (W-18) › en Auditoría / Trazabilidad (/backoffice/auditoria), el foco en #main-content es visible (outline/box-shadow reales)[2m (644ms)[22m
[api] {"level":30,"time":1788739221292,"pid":68337,"hostname":"Mac-mini-de-Javier.local","reqId":"3497de12-ac0c-40a1-a113-efb8093b7d26","req":{"method":"POST","url":"/auth/refresh","host":"127.0.0.1:3493","remoteAddress":"127.0.0.1","remotePort":54852},"msg":"incoming request"}
[api] {"level":30,"time":1788739221295,"pid":68337,"hostname":"Mac-mini-de-Javier.local","reqId":"3497de12-ac0c-40a1-a113-efb8093b7d26","res":{"statusCode":200},"responseTime":2.284457999980077,"msg":"request completed"}
[api] {"level":30,"time":1788739221298,"pid":68337,"hostname":"Mac-mini-de-Javier.local","reqId":"90dede07-685c-4691-881c-bcf2028ad488","req":{"method":"GET","url":"/me","host":"127.0.0.1:3493","remoteAddress":"127.0.0.1","remotePort":54853},"msg":"incoming request"}
[api] {"level":30,"time":1788739221299,"pid":68337,"hostname":"Mac-mini-de-Javier.local","reqId":"90dede07-685c-4691-881c-bcf2028ad488","res":{"statusCode":200},"responseTime":1.2105000000447035,"msg":"request completed"}
[api] {"level":30,"time":1788739221299,"pid":68337,"hostname":"Mac-mini-de-Javier.local","reqId":"18d0f08c-4be0-412f-98df-274513e58147","req":{"method":"GET","url":"/organizations","host":"127.0.0.1:3493","remoteAddress":"127.0.0.1","remotePort":54854},"msg":"incoming request"}
{"level":30,"time":1788739221301,"pid":68337,"hostname":"Mac-mini-de-Javier.local","reqId":"18d0f08c-4be0-412f-98df-274513e58147","res":{"statusCode":200},"responseTime":2.200834000017494,"msg":"request completed"}
[api] {"level":30,"time":1788739221326,"pid":68337,"hostname":"Mac-mini-de-Javier.local","reqId":"9b8f8019-b422-4fbd-a896-dc0417c25df0","req":{"method":"GET","url":"/admin/connectors/freshness","host":"127.0.0.1:3493","remoteAddress":"127.0.0.1","remotePort":54859},"msg":"incoming request"}
[api] {"level":30,"time":1788739221328,"pid":68337,"hostname":"Mac-mini-de-Javier.local","reqId":"9b8f8019-b422-4fbd-a896-dc0417c25df0","res":{"statusCode":403},"responseTime":1.982166999951005,"msg":"request completed"}
  [32m✓[39m  [2m129 [22m[chromium] › e2e/skip-link.spec.ts:112:5 › Foco visible tras activar el skip-link (W-18) › en Conectores (/backoffice/conectores), el foco en #main-content es visible (outline/box-shadow reales)[2m (659ms)[22m
[api] {"level":30,"time":1788739221955,"pid":68337,"hostname":"Mac-mini-de-Javier.local","reqId":"46994013-f5f8-4bee-9360-01730945c78a","req":{"method":"POST","url":"/auth/refresh","host":"127.0.0.1:3493","remoteAddress":"127.0.0.1","remotePort":54860},"msg":"incoming request"}
[api] {"level":30,"time":1788739221959,"pid":68337,"hostname":"Mac-mini-de-Javier.local","reqId":"46994013-f5f8-4bee-9360-01730945c78a","res":{"statusCode":200},"responseTime":3.1966250000405125,"msg":"request completed"}
[api] {"level":30,"time":1788739221961,"pid":68337,"hostname":"Mac-mini-de-Javier.local","reqId":"4cc6b805-7c0f-46c9-9893-aaab6361f667","req":{"method":"GET","url":"/me","host":"127.0.0.1:3493","remoteAddress":"127.0.0.1","remotePort":54861},"msg":"incoming request"}
[api] {"level":30,"time":1788739221963,"pid":68337,"hostname":"Mac-mini-de-Javier.local","reqId":"4cc6b805-7c0f-46c9-9893-aaab6361f667","res":{"statusCode":200},"responseTime":1.9882090000319295,"msg":"request completed"}
[api] {"level":30,"time":1788739221963,"pid":68337,"hostname":"Mac-mini-de-Javier.local","reqId":"4f792eda-008a-4be1-9a6c-1d8d640cd676","req":{"method":"GET","url":"/organizations","host":"127.0.0.1:3493","remoteAddress":"127.0.0.1","remotePort":54862},"msg":"incoming request"}
{"level":30,"time":1788739221966,"pid":68337,"hostname":"Mac-mini-de-Javier.local","reqId":"4f792eda-008a-4be1-9a6c-1d8d640cd676","res":{"statusCode":200},"responseTime":2.259542000014335,"msg":"request completed"}
[api] {"level":30,"time":1788739221992,"pid":68337,"hostname":"Mac-mini-de-Javier.local","reqId":"8cd6ae45-c3ea-4244-bb51-ae1f3accfb97","req":{"method":"GET","url":"/admin/jobs","host":"127.0.0.1:3493","remoteAddress":"127.0.0.1","remotePort":54867},"msg":"incoming request"}
[api] {"level":30,"time":1788739221995,"pid":68337,"hostname":"Mac-mini-de-Javier.local","reqId":"8cd6ae45-c3ea-4244-bb51-ae1f3accfb97","res":{"statusCode":403},"responseTime":2.6776670000399463,"msg":"request completed"}
  [32m✓[39m  [2m130 [22m[chromium] › e2e/skip-link.spec.ts:112:5 › Foco visible tras activar el skip-link (W-18) › en Jobs (/backoffice/jobs), el foco en #main-content es visible (outline/box-shadow reales)[2m (651ms)[22m
[api] {"level":30,"time":1788739222627,"pid":68337,"hostname":"Mac-mini-de-Javier.local","reqId":"f5e9e356-d42a-43d9-a3b7-d2005b55395b","req":{"method":"POST","url":"/auth/refresh","host":"127.0.0.1:3493","remoteAddress":"127.0.0.1","remotePort":54868},"msg":"incoming request"}
{"level":30,"time":1788739222633,"pid":68337,"hostname":"Mac-mini-de-Javier.local","reqId":"f5e9e356-d42a-43d9-a3b7-d2005b55395b","res":{"statusCode":200},"responseTime":6.015833000012208,"msg":"request completed"}
[api] {"level":30,"time":1788739222638,"pid":68337,"hostname":"Mac-mini-de-Javier.local","reqId":"c6339b81-4967-47d7-80d5-5ad353c4a614","req":{"method":"GET","url":"/me","host":"127.0.0.1:3493","remoteAddress":"127.0.0.1","remotePort":54869},"msg":"incoming request"}
[api] {"level":30,"time":1788739222639,"pid":68337,"hostname":"Mac-mini-de-Javier.local","reqId":"c6339b81-4967-47d7-80d5-5ad353c4a614","res":{"statusCode":200},"responseTime":1.544166999985464,"msg":"request completed"}
[api] {"level":30,"time":1788739222640,"pid":68337,"hostname":"Mac-mini-de-Javier.local","reqId":"f5271035-bb19-4fb8-aaa3-fe6200695aaf","req":{"method":"GET","url":"/organizations","host":"127.0.0.1:3493","remoteAddress":"127.0.0.1","remotePort":54870},"msg":"incoming request"}
{"level":30,"time":1788739222643,"pid":68337,"hostname":"Mac-mini-de-Javier.local","reqId":"f5271035-bb19-4fb8-aaa3-fe6200695aaf","res":{"statusCode":200},"responseTime":3.1274170000106096,"msg":"request completed"}
[api] {"level":30,"time":1788739222661,"pid":68337,"hostname":"Mac-mini-de-Javier.local","reqId":"3dede36d-6c4e-4952-bb02-4262914b9060","req":{"method":"GET","url":"/admin/costs","host":"127.0.0.1:3493","remoteAddress":"127.0.0.1","remotePort":54875},"msg":"incoming request"}
[api] {"level":30,"time":1788739222663,"pid":68337,"hostname":"Mac-mini-de-Javier.local","reqId":"3dede36d-6c4e-4952-bb02-4262914b9060","res":{"statusCode":403},"responseTime":2.0153339999960735,"msg":"request completed"}
  [32m✓[39m  [2m131 [22m[chromium] › e2e/skip-link.spec.ts:112:5 › Foco visible tras activar el skip-link (W-18) › en Costos (/backoffice/costos), el foco en #main-content es visible (outline/box-shadow reales)[2m (668ms)[22m
[api] {"level":30,"time":1788739223601,"pid":68337,"hostname":"Mac-mini-de-Javier.local","reqId":"0e6203c5-f0df-4314-a3d2-82ad0d7d700e","req":{"method":"POST","url":"/auth/refresh","host":"127.0.0.1:3493","remoteAddress":"127.0.0.1","remotePort":54906},"msg":"incoming request"}
[api] {"level":30,"time":1788739223604,"pid":68337,"hostname":"Mac-mini-de-Javier.local","reqId":"0e6203c5-f0df-4314-a3d2-82ad0d7d700e","res":{"statusCode":200},"responseTime":2.5550829999847338,"msg":"request completed"}
[api] {"level":30,"time":1788739223606,"pid":68337,"hostname":"Mac-mini-de-Javier.local","reqId":"c0ab4534-c03e-4e82-b511-edc81a8d6a87","req":{"method":"GET","url":"/me","host":"127.0.0.1:3493","remoteAddress":"127.0.0.1","remotePort":54907},"msg":"incoming request"}
[api] {"level":30,"time":1788739223608,"pid":68337,"hostname":"Mac-mini-de-Javier.local","reqId":"c0ab4534-c03e-4e82-b511-edc81a8d6a87","res":{"statusCode":200},"responseTime":1.3258330000098795,"msg":"request completed"}
[api] {"level":30,"time":1788739223608,"pid":68337,"hostname":"Mac-mini-de-Javier.local","reqId":"5dedb56c-cb40-40cb-b488-77c2828a2f80","req":{"method":"GET","url":"/organizations","host":"127.0.0.1:3493","remoteAddress":"127.0.0.1","remotePort":54908},"msg":"incoming request"}
{"level":30,"time":1788739223610,"pid":68337,"hostname":"Mac-mini-de-Javier.local","reqId":"5dedb56c-cb40-40cb-b488-77c2828a2f80","res":{"statusCode":200},"responseTime":2.026082999946084,"msg":"request completed"}
[api] {"level":30,"time":1788739223637,"pid":68337,"hostname":"Mac-mini-de-Javier.local","reqId":"01227a46-b664-4140-9d6f-86ffd2b3e5f8","req":{"method":"GET","url":"/admin/incidents","host":"127.0.0.1:3493","remoteAddress":"127.0.0.1","remotePort":54913},"msg":"incoming request"}
[api] {"level":30,"time":1788739223639,"pid":68337,"hostname":"Mac-mini-de-Javier.local","reqId":"01227a46-b664-4140-9d6f-86ffd2b3e5f8","res":{"statusCode":403},"responseTime":2.357458000013139,"msg":"request completed"}
  [32m✓[39m  [2m132 [22m[chromium] › e2e/skip-link.spec.ts:112:5 › Foco visible tras activar el skip-link (W-18) › en Incidentes (/backoffice/incidentes), el foco en #main-content es visible (outline/box-shadow reales)[2m (953ms)[22m
[api] {"level":30,"time":1788739224267,"pid":68337,"hostname":"Mac-mini-de-Javier.local","reqId":"e21665da-276c-4382-8a8c-43f9c58f5feb","req":{"method":"POST","url":"/auth/refresh","host":"127.0.0.1:3493","remoteAddress":"127.0.0.1","remotePort":54916},"msg":"incoming request"}
[api] {"level":30,"time":1788739224270,"pid":68337,"hostname":"Mac-mini-de-Javier.local","reqId":"e21665da-276c-4382-8a8c-43f9c58f5feb","res":{"statusCode":200},"responseTime":3.068250000011176,"msg":"request completed"}
[api] {"level":30,"time":1788739224272,"pid":68337,"hostname":"Mac-mini-de-Javier.local","reqId":"2b54efea-9e86-4b83-8684-9d9c3697fcdc","req":{"method":"GET","url":"/me","host":"127.0.0.1:3493","remoteAddress":"127.0.0.1","remotePort":54917},"msg":"incoming request"}
[api] {"level":30,"time":1788739224274,"pid":68337,"hostname":"Mac-mini-de-Javier.local","reqId":"2b54efea-9e86-4b83-8684-9d9c3697fcdc","res":{"statusCode":200},"responseTime":1.167749999964144,"msg":"request completed"}
[api] {"level":30,"time":1788739224274,"pid":68337,"hostname":"Mac-mini-de-Javier.local","reqId":"c3dc2c7f-453b-4965-bca2-16bbe9c90be1","req":{"method":"GET","url":"/organizations","host":"127.0.0.1:3493","remoteAddress":"127.0.0.1","remotePort":54918},"msg":"incoming request"}
{"level":30,"time":1788739224275,"pid":68337,"hostname":"Mac-mini-de-Javier.local","reqId":"c3dc2c7f-453b-4965-bca2-16bbe9c90be1","res":{"statusCode":200},"responseTime":1.33137499995064,"msg":"request completed"}
[api] {"level":30,"time":1788739224300,"pid":68337,"hostname":"Mac-mini-de-Javier.local","reqId":"7c8e8b60-d6e0-44fe-ac46-83a1a751af41","req":{"method":"GET","url":"/auth/2fa/status","host":"127.0.0.1:3493","remoteAddress":"127.0.0.1","remotePort":54923},"msg":"incoming request"}
[api] {"level":30,"time":1788739224302,"pid":68337,"hostname":"Mac-mini-de-Javier.local","reqId":"7c8e8b60-d6e0-44fe-ac46-83a1a751af41","res":{"statusCode":200},"responseTime":2.0813339999876916,"msg":"request completed"}
{"level":30,"time":1788739224302,"pid":68337,"hostname":"Mac-mini-de-Javier.local","reqId":"57f3af50-13ad-47c2-8c41-5407aba755fd","req":{"method":"GET","url":"/admin/approvals","host":"127.0.0.1:3493","remoteAddress":"127.0.0.1","remotePort":54924},"msg":"incoming request"}
{"level":30,"time":1788739224304,"pid":68337,"hostname":"Mac-mini-de-Javier.local","reqId":"57f3af50-13ad-47c2-8c41-5407aba755fd","res":{"statusCode":403},"responseTime":1.3190000000176951,"msg":"request completed"}
  [32m✓[39m  [2m133 [22m[chromium] › e2e/skip-link.spec.ts:112:5 › Foco visible tras activar el skip-link (W-18) › en Aprobaciones (tool_calls) (/backoffice/aprobaciones), el foco en #main-content es visible (outline/box-shadow reales)[2m (649ms)[22m
[api] {"level":30,"time":1788739224929,"pid":68337,"hostname":"Mac-mini-de-Javier.local","reqId":"d668b05c-24c7-441f-8c9d-a0f45597875d","req":{"method":"POST","url":"/auth/refresh","host":"127.0.0.1:3493","remoteAddress":"127.0.0.1","remotePort":54935},"msg":"incoming request"}
[api] {"level":30,"time":1788739224931,"pid":68337,"hostname":"Mac-mini-de-Javier.local","reqId":"d668b05c-24c7-441f-8c9d-a0f45597875d","res":{"statusCode":200},"responseTime":1.6871670000255108,"msg":"request completed"}
[api] {"level":30,"time":1788739224937,"pid":68337,"hostname":"Mac-mini-de-Javier.local","reqId":"4ad9a174-e152-44e5-8159-0f9868cd67cd","req":{"method":"GET","url":"/me","host":"127.0.0.1:3493","remoteAddress":"127.0.0.1","remotePort":54936},"msg":"incoming request"}
[api] {"level":30,"time":1788739224940,"pid":68337,"hostname":"Mac-mini-de-Javier.local","reqId":"4ad9a174-e152-44e5-8159-0f9868cd67cd","res":{"statusCode":200},"responseTime":2.6430839999811724,"msg":"request completed"}
[api] {"level":30,"time":1788739224940,"pid":68337,"hostname":"Mac-mini-de-Javier.local","reqId":"b71bfb34-11c3-4724-bf31-ef19d8ec2bfd","req":{"method":"GET","url":"/organizations","host":"127.0.0.1:3493","remoteAddress":"127.0.0.1","remotePort":54937},"msg":"incoming request"}
{"level":30,"time":1788739224942,"pid":68337,"hostname":"Mac-mini-de-Javier.local","reqId":"b71bfb34-11c3-4724-bf31-ef19d8ec2bfd","res":{"statusCode":200},"responseTime":2.0450829999754205,"msg":"request completed"}
[api] {"level":30,"time":1788739224969,"pid":68337,"hostname":"Mac-mini-de-Javier.local","reqId":"215c2935-cf38-4ddf-9188-11b94da9673e","req":{"method":"GET","url":"/auth/2fa/status","host":"127.0.0.1:3493","remoteAddress":"127.0.0.1","remotePort":54943},"msg":"incoming request"}
[api] {"level":30,"time":1788739224971,"pid":68337,"hostname":"Mac-mini-de-Javier.local","reqId":"215c2935-cf38-4ddf-9188-11b94da9673e","res":{"statusCode":200},"responseTime":2.0870409999624826,"msg":"request completed"}
[api] {"level":30,"time":1788739224972,"pid":68337,"hostname":"Mac-mini-de-Javier.local","reqId":"cd2cf2b6-4d80-4a91-91e8-2490bc4dc281","req":{"method":"GET","url":"/mail/preferences","host":"127.0.0.1:3493","remoteAddress":"127.0.0.1","remotePort":54944},"msg":"incoming request"}
{"level":30,"time":1788739224973,"pid":68337,"hostname":"Mac-mini-de-Javier.local","reqId":"cd2cf2b6-4d80-4a91-91e8-2490bc4dc281","res":{"statusCode":200},"responseTime":1.5562079999945126,"msg":"request completed"}
  [32m✓[39m  [2m134 [22m[chromium] › e2e/skip-link.spec.ts:112:5 › Foco visible tras activar el skip-link (W-18) › en Configuración (/configuracion), el foco en #main-content es visible (outline/box-shadow reales)[2m (663ms)[22m
[api] {"level":30,"time":1788739225613,"pid":68337,"hostname":"Mac-mini-de-Javier.local","reqId":"bfb4ab97-3684-4d33-b4e7-170dee39c121","req":{"method":"POST","url":"/auth/refresh","host":"127.0.0.1:3493","remoteAddress":"127.0.0.1","remotePort":54951},"msg":"incoming request"}
[api] {"level":30,"time":1788739225616,"pid":68337,"hostname":"Mac-mini-de-Javier.local","reqId":"bfb4ab97-3684-4d33-b4e7-170dee39c121","res":{"statusCode":200},"responseTime":3.1509169999626465,"msg":"request completed"}
[api] {"level":30,"time":1788739225625,"pid":68337,"hostname":"Mac-mini-de-Javier.local","reqId":"59ea1079-3a90-4a3c-9d80-725160eea549","req":{"method":"GET","url":"/me","host":"127.0.0.1:3493","remoteAddress":"127.0.0.1","remotePort":54952},"msg":"incoming request"}
[api] {"level":30,"time":1788739225626,"pid":68337,"hostname":"Mac-mini-de-Javier.local","reqId":"59ea1079-3a90-4a3c-9d80-725160eea549","res":{"statusCode":200},"responseTime":1.1161250000004657,"msg":"request completed"}
[api] {"level":30,"time":1788739225626,"pid":68337,"hostname":"Mac-mini-de-Javier.local","reqId":"fb84297a-fa58-468c-bced-c508e7607f01","req":{"method":"GET","url":"/organizations","host":"127.0.0.1:3493","remoteAddress":"127.0.0.1","remotePort":54953},"msg":"incoming request"}
{"level":30,"time":1788739225628,"pid":68337,"hostname":"Mac-mini-de-Javier.local","reqId":"fb84297a-fa58-468c-bced-c508e7607f01","res":{"statusCode":200},"responseTime":1.0712080000084825,"msg":"request completed"}
  [32m✓[39m  [2m135 [22m[chromium] › e2e/skip-link.spec.ts:112:5 › Foco visible tras activar el skip-link (W-18) › en Aviso de privacidad (/privacidad), el foco en #main-content es visible (outline/box-shadow reales)[2m (624ms)[22m
[api] {"level":30,"time":1788739226233,"pid":68337,"hostname":"Mac-mini-de-Javier.local","reqId":"a4679b99-e236-4479-b149-c1c88cbecb72","req":{"method":"POST","url":"/auth/refresh","host":"127.0.0.1:3493","remoteAddress":"127.0.0.1","remotePort":54957},"msg":"incoming request"}
[api] {"level":30,"time":1788739226235,"pid":68337,"hostname":"Mac-mini-de-Javier.local","reqId":"a4679b99-e236-4479-b149-c1c88cbecb72","res":{"statusCode":200},"responseTime":2.799332999973558,"msg":"request completed"}
[api] {"level":30,"time":1788739226250,"pid":68337,"hostname":"Mac-mini-de-Javier.local","reqId":"016e00e9-9917-40c5-8af6-b876041782d9","req":{"method":"GET","url":"/me","host":"127.0.0.1:3493","remoteAddress":"127.0.0.1","remotePort":54958},"msg":"incoming request"}
[api] {"level":30,"time":1788739226252,"pid":68337,"hostname":"Mac-mini-de-Javier.local","reqId":"016e00e9-9917-40c5-8af6-b876041782d9","res":{"statusCode":200},"responseTime":1.6110830000252463,"msg":"request completed"}
[api] {"level":30,"time":1788739226252,"pid":68337,"hostname":"Mac-mini-de-Javier.local","reqId":"c5fecc4f-0e64-450d-b7aa-b7aeff6ccbca","req":{"method":"GET","url":"/organizations","host":"127.0.0.1:3493","remoteAddress":"127.0.0.1","remotePort":54959},"msg":"incoming request"}
{"level":30,"time":1788739226253,"pid":68337,"hostname":"Mac-mini-de-Javier.local","reqId":"c5fecc4f-0e64-450d-b7aa-b7aeff6ccbca","res":{"statusCode":200},"responseTime":1.3448330000392161,"msg":"request completed"}
  [32m✓[39m  [2m136 [22m[chromium] › e2e/skip-link.spec.ts:112:5 › Foco visible tras activar el skip-link (W-18) › en Términos de servicio (/legal/terminos), el foco en #main-content es visible (outline/box-shadow reales)[2m (609ms)[22m
[api] {"level":30,"time":1788739226854,"pid":68337,"hostname":"Mac-mini-de-Javier.local","reqId":"1577190b-1c30-4929-b021-75d9dcf4be01","req":{"method":"POST","url":"/auth/refresh","host":"127.0.0.1:3493","remoteAddress":"127.0.0.1","remotePort":54961},"msg":"incoming request"}
[api] {"level":30,"time":1788739226857,"pid":68337,"hostname":"Mac-mini-de-Javier.local","reqId":"1577190b-1c30-4929-b021-75d9dcf4be01","res":{"statusCode":200},"responseTime":2.3466249999473803,"msg":"request completed"}
[api] {"level":30,"time":1788739226859,"pid":68337,"hostname":"Mac-mini-de-Javier.local","reqId":"1e00c6a9-01d6-4f13-a7c5-667262d28356","req":{"method":"GET","url":"/me","host":"127.0.0.1:3493","remoteAddress":"127.0.0.1","remotePort":54962},"msg":"incoming request"}
[api] {"level":30,"time":1788739226860,"pid":68337,"hostname":"Mac-mini-de-Javier.local","reqId":"1e00c6a9-01d6-4f13-a7c5-667262d28356","res":{"statusCode":200},"responseTime":1.0302089999895543,"msg":"request completed"}
[api] {"level":30,"time":1788739226860,"pid":68337,"hostname":"Mac-mini-de-Javier.local","reqId":"e17ccac0-f4ee-441f-91fe-564a80f4bac5","req":{"method":"GET","url":"/organizations","host":"127.0.0.1:3493","remoteAddress":"127.0.0.1","remotePort":54963},"msg":"incoming request"}
{"level":30,"time":1788739226861,"pid":68337,"hostname":"Mac-mini-de-Javier.local","reqId":"e17ccac0-f4ee-441f-91fe-564a80f4bac5","res":{"statusCode":200},"responseTime":0.8602500000270084,"msg":"request completed"}
[api] {"level":30,"time":1788739226887,"pid":68337,"hostname":"Mac-mini-de-Javier.local","reqId":"646eccaa-c390-4ad6-af97-6efa928e11c4","req":{"method":"GET","url":"/tenders?limit=100","host":"127.0.0.1:3493","remoteAddress":"127.0.0.1","remotePort":54969},"msg":"incoming request"}
[api] {"level":30,"time":1788739226890,"pid":68337,"hostname":"Mac-mini-de-Javier.local","reqId":"646eccaa-c390-4ad6-af97-6efa928e11c4","res":{"statusCode":200},"responseTime":2.6137089999974705,"msg":"request completed"}
{"level":30,"time":1788739226890,"pid":68337,"hostname":"Mac-mini-de-Javier.local","reqId":"c0208d9c-6b48-4d4a-9d2e-fb5ed20665b4","req":{"method":"GET","url":"/matching/tenders","host":"127.0.0.1:3493","remoteAddress":"127.0.0.1","remotePort":54970},"msg":"incoming request"}
{"level":30,"time":1788739226893,"pid":68337,"hostname":"Mac-mini-de-Javier.local","reqId":"c0208d9c-6b48-4d4a-9d2e-fb5ed20665b4","res":{"statusCode":200},"responseTime":2.7920409999787807,"msg":"request completed"}
{"level":30,"time":1788739226893,"pid":68337,"hostname":"Mac-mini-de-Javier.local","reqId":"90e50f8a-c505-44e8-91fc-4b3b9a7e93b3","req":{"method":"GET","url":"/company/rates","host":"127.0.0.1:3493","remoteAddress":"127.0.0.1","remotePort":54971},"msg":"incoming request"}
{"level":30,"time":1788739226895,"pid":68337,"hostname":"Mac-mini-de-Javier.local","reqId":"90e50f8a-c505-44e8-91fc-4b3b9a7e93b3","res":{"statusCode":200},"responseTime":1.7842499999678694,"msg":"request completed"}
{"level":30,"time":1788739226895,"pid":68337,"hostname":"Mac-mini-de-Javier.local","reqId":"c02b3674-7bc0-4a08-bfdb-df84f76c60e6","req":{"method":"GET","url":"/expediente/post-award-alerts","host":"127.0.0.1:3493","remoteAddress":"127.0.0.1","remotePort":54972},"msg":"incoming request"}
{"level":30,"time":1788739226896,"pid":68337,"hostname":"Mac-mini-de-Javier.local","reqId":"c02b3674-7bc0-4a08-bfdb-df84f76c60e6","res":{"statusCode":200},"responseTime":1.67716699995799,"msg":"request completed"}
{"level":30,"time":1788739226896,"pid":68337,"hostname":"Mac-mini-de-Javier.local","reqId":"0f828ea4-62ec-4c7c-a2d2-714dd65b41e8","req":{"method":"GET","url":"/audit-log","host":"127.0.0.1:3493","remoteAddress":"127.0.0.1","remotePort":54973},"msg":"incoming request"}
{"level":30,"time":1788739226900,"pid":68337,"hostname":"Mac-mini-de-Javier.local","reqId":"0f828ea4-62ec-4c7c-a2d2-714dd65b41e8","res":{"statusCode":200},"responseTime":3.383333000005223,"msg":"request completed"}
[api] {"level":30,"time":1788739226900,"pid":68337,"hostname":"Mac-mini-de-Javier.local","reqId":"afc19940-44ad-486c-85f6-20baeb784bd3","req":{"method":"GET","url":"/company/profile","host":"127.0.0.1:3493","remoteAddress":"127.0.0.1","remotePort":54974},"msg":"incoming request"}
{"level":30,"time":1788739226901,"pid":68337,"hostname":"Mac-mini-de-Javier.local","reqId":"afc19940-44ad-486c-85f6-20baeb784bd3","res":{"statusCode":200},"responseTime":1.4976670000469312,"msg":"request completed"}
[api] {"level":30,"time":1788739226902,"pid":68337,"hostname":"Mac-mini-de-Javier.local","reqId":"e68c18b4-e3da-4003-a604-38131686770b","req":{"method":"GET","url":"/company/documents","host":"127.0.0.1:3493","remoteAddress":"127.0.0.1","remotePort":54976},"msg":"incoming request"}
{"level":30,"time":1788739226905,"pid":68337,"hostname":"Mac-mini-de-Javier.local","reqId":"e68c18b4-e3da-4003-a604-38131686770b","res":{"statusCode":200},"responseTime":3.327625000034459,"msg":"request completed"}
[api] {"level":30,"time":1788739226905,"pid":68337,"hostname":"Mac-mini-de-Javier.local","reqId":"f9da223d-137c-42cf-b4a1-ae4cb17f87ee","req":{"method":"GET","url":"/tenders?limit=1","host":"127.0.0.1:3493","remoteAddress":"127.0.0.1","remotePort":54978},"msg":"incoming request"}
{"level":30,"time":1788739226908,"pid":68337,"hostname":"Mac-mini-de-Javier.local","reqId":"f9da223d-137c-42cf-b4a1-ae4cb17f87ee","res":{"statusCode":200},"responseTime":2.6867910000146367,"msg":"request completed"}
[api] {"level":30,"time":1788739226908,"pid":68337,"hostname":"Mac-mini-de-Javier.local","reqId":"365dc6a3-3ce9-4481-a0e9-703f09fa2690","req":{"method":"GET","url":"/auth/2fa/status","host":"127.0.0.1:3493","remoteAddress":"127.0.0.1","remotePort":54980},"msg":"incoming request"}
{"level":30,"time":1788739226909,"pid":68337,"hostname":"Mac-mini-de-Javier.local","reqId":"365dc6a3-3ce9-4481-a0e9-703f09fa2690","res":{"statusCode":200},"responseTime":1.0054160000290722,"msg":"request completed"}
  [32m✓[39m  [2m137 [22m[chromium] › e2e/touch-targets.spec.ts:9:3 › Objetivos táctiles ≥44×44px (W-10) › el botón hamburguesa mide al menos 44×44px[2m (645ms)[22m
[api] {"level":30,"time":1788739227495,"pid":68337,"hostname":"Mac-mini-de-Javier.local","reqId":"41bca2a4-763e-48d2-8309-5af033dab6e0","req":{"method":"POST","url":"/auth/refresh","host":"127.0.0.1:3493","remoteAddress":"127.0.0.1","remotePort":54985},"msg":"incoming request"}
[api] {"level":30,"time":1788739227498,"pid":68337,"hostname":"Mac-mini-de-Javier.local","reqId":"41bca2a4-763e-48d2-8309-5af033dab6e0","res":{"statusCode":200},"responseTime":2.2848339999909513,"msg":"request completed"}
[api] {"level":30,"time":1788739227499,"pid":68337,"hostname":"Mac-mini-de-Javier.local","reqId":"6bd6e486-4fcc-40f6-aebe-00e482e15a84","req":{"method":"GET","url":"/me","host":"127.0.0.1:3493","remoteAddress":"127.0.0.1","remotePort":54986},"msg":"incoming request"}
[api] {"level":30,"time":1788739227500,"pid":68337,"hostname":"Mac-mini-de-Javier.local","reqId":"6bd6e486-4fcc-40f6-aebe-00e482e15a84","res":{"statusCode":200},"responseTime":0.9494999999878928,"msg":"request completed"}
{"level":30,"time":1788739227500,"pid":68337,"hostname":"Mac-mini-de-Javier.local","reqId":"62ebb2da-28cf-4e35-8cdb-016e773a125d","req":{"method":"GET","url":"/organizations","host":"127.0.0.1:3493","remoteAddress":"127.0.0.1","remotePort":54987},"msg":"incoming request"}
{"level":30,"time":1788739227501,"pid":68337,"hostname":"Mac-mini-de-Javier.local","reqId":"62ebb2da-28cf-4e35-8cdb-016e773a125d","res":{"statusCode":200},"responseTime":1.0128750000149012,"msg":"request completed"}
[api] {"level":30,"time":1788739227527,"pid":68337,"hostname":"Mac-mini-de-Javier.local","reqId":"91d0b943-505f-4f76-9ef7-c07f9810f923","req":{"method":"GET","url":"/tenders?limit=100","host":"127.0.0.1:3493","remoteAddress":"127.0.0.1","remotePort":54993},"msg":"incoming request"}
[api] {"level":30,"time":1788739227529,"pid":68337,"hostname":"Mac-mini-de-Javier.local","reqId":"91d0b943-505f-4f76-9ef7-c07f9810f923","res":{"statusCode":200},"responseTime":2.3687909999862313,"msg":"request completed"}
{"level":30,"time":1788739227529,"pid":68337,"hostname":"Mac-mini-de-Javier.local","reqId":"e72bd91d-ddaf-44c6-8e0f-0f890b45eb40","req":{"method":"GET","url":"/matching/tenders","host":"127.0.0.1:3493","remoteAddress":"127.0.0.1","remotePort":54994},"msg":"incoming request"}
{"level":30,"time":1788739227533,"pid":68337,"hostname":"Mac-mini-de-Javier.local","reqId":"e72bd91d-ddaf-44c6-8e0f-0f890b45eb40","res":{"statusCode":200},"responseTime":3.9235420000040904,"msg":"request completed"}
{"level":30,"time":1788739227533,"pid":68337,"hostname":"Mac-mini-de-Javier.local","reqId":"07b81d17-13d9-42bd-be88-f0f5a6cb2bd6","req":{"method":"GET","url":"/company/rates","host":"127.0.0.1:3493","remoteAddress":"127.0.0.1","remotePort":54995},"msg":"incoming request"}
{"level":30,"time":1788739227536,"pid":68337,"hostname":"Mac-mini-de-Javier.local","reqId":"07b81d17-13d9-42bd-be88-f0f5a6cb2bd6","res":{"statusCode":200},"responseTime":2.656500000040978,"msg":"request completed"}
{"level":30,"time":1788739227536,"pid":68337,"hostname":"Mac-mini-de-Javier.local","reqId":"9d0a1cd6-05b3-4d84-93df-849d2f993ae5","req":{"method":"GET","url":"/expediente/post-award-alerts","host":"127.0.0.1:3493","remoteAddress":"127.0.0.1","remotePort":54996},"msg":"incoming request"}
{"level":30,"time":1788739227542,"pid":68337,"hostname":"Mac-mini-de-Javier.local","reqId":"9d0a1cd6-05b3-4d84-93df-849d2f993ae5","res":{"statusCode":200},"responseTime":4.887915999977849,"msg":"request completed"}
{"level":30,"time":1788739227542,"pid":68337,"hostname":"Mac-mini-de-Javier.local","reqId":"43f600aa-399e-4675-9773-c8c0d39ab761","req":{"method":"GET","url":"/audit-log","host":"127.0.0.1:3493","remoteAddress":"127.0.0.1","remotePort":54997},"msg":"incoming request"}
{"level":30,"time":1788739227544,"pid":68337,"hostname":"Mac-mini-de-Javier.local","reqId":"43f600aa-399e-4675-9773-c8c0d39ab761","res":{"statusCode":200},"responseTime":2.346332999994047,"msg":"request completed"}
{"level":30,"time":1788739227544,"pid":68337,"hostname":"Mac-mini-de-Javier.local","reqId":"0edbeac9-855c-4d44-8270-25c7c85defa3","req":{"method":"GET","url":"/company/profile","host":"127.0.0.1:3493","remoteAddress":"127.0.0.1","remotePort":54998},"msg":"incoming request"}
{"level":30,"time":1788739227546,"pid":68337,"hostname":"Mac-mini-de-Javier.local","reqId":"0edbeac9-855c-4d44-8270-25c7c85defa3","res":{"statusCode":200},"responseTime":1.9082080000080168,"msg":"request completed"}
[api] {"level":30,"time":1788739227546,"pid":68337,"hostname":"Mac-mini-de-Javier.local","reqId":"aff6bd0f-032b-45f3-af93-a20aa5cd3361","req":{"method":"GET","url":"/company/documents","host":"127.0.0.1:3493","remoteAddress":"127.0.0.1","remotePort":55000},"msg":"incoming request"}
[api] {"level":30,"time":1788739227548,"pid":68337,"hostname":"Mac-mini-de-Javier.local","reqId":"aff6bd0f-032b-45f3-af93-a20aa5cd3361","res":{"statusCode":200},"responseTime":1.530750000034459,"msg":"request completed"}
[api] {"level":30,"time":1788739227548,"pid":68337,"hostname":"Mac-mini-de-Javier.local","reqId":"b01bfe23-f75b-413a-b03c-b30a39cad545","req":{"method":"GET","url":"/tenders?limit=1","host":"127.0.0.1:3493","remoteAddress":"127.0.0.1","remotePort":55002},"msg":"incoming request"}
{"level":30,"time":1788739227550,"pid":68337,"hostname":"Mac-mini-de-Javier.local","reqId":"b01bfe23-f75b-413a-b03c-b30a39cad545","res":{"statusCode":200},"responseTime":1.5356669999891892,"msg":"request completed"}
[api] {"level":30,"time":1788739227550,"pid":68337,"hostname":"Mac-mini-de-Javier.local","reqId":"71192ad3-bf6e-44ec-8ab7-bcd559227f36","req":{"method":"GET","url":"/auth/2fa/status","host":"127.0.0.1:3493","remoteAddress":"127.0.0.1","remotePort":55004},"msg":"incoming request"}
{"level":30,"time":1788739227551,"pid":68337,"hostname":"Mac-mini-de-Javier.local","reqId":"71192ad3-bf6e-44ec-8ab7-bcd559227f36","res":{"statusCode":200},"responseTime":0.9401250000228174,"msg":"request completed"}
  [32m✓[39m  [2m138 [22m[chromium] › e2e/touch-targets.spec.ts:20:3 › Objetivos táctiles ≥44×44px (W-10) › el primer link del drawer móvil mide al menos 44px de alto[2m (695ms)[22m
[api] {"level":30,"time":1788739228196,"pid":68337,"hostname":"Mac-mini-de-Javier.local","reqId":"0541b3f8-559f-4ac7-907b-4f276b5be184","req":{"method":"POST","url":"/auth/refresh","host":"127.0.0.1:3493","remoteAddress":"127.0.0.1","remotePort":55011},"msg":"incoming request"}
[api] {"level":30,"time":1788739228199,"pid":68337,"hostname":"Mac-mini-de-Javier.local","reqId":"0541b3f8-559f-4ac7-907b-4f276b5be184","res":{"statusCode":200},"responseTime":2.6915839999564923,"msg":"request completed"}
[api] {"level":30,"time":1788739228202,"pid":68337,"hostname":"Mac-mini-de-Javier.local","reqId":"7a4a24af-0120-45f4-bed1-69456d78a0be","req":{"method":"GET","url":"/me","host":"127.0.0.1:3493","remoteAddress":"127.0.0.1","remotePort":55012},"msg":"incoming request"}
[api] {"level":30,"time":1788739228203,"pid":68337,"hostname":"Mac-mini-de-Javier.local","reqId":"7a4a24af-0120-45f4-bed1-69456d78a0be","res":{"statusCode":200},"responseTime":1.2464170000166632,"msg":"request completed"}
{"level":30,"time":1788739228204,"pid":68337,"hostname":"Mac-mini-de-Javier.local","reqId":"b355fbe1-e8d2-40bf-886f-439052817721","req":{"method":"GET","url":"/organizations","host":"127.0.0.1:3493","remoteAddress":"127.0.0.1","remotePort":55013},"msg":"incoming request"}
{"level":30,"time":1788739228205,"pid":68337,"hostname":"Mac-mini-de-Javier.local","reqId":"b355fbe1-e8d2-40bf-886f-439052817721","res":{"statusCode":200},"responseTime":1.5591669999994338,"msg":"request completed"}
[api] {"level":30,"time":1788739228232,"pid":68337,"hostname":"Mac-mini-de-Javier.local","reqId":"a298fcb8-fe1a-4ea9-8bef-21998b500b63","req":{"method":"GET","url":"/tenders?limit=100","host":"127.0.0.1:3493","remoteAddress":"127.0.0.1","remotePort":55019},"msg":"incoming request"}
[api] {"level":30,"time":1788739228234,"pid":68337,"hostname":"Mac-mini-de-Javier.local","reqId":"a298fcb8-fe1a-4ea9-8bef-21998b500b63","res":{"statusCode":200},"responseTime":2.7664999999688007,"msg":"request completed"}
{"level":30,"time":1788739228235,"pid":68337,"hostname":"Mac-mini-de-Javier.local","reqId":"cc22fbd4-2c90-48ae-bb1e-f76cb6868b17","req":{"method":"GET","url":"/matching/tenders","host":"127.0.0.1:3493","remoteAddress":"127.0.0.1","remotePort":55020},"msg":"incoming request"}
{"level":30,"time":1788739228237,"pid":68337,"hostname":"Mac-mini-de-Javier.local","reqId":"cc22fbd4-2c90-48ae-bb1e-f76cb6868b17","res":{"statusCode":200},"responseTime":2.912292000022717,"msg":"request completed"}
{"level":30,"time":1788739228237,"pid":68337,"hostname":"Mac-mini-de-Javier.local","reqId":"6d1253e2-b8bf-40a2-9515-222e9651f5e6","req":{"method":"GET","url":"/company/rates","host":"127.0.0.1:3493","remoteAddress":"127.0.0.1","remotePort":55021},"msg":"incoming request"}
{"level":30,"time":1788739228240,"pid":68337,"hostname":"Mac-mini-de-Javier.local","reqId":"6d1253e2-b8bf-40a2-9515-222e9651f5e6","res":{"statusCode":200},"responseTime":2.6994160000467673,"msg":"request completed"}
{"level":30,"time":1788739228240,"pid":68337,"hostname":"Mac-mini-de-Javier.local","reqId":"a77a8319-2114-4518-83de-53621140f1cd","req":{"method":"GET","url":"/expediente/post-award-alerts","host":"127.0.0.1:3493","remoteAddress":"127.0.0.1","remotePort":55022},"msg":"incoming request"}
{"level":30,"time":1788739228242,"pid":68337,"hostname":"Mac-mini-de-Javier.local","reqId":"a77a8319-2114-4518-83de-53621140f1cd","res":{"statusCode":200},"responseTime":1.592917000001762,"msg":"request completed"}
{"level":30,"time":1788739228242,"pid":68337,"hostname":"Mac-mini-de-Javier.local","reqId":"3e96a5a1-dbe3-49fe-b3cf-441e5d15e635","req":{"method":"GET","url":"/audit-log","host":"127.0.0.1:3493","remoteAddress":"127.0.0.1","remotePort":55023},"msg":"incoming request"}
{"level":30,"time":1788739228244,"pid":68337,"hostname":"Mac-mini-de-Javier.local","reqId":"3e96a5a1-dbe3-49fe-b3cf-441e5d15e635","res":{"statusCode":200},"responseTime":2.485082999977749,"msg":"request completed"}
[api] {"level":30,"time":1788739228245,"pid":68337,"hostname":"Mac-mini-de-Javier.local","reqId":"50d62008-5bdc-4767-b1f9-dd1400bfaa33","req":{"method":"GET","url":"/company/profile","host":"127.0.0.1:3493","remoteAddress":"127.0.0.1","remotePort":55024},"msg":"incoming request"}
{"level":30,"time":1788739228248,"pid":68337,"hostname":"Mac-mini-de-Javier.local","reqId":"50d62008-5bdc-4767-b1f9-dd1400bfaa33","res":{"statusCode":200},"responseTime":3.5096250000060536,"msg":"request completed"}
[api] {"level":30,"time":1788739228248,"pid":68337,"hostname":"Mac-mini-de-Javier.local","reqId":"5cfb29dd-0c6e-4fe2-a9cb-e25336ec7681","req":{"method":"GET","url":"/company/documents","host":"127.0.0.1:3493","remoteAddress":"127.0.0.1","remotePort":55026},"msg":"incoming request"}
[api] {"level":30,"time":1788739228250,"pid":68337,"hostname":"Mac-mini-de-Javier.local","reqId":"5cfb29dd-0c6e-4fe2-a9cb-e25336ec7681","res":{"statusCode":200},"responseTime":1.9458750000339933,"msg":"request completed"}
[api] {"level":30,"time":1788739228251,"pid":68337,"hostname":"Mac-mini-de-Javier.local","reqId":"92c400f5-fd54-4f97-87a5-b600defddc17","req":{"method":"GET","url":"/tenders?limit=1","host":"127.0.0.1:3493","remoteAddress":"127.0.0.1","remotePort":55028},"msg":"incoming request"}
{"level":30,"time":1788739228252,"pid":68337,"hostname":"Mac-mini-de-Javier.local","reqId":"92c400f5-fd54-4f97-87a5-b600defddc17","res":{"statusCode":200},"responseTime":1.555540999979712,"msg":"request completed"}
[api] {"level":30,"time":1788739228252,"pid":68337,"hostname":"Mac-mini-de-Javier.local","reqId":"ab533c7b-17e8-483c-965c-24232df64002","req":{"method":"GET","url":"/auth/2fa/status","host":"127.0.0.1:3493","remoteAddress":"127.0.0.1","remotePort":55030},"msg":"incoming request"}
{"level":30,"time":1788739228253,"pid":68337,"hostname":"Mac-mini-de-Javier.local","reqId":"ab533c7b-17e8-483c-965c-24232df64002","res":{"statusCode":200},"responseTime":0.9440830000094138,"msg":"request completed"}
  [32m✓[39m  [2m139 [22m[chromium] › e2e/touch-targets.spec.ts:37:3 › Objetivos táctiles ≥44×44px (W-10) › todos los botones de acordeón de grupo del drawer móvil miden al menos 44px de alto[2m (755ms)[22m
[api] {"level":30,"time":1788739228954,"pid":68337,"hostname":"Mac-mini-de-Javier.local","reqId":"8d65605d-3586-444c-858d-a6f80417dcb9","req":{"method":"POST","url":"/auth/refresh","host":"127.0.0.1:3493","remoteAddress":"127.0.0.1","remotePort":55035},"msg":"incoming request"}
[api] {"level":30,"time":1788739228957,"pid":68337,"hostname":"Mac-mini-de-Javier.local","reqId":"8d65605d-3586-444c-858d-a6f80417dcb9","res":{"statusCode":200},"responseTime":2.512209000007715,"msg":"request completed"}
[api] {"level":30,"time":1788739228959,"pid":68337,"hostname":"Mac-mini-de-Javier.local","reqId":"0ad5100a-0c11-4e17-8ef8-6ac3b8d2927c","req":{"method":"GET","url":"/me","host":"127.0.0.1:3493","remoteAddress":"127.0.0.1","remotePort":55036},"msg":"incoming request"}
[api] {"level":30,"time":1788739228959,"pid":68337,"hostname":"Mac-mini-de-Javier.local","reqId":"0ad5100a-0c11-4e17-8ef8-6ac3b8d2927c","res":{"statusCode":200},"responseTime":0.8938749999506399,"msg":"request completed"}
{"level":30,"time":1788739228959,"pid":68337,"hostname":"Mac-mini-de-Javier.local","reqId":"78a29b5a-4057-4f89-a93e-5e122d5882e3","req":{"method":"GET","url":"/organizations","host":"127.0.0.1:3493","remoteAddress":"127.0.0.1","remotePort":55037},"msg":"incoming request"}
{"level":30,"time":1788739228961,"pid":68337,"hostname":"Mac-mini-de-Javier.local","reqId":"78a29b5a-4057-4f89-a93e-5e122d5882e3","res":{"statusCode":200},"responseTime":0.9973330000066198,"msg":"request completed"}
[api] {"level":30,"time":1788739228986,"pid":68337,"hostname":"Mac-mini-de-Javier.local","reqId":"d2e7225c-507e-41b1-85f5-45ea7e0b222d","req":{"method":"GET","url":"/tenders?limit=100","host":"127.0.0.1:3493","remoteAddress":"127.0.0.1","remotePort":55043},"msg":"incoming request"}
[api] {"level":30,"time":1788739228988,"pid":68337,"hostname":"Mac-mini-de-Javier.local","reqId":"d2e7225c-507e-41b1-85f5-45ea7e0b222d","res":{"statusCode":200},"responseTime":2.734707999974489,"msg":"request completed"}
{"level":30,"time":1788739228989,"pid":68337,"hostname":"Mac-mini-de-Javier.local","reqId":"02f05046-ec7c-44a6-bceb-e1fd54fd5277","req":{"method":"GET","url":"/matching/tenders","host":"127.0.0.1:3493","remoteAddress":"127.0.0.1","remotePort":55044},"msg":"incoming request"}
{"level":30,"time":1788739228992,"pid":68337,"hostname":"Mac-mini-de-Javier.local","reqId":"02f05046-ec7c-44a6-bceb-e1fd54fd5277","res":{"statusCode":200},"responseTime":3.328125,"msg":"request completed"}
{"level":30,"time":1788739228992,"pid":68337,"hostname":"Mac-mini-de-Javier.local","reqId":"2b6a31bd-fd11-4388-a9a7-432ba897522f","req":{"method":"GET","url":"/company/rates","host":"127.0.0.1:3493","remoteAddress":"127.0.0.1","remotePort":55045},"msg":"incoming request"}
{"level":30,"time":1788739228994,"pid":68337,"hostname":"Mac-mini-de-Javier.local","reqId":"2b6a31bd-fd11-4388-a9a7-432ba897522f","res":{"statusCode":200},"responseTime":1.701874999969732,"msg":"request completed"}
{"level":30,"time":1788739228994,"pid":68337,"hostname":"Mac-mini-de-Javier.local","reqId":"29c0b5bc-41b3-4e93-b583-5937ada9bd46","req":{"method":"GET","url":"/expediente/post-award-alerts","host":"127.0.0.1:3493","remoteAddress":"127.0.0.1","remotePort":55046},"msg":"incoming request"}
{"level":30,"time":1788739228999,"pid":68337,"hostname":"Mac-mini-de-Javier.local","reqId":"29c0b5bc-41b3-4e93-b583-5937ada9bd46","res":{"statusCode":200},"responseTime":5.064582999970298,"msg":"request completed"}
{"level":30,"time":1788739228999,"pid":68337,"hostname":"Mac-mini-de-Javier.local","reqId":"33f8cedb-a942-4657-ae96-0fc8a88203f7","req":{"method":"GET","url":"/audit-log","host":"127.0.0.1:3493","remoteAddress":"127.0.0.1","remotePort":55047},"msg":"incoming request"}
{"level":30,"time":1788739229002,"pid":68337,"hostname":"Mac-mini-de-Javier.local","reqId":"33f8cedb-a942-4657-ae96-0fc8a88203f7","res":{"statusCode":200},"responseTime":2.6524170000338927,"msg":"request completed"}
{"level":30,"time":1788739229002,"pid":68337,"hostname":"Mac-mini-de-Javier.local","reqId":"b86d9ffb-78ad-41a1-8a3f-1abc67e71a92","req":{"method":"GET","url":"/company/profile","host":"127.0.0.1:3493","remoteAddress":"127.0.0.1","remotePort":55048},"msg":"incoming request"}
{"level":30,"time":1788739229004,"pid":68337,"hostname":"Mac-mini-de-Javier.local","reqId":"b86d9ffb-78ad-41a1-8a3f-1abc67e71a92","res":{"statusCode":200},"responseTime":1.8237499999813735,"msg":"request completed"}
[api] {"level":30,"time":1788739229004,"pid":68337,"hostname":"Mac-mini-de-Javier.local","reqId":"ef116973-21e6-427b-b932-b1ced285c3f7","req":{"method":"GET","url":"/company/documents","host":"127.0.0.1:3493","remoteAddress":"127.0.0.1","remotePort":55050},"msg":"incoming request"}
[api] {"level":30,"time":1788739229006,"pid":68337,"hostname":"Mac-mini-de-Javier.local","reqId":"ef116973-21e6-427b-b932-b1ced285c3f7","res":{"statusCode":200},"responseTime":1.7177909999736585,"msg":"request completed"}
[api] {"level":30,"time":1788739229006,"pid":68337,"hostname":"Mac-mini-de-Javier.local","reqId":"53fb11d9-2607-4bd3-b89b-593c0101f551","req":{"method":"GET","url":"/tenders?limit=1","host":"127.0.0.1:3493","remoteAddress":"127.0.0.1","remotePort":55052},"msg":"incoming request"}
{"level":30,"time":1788739229008,"pid":68337,"hostname":"Mac-mini-de-Javier.local","reqId":"53fb11d9-2607-4bd3-b89b-593c0101f551","res":{"statusCode":200},"responseTime":1.5864590000128374,"msg":"request completed"}
[api] {"level":30,"time":1788739229008,"pid":68337,"hostname":"Mac-mini-de-Javier.local","reqId":"871f505d-68f4-48cf-a9e4-5e55a1e5c487","req":{"method":"GET","url":"/auth/2fa/status","host":"127.0.0.1:3493","remoteAddress":"127.0.0.1","remotePort":55054},"msg":"incoming request"}
{"level":30,"time":1788739229010,"pid":68337,"hostname":"Mac-mini-de-Javier.local","reqId":"871f505d-68f4-48cf-a9e4-5e55a1e5c487","res":{"statusCode":200},"responseTime":1.5970830000005662,"msg":"request completed"}
  [32m✓[39m  [2m140 [22m[chromium] › e2e/touch-targets.spec.ts:60:3 › Objetivos táctiles ≥44×44px (W-10) › todos los controles interactivos del drawer móvil (grupos + enlaces) miden al menos 44px de alto[2m (889ms)[22m
[api] {"level":30,"time":1788739229852,"pid":68337,"hostname":"Mac-mini-de-Javier.local","reqId":"64f57711-f829-469e-a093-42ac12872160","req":{"method":"POST","url":"/auth/refresh","host":"127.0.0.1:3493","remoteAddress":"127.0.0.1","remotePort":55059},"msg":"incoming request"}
[api] {"level":30,"time":1788739229855,"pid":68337,"hostname":"Mac-mini-de-Javier.local","reqId":"64f57711-f829-469e-a093-42ac12872160","res":{"statusCode":200},"responseTime":2.431125000002794,"msg":"request completed"}
[api] {"level":30,"time":1788739229857,"pid":68337,"hostname":"Mac-mini-de-Javier.local","reqId":"1ec3fc10-123a-4a51-97b6-00659e459429","req":{"method":"GET","url":"/me","host":"127.0.0.1:3493","remoteAddress":"127.0.0.1","remotePort":55060},"msg":"incoming request"}
[api] {"level":30,"time":1788739229858,"pid":68337,"hostname":"Mac-mini-de-Javier.local","reqId":"1ec3fc10-123a-4a51-97b6-00659e459429","res":{"statusCode":200},"responseTime":0.8780419999966398,"msg":"request completed"}
{"level":30,"time":1788739229858,"pid":68337,"hostname":"Mac-mini-de-Javier.local","reqId":"a748adb1-8e87-4c02-98ae-731c40ebf421","req":{"method":"GET","url":"/organizations","host":"127.0.0.1:3493","remoteAddress":"127.0.0.1","remotePort":55061},"msg":"incoming request"}
{"level":30,"time":1788739229859,"pid":68337,"hostname":"Mac-mini-de-Javier.local","reqId":"a748adb1-8e87-4c02-98ae-731c40ebf421","res":{"statusCode":200},"responseTime":0.8797919999924488,"msg":"request completed"}
[api] {"level":30,"time":1788739229885,"pid":68337,"hostname":"Mac-mini-de-Javier.local","reqId":"cda7155c-2f01-4e19-8309-731585ace439","req":{"method":"GET","url":"/tenders?limit=100","host":"127.0.0.1:3493","remoteAddress":"127.0.0.1","remotePort":55067},"msg":"incoming request"}
[api] {"level":30,"time":1788739229888,"pid":68337,"hostname":"Mac-mini-de-Javier.local","reqId":"cda7155c-2f01-4e19-8309-731585ace439","res":{"statusCode":200},"responseTime":3.1053330000140704,"msg":"request completed"}
{"level":30,"time":1788739229888,"pid":68337,"hostname":"Mac-mini-de-Javier.local","reqId":"f1ef7ec3-d67e-4fc8-962e-808018a373de","req":{"method":"GET","url":"/matching/tenders","host":"127.0.0.1:3493","remoteAddress":"127.0.0.1","remotePort":55068},"msg":"incoming request"}
{"level":30,"time":1788739229891,"pid":68337,"hostname":"Mac-mini-de-Javier.local","reqId":"f1ef7ec3-d67e-4fc8-962e-808018a373de","res":{"statusCode":200},"responseTime":3.2026670000050217,"msg":"request completed"}
{"level":30,"time":1788739229891,"pid":68337,"hostname":"Mac-mini-de-Javier.local","reqId":"b4bb303b-8d76-46b8-9999-5e404258142d","req":{"method":"GET","url":"/company/rates","host":"127.0.0.1:3493","remoteAddress":"127.0.0.1","remotePort":55069},"msg":"incoming request"}
{"level":30,"time":1788739229893,"pid":68337,"hostname":"Mac-mini-de-Javier.local","reqId":"b4bb303b-8d76-46b8-9999-5e404258142d","res":{"statusCode":200},"responseTime":1.9264160000020638,"msg":"request completed"}
{"level":30,"time":1788739229893,"pid":68337,"hostname":"Mac-mini-de-Javier.local","reqId":"b9fab907-1450-44ba-8392-758a30f10b45","req":{"method":"GET","url":"/expediente/post-award-alerts","host":"127.0.0.1:3493","remoteAddress":"127.0.0.1","remotePort":55070},"msg":"incoming request"}
{"level":30,"time":1788739229895,"pid":68337,"hostname":"Mac-mini-de-Javier.local","reqId":"b9fab907-1450-44ba-8392-758a30f10b45","res":{"statusCode":200},"responseTime":1.6454999999841675,"msg":"request completed"}
{"level":30,"time":1788739229895,"pid":68337,"hostname":"Mac-mini-de-Javier.local","reqId":"a338ecfd-f83d-4521-b04d-3782aaa40807","req":{"method":"GET","url":"/audit-log","host":"127.0.0.1:3493","remoteAddress":"127.0.0.1","remotePort":55071},"msg":"incoming request"}
{"level":30,"time":1788739229898,"pid":68337,"hostname":"Mac-mini-de-Javier.local","reqId":"a338ecfd-f83d-4521-b04d-3782aaa40807","res":{"statusCode":200},"responseTime":3.0839580000028946,"msg":"request completed"}
[api] {"level":30,"time":1788739229898,"pid":68337,"hostname":"Mac-mini-de-Javier.local","reqId":"4376ddea-b7a9-4219-84ec-611926a73f95","req":{"method":"GET","url":"/company/profile","host":"127.0.0.1:3493","remoteAddress":"127.0.0.1","remotePort":55072},"msg":"incoming request"}
{"level":30,"time":1788739229900,"pid":68337,"hostname":"Mac-mini-de-Javier.local","reqId":"4376ddea-b7a9-4219-84ec-611926a73f95","res":{"statusCode":200},"responseTime":1.8532500000437722,"msg":"request completed"}
[api] {"level":30,"time":1788739229901,"pid":68337,"hostname":"Mac-mini-de-Javier.local","reqId":"03c548a4-99e2-4f04-87e2-d964e1f354da","req":{"method":"GET","url":"/company/documents","host":"127.0.0.1:3493","remoteAddress":"127.0.0.1","remotePort":55074},"msg":"incoming request"}
[api] {"level":30,"time":1788739229905,"pid":68337,"hostname":"Mac-mini-de-Javier.local","reqId":"03c548a4-99e2-4f04-87e2-d964e1f354da","res":{"statusCode":200},"responseTime":3.909875000012107,"msg":"request completed"}
[api] {"level":30,"time":1788739229905,"pid":68337,"hostname":"Mac-mini-de-Javier.local","reqId":"d3ef2f2b-c26b-4f85-ad76-f33a4b2f3c87","req":{"method":"GET","url":"/tenders?limit=1","host":"127.0.0.1:3493","remoteAddress":"127.0.0.1","remotePort":55076},"msg":"incoming request"}
{"level":30,"time":1788739229907,"pid":68337,"hostname":"Mac-mini-de-Javier.local","reqId":"d3ef2f2b-c26b-4f85-ad76-f33a4b2f3c87","res":{"statusCode":200},"responseTime":1.9989579999819398,"msg":"request completed"}
[api] {"level":30,"time":1788739229907,"pid":68337,"hostname":"Mac-mini-de-Javier.local","reqId":"d9f1271b-201b-468b-ada5-d3fde988b85d","req":{"method":"GET","url":"/auth/2fa/status","host":"127.0.0.1:3493","remoteAddress":"127.0.0.1","remotePort":55078},"msg":"incoming request"}
{"level":30,"time":1788739229909,"pid":68337,"hostname":"Mac-mini-de-Javier.local","reqId":"d9f1271b-201b-468b-ada5-d3fde988b85d","res":{"statusCode":200},"responseTime":1.3287920000148006,"msg":"request completed"}
  [32m✓[39m  [2m141 [22m[chromium] › e2e/touch-targets.spec.ts:90:5 › Objetivos táctiles ≥44×44px (W-10) › W-22: OrganizationSwitcher y "Cerrar menú" del drawer miden ≥44×44px a 320×568[2m (703ms)[22m
[api] {"level":30,"time":1788739230561,"pid":68337,"hostname":"Mac-mini-de-Javier.local","reqId":"2ac36d80-22ae-49ce-a8be-a2d477e5fe0e","req":{"method":"POST","url":"/auth/refresh","host":"127.0.0.1:3493","remoteAddress":"127.0.0.1","remotePort":55083},"msg":"incoming request"}
[api] {"level":30,"time":1788739230563,"pid":68337,"hostname":"Mac-mini-de-Javier.local","reqId":"2ac36d80-22ae-49ce-a8be-a2d477e5fe0e","res":{"statusCode":200},"responseTime":2.5224579999921843,"msg":"request completed"}
[api] {"level":30,"time":1788739230565,"pid":68337,"hostname":"Mac-mini-de-Javier.local","reqId":"7a35e08b-52bc-4c28-8411-99da582a8e73","req":{"method":"GET","url":"/me","host":"127.0.0.1:3493","remoteAddress":"127.0.0.1","remotePort":55084},"msg":"incoming request"}
[api] {"level":30,"time":1788739230566,"pid":68337,"hostname":"Mac-mini-de-Javier.local","reqId":"7a35e08b-52bc-4c28-8411-99da582a8e73","res":{"statusCode":200},"responseTime":0.8819169999915175,"msg":"request completed"}
{"level":30,"time":1788739230566,"pid":68337,"hostname":"Mac-mini-de-Javier.local","reqId":"c174be56-3d35-45fb-8442-44710d475e86","req":{"method":"GET","url":"/organizations","host":"127.0.0.1:3493","remoteAddress":"127.0.0.1","remotePort":55085},"msg":"incoming request"}
{"level":30,"time":1788739230567,"pid":68337,"hostname":"Mac-mini-de-Javier.local","reqId":"c174be56-3d35-45fb-8442-44710d475e86","res":{"statusCode":200},"responseTime":0.96833299996797,"msg":"request completed"}
[api] {"level":30,"time":1788739230593,"pid":68337,"hostname":"Mac-mini-de-Javier.local","reqId":"7ca9803a-81f3-4c4c-be2a-d8e2079e08f5","req":{"method":"GET","url":"/tenders?limit=100","host":"127.0.0.1:3493","remoteAddress":"127.0.0.1","remotePort":55091},"msg":"incoming request"}
[api] {"level":30,"time":1788739230595,"pid":68337,"hostname":"Mac-mini-de-Javier.local","reqId":"7ca9803a-81f3-4c4c-be2a-d8e2079e08f5","res":{"statusCode":200},"responseTime":2.623042000050191,"msg":"request completed"}
{"level":30,"time":1788739230595,"pid":68337,"hostname":"Mac-mini-de-Javier.local","reqId":"0b8b3beb-4b25-4675-9c73-68ab07aa7dc1","req":{"method":"GET","url":"/matching/tenders","host":"127.0.0.1:3493","remoteAddress":"127.0.0.1","remotePort":55092},"msg":"incoming request"}
{"level":30,"time":1788739230599,"pid":68337,"hostname":"Mac-mini-de-Javier.local","reqId":"0b8b3beb-4b25-4675-9c73-68ab07aa7dc1","res":{"statusCode":200},"responseTime":3.511417000030633,"msg":"request completed"}
{"level":30,"time":1788739230599,"pid":68337,"hostname":"Mac-mini-de-Javier.local","reqId":"0340cf68-f435-421d-9a9e-1448cff68632","req":{"method":"GET","url":"/company/rates","host":"127.0.0.1:3493","remoteAddress":"127.0.0.1","remotePort":55093},"msg":"incoming request"}
{"level":30,"time":1788739230601,"pid":68337,"hostname":"Mac-mini-de-Javier.local","reqId":"0340cf68-f435-421d-9a9e-1448cff68632","res":{"statusCode":200},"responseTime":1.7130420000175945,"msg":"request completed"}
{"level":30,"time":1788739230601,"pid":68337,"hostname":"Mac-mini-de-Javier.local","reqId":"96ddd797-3c92-4274-b6b7-7db3622aed9a","req":{"method":"GET","url":"/expediente/post-award-alerts","host":"127.0.0.1:3493","remoteAddress":"127.0.0.1","remotePort":55094},"msg":"incoming request"}
{"level":30,"time":1788739230605,"pid":68337,"hostname":"Mac-mini-de-Javier.local","reqId":"96ddd797-3c92-4274-b6b7-7db3622aed9a","res":{"statusCode":200},"responseTime":4.042375000019092,"msg":"request completed"}
{"level":30,"time":1788739230605,"pid":68337,"hostname":"Mac-mini-de-Javier.local","reqId":"77b84a31-9db6-44b3-86d7-5f4bf239b193","req":{"method":"GET","url":"/audit-log","host":"127.0.0.1:3493","remoteAddress":"127.0.0.1","remotePort":55095},"msg":"incoming request"}
{"level":30,"time":1788739230609,"pid":68337,"hostname":"Mac-mini-de-Javier.local","reqId":"77b84a31-9db6-44b3-86d7-5f4bf239b193","res":{"statusCode":200},"responseTime":4.29420800000662,"msg":"request completed"}
{"level":30,"time":1788739230609,"pid":68337,"hostname":"Mac-mini-de-Javier.local","reqId":"a972c376-012a-4f63-9d25-dcdc252080ee","req":{"method":"GET","url":"/company/profile","host":"127.0.0.1:3493","remoteAddress":"127.0.0.1","remotePort":55096},"msg":"incoming request"}
{"level":30,"time":1788739230611,"pid":68337,"hostname":"Mac-mini-de-Javier.local","reqId":"a972c376-012a-4f63-9d25-dcdc252080ee","res":{"statusCode":200},"responseTime":1.7910830000182614,"msg":"request completed"}
[api] {"level":30,"time":1788739230612,"pid":68337,"hostname":"Mac-mini-de-Javier.local","reqId":"58dbd155-2fd9-4102-a5c9-651b58327251","req":{"method":"GET","url":"/company/documents","host":"127.0.0.1:3493","remoteAddress":"127.0.0.1","remotePort":55098},"msg":"incoming request"}
[api] {"level":30,"time":1788739230614,"pid":68337,"hostname":"Mac-mini-de-Javier.local","reqId":"58dbd155-2fd9-4102-a5c9-651b58327251","res":{"statusCode":200},"responseTime":1.740791000018362,"msg":"request completed"}
[api] {"level":30,"time":1788739230614,"pid":68337,"hostname":"Mac-mini-de-Javier.local","reqId":"b4f1b5c6-1970-4089-8edb-9fc268cec3bf","req":{"method":"GET","url":"/tenders?limit=1","host":"127.0.0.1:3493","remoteAddress":"127.0.0.1","remotePort":55100},"msg":"incoming request"}
{"level":30,"time":1788739230618,"pid":68337,"hostname":"Mac-mini-de-Javier.local","reqId":"b4f1b5c6-1970-4089-8edb-9fc268cec3bf","res":{"statusCode":200},"responseTime":3.6061249999911524,"msg":"request completed"}
[api] {"level":30,"time":1788739230618,"pid":68337,"hostname":"Mac-mini-de-Javier.local","reqId":"8cc87252-4f61-41e8-a2b0-01bbf394117f","req":{"method":"GET","url":"/auth/2fa/status","host":"127.0.0.1:3493","remoteAddress":"127.0.0.1","remotePort":55102},"msg":"incoming request"}
{"level":30,"time":1788739230619,"pid":68337,"hostname":"Mac-mini-de-Javier.local","reqId":"8cc87252-4f61-41e8-a2b0-01bbf394117f","res":{"statusCode":200},"responseTime":1.7252089999965392,"msg":"request completed"}
  [32m✓[39m  [2m142 [22m[chromium] › e2e/touch-targets.spec.ts:90:5 › Objetivos táctiles ≥44×44px (W-10) › W-22: OrganizationSwitcher y "Cerrar menú" del drawer miden ≥44×44px a 390×844[2m (687ms)[22m
[api] {"level":30,"time":1788739231254,"pid":68337,"hostname":"Mac-mini-de-Javier.local","reqId":"4b0e129c-3828-4396-af4f-c1c8bd87f5a5","req":{"method":"POST","url":"/auth/refresh","host":"127.0.0.1:3493","remoteAddress":"127.0.0.1","remotePort":55107},"msg":"incoming request"}
[api] {"level":30,"time":1788739231257,"pid":68337,"hostname":"Mac-mini-de-Javier.local","reqId":"4b0e129c-3828-4396-af4f-c1c8bd87f5a5","res":{"statusCode":200},"responseTime":2.338500000012573,"msg":"request completed"}
[api] {"level":30,"time":1788739231259,"pid":68337,"hostname":"Mac-mini-de-Javier.local","reqId":"a3059cda-f4dd-4b61-a749-60a6e25ad43e","req":{"method":"GET","url":"/me","host":"127.0.0.1:3493","remoteAddress":"127.0.0.1","remotePort":55108},"msg":"incoming request"}
[api] {"level":30,"time":1788739231259,"pid":68337,"hostname":"Mac-mini-de-Javier.local","reqId":"a3059cda-f4dd-4b61-a749-60a6e25ad43e","res":{"statusCode":200},"responseTime":0.8451250000507571,"msg":"request completed"}
{"level":30,"time":1788739231259,"pid":68337,"hostname":"Mac-mini-de-Javier.local","reqId":"3bbf6f50-6b39-464a-b9a1-a7f76232ef5d","req":{"method":"GET","url":"/organizations","host":"127.0.0.1:3493","remoteAddress":"127.0.0.1","remotePort":55109},"msg":"incoming request"}
{"level":30,"time":1788739231260,"pid":68337,"hostname":"Mac-mini-de-Javier.local","reqId":"3bbf6f50-6b39-464a-b9a1-a7f76232ef5d","res":{"statusCode":200},"responseTime":0.9711660000029951,"msg":"request completed"}
[api] {"level":30,"time":1788739231287,"pid":68337,"hostname":"Mac-mini-de-Javier.local","reqId":"b1e03f24-16e6-4704-9555-705e9e4534ca","req":{"method":"GET","url":"/tenders?limit=100","host":"127.0.0.1:3493","remoteAddress":"127.0.0.1","remotePort":55115},"msg":"incoming request"}
[api] {"level":30,"time":1788739231291,"pid":68337,"hostname":"Mac-mini-de-Javier.local","reqId":"b1e03f24-16e6-4704-9555-705e9e4534ca","res":{"statusCode":200},"responseTime":3.3103750000009313,"msg":"request completed"}
[api] {"level":30,"time":1788739231291,"pid":68337,"hostname":"Mac-mini-de-Javier.local","reqId":"b0764641-79ac-4cae-86ba-2c314fb4efcf","req":{"method":"GET","url":"/matching/tenders","host":"127.0.0.1:3493","remoteAddress":"127.0.0.1","remotePort":55116},"msg":"incoming request"}
{"level":30,"time":1788739231295,"pid":68337,"hostname":"Mac-mini-de-Javier.local","reqId":"b0764641-79ac-4cae-86ba-2c314fb4efcf","res":{"statusCode":200},"responseTime":3.9742499999701977,"msg":"request completed"}
{"level":30,"time":1788739231295,"pid":68337,"hostname":"Mac-mini-de-Javier.local","reqId":"0692ec79-12f1-4796-a4f2-45a76199b801","req":{"method":"GET","url":"/company/rates","host":"127.0.0.1:3493","remoteAddress":"127.0.0.1","remotePort":55117},"msg":"incoming request"}
{"level":30,"time":1788739231301,"pid":68337,"hostname":"Mac-mini-de-Javier.local","reqId":"0692ec79-12f1-4796-a4f2-45a76199b801","res":{"statusCode":200},"responseTime":5.616167000029236,"msg":"request completed"}
{"level":30,"time":1788739231301,"pid":68337,"hostname":"Mac-mini-de-Javier.local","reqId":"73e66a2e-6720-4b59-9823-312561d59684","req":{"method":"GET","url":"/expediente/post-award-alerts","host":"127.0.0.1:3493","remoteAddress":"127.0.0.1","remotePort":55118},"msg":"incoming request"}
{"level":30,"time":1788739231305,"pid":68337,"hostname":"Mac-mini-de-Javier.local","reqId":"73e66a2e-6720-4b59-9823-312561d59684","res":{"statusCode":200},"responseTime":4.2108749999897555,"msg":"request completed"}
{"level":30,"time":1788739231306,"pid":68337,"hostname":"Mac-mini-de-Javier.local","reqId":"7dfb5862-b6b6-48c8-92b3-a01d47b7199f","req":{"method":"GET","url":"/audit-log","host":"127.0.0.1:3493","remoteAddress":"127.0.0.1","remotePort":55119},"msg":"incoming request"}
{"level":30,"time":1788739231308,"pid":68337,"hostname":"Mac-mini-de-Javier.local","reqId":"7dfb5862-b6b6-48c8-92b3-a01d47b7199f","res":{"statusCode":200},"responseTime":2.800500000012107,"msg":"request completed"}
{"level":30,"time":1788739231309,"pid":68337,"hostname":"Mac-mini-de-Javier.local","reqId":"90fcb706-f642-417a-a8c0-ce95366d770b","req":{"method":"GET","url":"/company/profile","host":"127.0.0.1:3493","remoteAddress":"127.0.0.1","remotePort":55120},"msg":"incoming request"}
{"level":30,"time":1788739231312,"pid":68337,"hostname":"Mac-mini-de-Javier.local","reqId":"90fcb706-f642-417a-a8c0-ce95366d770b","res":{"statusCode":200},"responseTime":3.3210419999668375,"msg":"request completed"}
[api] {"level":30,"time":1788739231312,"pid":68337,"hostname":"Mac-mini-de-Javier.local","reqId":"ecf85b60-6fbc-4044-8d55-d691f7c82649","req":{"method":"GET","url":"/company/documents","host":"127.0.0.1:3493","remoteAddress":"127.0.0.1","remotePort":55122},"msg":"incoming request"}
[api] {"level":30,"time":1788739231318,"pid":68337,"hostname":"Mac-mini-de-Javier.local","reqId":"ecf85b60-6fbc-4044-8d55-d691f7c82649","res":{"statusCode":200},"responseTime":6.172374999965541,"msg":"request completed"}
[api] {"level":30,"time":1788739231319,"pid":68337,"hostname":"Mac-mini-de-Javier.local","reqId":"5155db78-6e6b-4835-bc89-23946b4efb28","req":{"method":"GET","url":"/tenders?limit=1","host":"127.0.0.1:3493","remoteAddress":"127.0.0.1","remotePort":55124},"msg":"incoming request"}
{"level":30,"time":1788739231322,"pid":68337,"hostname":"Mac-mini-de-Javier.local","reqId":"5155db78-6e6b-4835-bc89-23946b4efb28","res":{"statusCode":200},"responseTime":3.0347920000203885,"msg":"request completed"}
[api] {"level":30,"time":1788739231322,"pid":68337,"hostname":"Mac-mini-de-Javier.local","reqId":"5ab5913c-a2d4-4bc7-915e-0db4cfdd04bb","req":{"method":"GET","url":"/auth/2fa/status","host":"127.0.0.1:3493","remoteAddress":"127.0.0.1","remotePort":55126},"msg":"incoming request"}
{"level":30,"time":1788739231323,"pid":68337,"hostname":"Mac-mini-de-Javier.local","reqId":"5ab5913c-a2d4-4bc7-915e-0db4cfdd04bb","res":{"statusCode":200},"responseTime":1.274042000004556,"msg":"request completed"}
  [32m✓[39m  [2m143 [22m[chromium] › e2e/touch-targets.spec.ts:134:5 › Controles del header dentro del viewport (W-21) › header: hamburguesa, OrganizationSwitcher y UserMenu quedan dentro del viewport a 320×568[2m (1.3s)[22m
[api] {"level":30,"time":1788739232550,"pid":68337,"hostname":"Mac-mini-de-Javier.local","reqId":"e9f381ed-6836-43d6-b61d-811e9b212e0c","req":{"method":"POST","url":"/auth/refresh","host":"127.0.0.1:3493","remoteAddress":"127.0.0.1","remotePort":55131},"msg":"incoming request"}
[api] {"level":30,"time":1788739232552,"pid":68337,"hostname":"Mac-mini-de-Javier.local","reqId":"e9f381ed-6836-43d6-b61d-811e9b212e0c","res":{"statusCode":200},"responseTime":2.2338330000056885,"msg":"request completed"}
[api] {"level":30,"time":1788739232554,"pid":68337,"hostname":"Mac-mini-de-Javier.local","reqId":"581d9011-6e93-46d6-b62d-3a9f59bbd74e","req":{"method":"GET","url":"/me","host":"127.0.0.1:3493","remoteAddress":"127.0.0.1","remotePort":55132},"msg":"incoming request"}
[api] {"level":30,"time":1788739232555,"pid":68337,"hostname":"Mac-mini-de-Javier.local","reqId":"581d9011-6e93-46d6-b62d-3a9f59bbd74e","res":{"statusCode":200},"responseTime":0.913708999985829,"msg":"request completed"}
[api] {"level":30,"time":1788739232555,"pid":68337,"hostname":"Mac-mini-de-Javier.local","reqId":"9bfe2ffb-e7ad-48c0-b5d0-a9c4ecb83cd9","req":{"method":"GET","url":"/organizations","host":"127.0.0.1:3493","remoteAddress":"127.0.0.1","remotePort":55133},"msg":"incoming request"}
{"level":30,"time":1788739232556,"pid":68337,"hostname":"Mac-mini-de-Javier.local","reqId":"9bfe2ffb-e7ad-48c0-b5d0-a9c4ecb83cd9","res":{"statusCode":200},"responseTime":0.9463749999995343,"msg":"request completed"}
[api] {"level":30,"time":1788739232582,"pid":68337,"hostname":"Mac-mini-de-Javier.local","reqId":"67c2fe82-92e5-494d-bea9-198f6a5f5cb6","req":{"method":"GET","url":"/tenders?limit=100","host":"127.0.0.1:3493","remoteAddress":"127.0.0.1","remotePort":55139},"msg":"incoming request"}
[api] {"level":30,"time":1788739232584,"pid":68337,"hostname":"Mac-mini-de-Javier.local","reqId":"67c2fe82-92e5-494d-bea9-198f6a5f5cb6","res":{"statusCode":200},"responseTime":2.570624999993015,"msg":"request completed"}
{"level":30,"time":1788739232584,"pid":68337,"hostname":"Mac-mini-de-Javier.local","reqId":"6d5cf78e-6bc2-4940-aff6-0993bcec0fe4","req":{"method":"GET","url":"/matching/tenders","host":"127.0.0.1:3493","remoteAddress":"127.0.0.1","remotePort":55140},"msg":"incoming request"}
{"level":30,"time":1788739232588,"pid":68337,"hostname":"Mac-mini-de-Javier.local","reqId":"6d5cf78e-6bc2-4940-aff6-0993bcec0fe4","res":{"statusCode":200},"responseTime":3.6233330000541173,"msg":"request completed"}
{"level":30,"time":1788739232588,"pid":68337,"hostname":"Mac-mini-de-Javier.local","reqId":"c3f9b2cf-495c-4505-a99d-03ea07dd636f","req":{"method":"GET","url":"/company/rates","host":"127.0.0.1:3493","remoteAddress":"127.0.0.1","remotePort":55141},"msg":"incoming request"}
{"level":30,"time":1788739232591,"pid":68337,"hostname":"Mac-mini-de-Javier.local","reqId":"c3f9b2cf-495c-4505-a99d-03ea07dd636f","res":{"statusCode":200},"responseTime":3.1333750000339933,"msg":"request completed"}
{"level":30,"time":1788739232591,"pid":68337,"hostname":"Mac-mini-de-Javier.local","reqId":"73cf8135-6e0a-416e-be31-8438798bdd4d","req":{"method":"GET","url":"/expediente/post-award-alerts","host":"127.0.0.1:3493","remoteAddress":"127.0.0.1","remotePort":55142},"msg":"incoming request"}
{"level":30,"time":1788739232596,"pid":68337,"hostname":"Mac-mini-de-Javier.local","reqId":"73cf8135-6e0a-416e-be31-8438798bdd4d","res":{"statusCode":200},"responseTime":4.823916999972425,"msg":"request completed"}
{"level":30,"time":1788739232596,"pid":68337,"hostname":"Mac-mini-de-Javier.local","reqId":"c7bd784a-a0b8-41d4-afce-c51c906b895e","req":{"method":"GET","url":"/audit-log","host":"127.0.0.1:3493","remoteAddress":"127.0.0.1","remotePort":55143},"msg":"incoming request"}
{"level":30,"time":1788739232599,"pid":68337,"hostname":"Mac-mini-de-Javier.local","reqId":"c7bd784a-a0b8-41d4-afce-c51c906b895e","res":{"statusCode":200},"responseTime":2.645500000042375,"msg":"request completed"}
{"level":30,"time":1788739232599,"pid":68337,"hostname":"Mac-mini-de-Javier.local","reqId":"a04620b2-d37c-4557-84c7-1dcddc4e6f91","req":{"method":"GET","url":"/company/profile","host":"127.0.0.1:3493","remoteAddress":"127.0.0.1","remotePort":55144},"msg":"incoming request"}
{"level":30,"time":1788739232601,"pid":68337,"hostname":"Mac-mini-de-Javier.local","reqId":"a04620b2-d37c-4557-84c7-1dcddc4e6f91","res":{"statusCode":200},"responseTime":1.896166999998968,"msg":"request completed"}
[api] {"level":30,"time":1788739232602,"pid":68337,"hostname":"Mac-mini-de-Javier.local","reqId":"b39146df-ecf4-4c03-986f-79de5045bb48","req":{"method":"GET","url":"/company/documents","host":"127.0.0.1:3493","remoteAddress":"127.0.0.1","remotePort":55146},"msg":"incoming request"}
[api] {"level":30,"time":1788739232604,"pid":68337,"hostname":"Mac-mini-de-Javier.local","reqId":"b39146df-ecf4-4c03-986f-79de5045bb48","res":{"statusCode":200},"responseTime":1.3957079999963753,"msg":"request completed"}
[api] {"level":30,"time":1788739232604,"pid":68337,"hostname":"Mac-mini-de-Javier.local","reqId":"690642e2-d4ab-4a50-b37b-46b6befe1d74","req":{"method":"GET","url":"/tenders?limit=1","host":"127.0.0.1:3493","remoteAddress":"127.0.0.1","remotePort":55148},"msg":"incoming request"}
{"level":30,"time":1788739232605,"pid":68337,"hostname":"Mac-mini-de-Javier.local","reqId":"690642e2-d4ab-4a50-b37b-46b6befe1d74","res":{"statusCode":200},"responseTime":1.7210830000112765,"msg":"request completed"}
[api] {"level":30,"time":1788739232605,"pid":68337,"hostname":"Mac-mini-de-Javier.local","reqId":"db9f17fe-c16c-4a9b-812d-dca16b7fcdee","req":{"method":"GET","url":"/auth/2fa/status","host":"127.0.0.1:3493","remoteAddress":"127.0.0.1","remotePort":55150},"msg":"incoming request"}
{"level":30,"time":1788739232606,"pid":68337,"hostname":"Mac-mini-de-Javier.local","reqId":"db9f17fe-c16c-4a9b-812d-dca16b7fcdee","res":{"statusCode":200},"responseTime":0.8830830000224523,"msg":"request completed"}
  [32m✓[39m  [2m144 [22m[chromium] › e2e/touch-targets.spec.ts:134:5 › Controles del header dentro del viewport (W-21) › header: hamburguesa, OrganizationSwitcher y UserMenu quedan dentro del viewport a 390×844[2m (1.3s)[22m


[31m  1) [chromium] › e2e/landing.spec.ts:21:3 › Landing pública (/) › enlaza el pie a /privacidad y /legal/terminos [39m

    Error: locator.click: Error: strict mode violation: getByRole('link', { name: 'Aviso de privacidad' }) resolved to 2 elements:
        1) <a href="/privacidad" data-discover="true" class="underline underline-offset-4">aviso de privacidad</a> aka getByRole('link', { name: 'aviso de privacidad', exact: true })
        2) <a href="/privacidad" data-discover="true" class="hover:text-foreground">Aviso de privacidad</a> aka getByRole('link', { name: 'Aviso de privacidad', exact: true })

    Call log:
    [2m  - waiting for getByRole('link', { name: 'Aviso de privacidad' })[22m


    [0m [90m 21 |[39m   test([32m"enlaza el pie a /privacidad y /legal/terminos"[39m[33m,[39m [36masync[39m ({ noAuthPage[33m:[39m page }) [33m=>[39m {
     [90m 22 |[39m     [36mawait[39m page[33m.[39mgoto([32m"/"[39m)[33m;[39m
    [31m[1m>[22m[39m[90m 23 |[39m     [36mawait[39m page[33m.[39mgetByRole([32m"link"[39m[33m,[39m { name[33m:[39m [32m"Aviso de privacidad"[39m })[33m.[39mclick()[33m;[39m
     [90m    |[39m                                                                   [31m[1m^[22m[39m
     [90m 24 |[39m     [36mawait[39m expect(page)[33m.[39mtoHaveURL([35m/\/privacidad$/[39m)[33m;[39m
     [90m 25 |[39m
     [90m 26 |[39m     [36mawait[39m page[33m.[39mgoBack()[33m;[39m[0m
    [2m    at /Users/javiercamaraportepetit/Documents/Codex/atiende-licitaciones-staging/apps/web/e2e/landing.spec.ts:23:67[22m

[2m    Error Context: test-results/landing-Landing-pública-en-b0f14-privacidad-y-legal-terminos-chromium/error-context.md[22m

[2m    attachment #2: [1mtrace[2m (application/zip) [2m─────────────────────────────────────────────────────────[2m[22m
[2m    test-results/landing-Landing-pública-en-b0f14-privacidad-y-legal-terminos-chromium/trace.zip[22m
[2m    Usage:[22m

[2m        npx playwright show-trace test-results/landing-Landing-pública-en-b0f14-privacidad-y-legal-terminos-chromium/trace.zip[22m

[2m    [2m────────────────────────────────────────────────────────────────────────────────────────────────[2m[22m

[90m    Retry #1 [2m───────────────────────────────────────────────────────────────────────────────────────[22m[39m

    Error: locator.click: Error: strict mode violation: getByRole('link', { name: 'Aviso de privacidad' }) resolved to 2 elements:
        1) <a href="/privacidad" data-discover="true" class="underline underline-offset-4">aviso de privacidad</a> aka getByRole('link', { name: 'aviso de privacidad', exact: true })
        2) <a href="/privacidad" data-discover="true" class="hover:text-foreground">Aviso de privacidad</a> aka getByRole('link', { name: 'Aviso de privacidad', exact: true })

    Call log:
    [2m  - waiting for getByRole('link', { name: 'Aviso de privacidad' })[22m


    [0m [90m 21 |[39m   test([32m"enlaza el pie a /privacidad y /legal/terminos"[39m[33m,[39m [36masync[39m ({ noAuthPage[33m:[39m page }) [33m=>[39m {
     [90m 22 |[39m     [36mawait[39m page[33m.[39mgoto([32m"/"[39m)[33m;[39m
    [31m[1m>[22m[39m[90m 23 |[39m     [36mawait[39m page[33m.[39mgetByRole([32m"link"[39m[33m,[39m { name[33m:[39m [32m"Aviso de privacidad"[39m })[33m.[39mclick()[33m;[39m
     [90m    |[39m                                                                   [31m[1m^[22m[39m
     [90m 24 |[39m     [36mawait[39m expect(page)[33m.[39mtoHaveURL([35m/\/privacidad$/[39m)[33m;[39m
     [90m 25 |[39m
     [90m 26 |[39m     [36mawait[39m page[33m.[39mgoBack()[33m;[39m[0m
    [2m    at /Users/javiercamaraportepetit/Documents/Codex/atiende-licitaciones-staging/apps/web/e2e/landing.spec.ts:23:67[22m

[2m    Error Context: test-results/landing-Landing-pública-en-b0f14-privacidad-y-legal-terminos-chromium-retry1/error-context.md[22m

[2m    attachment #2: [1mtrace[2m (application/zip) [2m─────────────────────────────────────────────────────────[2m[22m
[2m    test-results/landing-Landing-pública-en-b0f14-privacidad-y-legal-terminos-chromium-retry1/trace.zip[22m
[2m    Usage:[22m

[2m        npx playwright show-trace test-results/landing-Landing-pública-en-b0f14-privacidad-y-legal-terminos-chromium-retry1/trace.zip[22m

[2m    [2m────────────────────────────────────────────────────────────────────────────────────────────────[2m[22m

[31m  2) [chromium] › e2e/onboarding.spec.ts:26:3 › Onboarding: primer login sin organizaciones › wizard completo hasta el checklist real del panel [39m

    [31mTest timeout of 60000ms exceeded.[39m

    Error: page.waitForURL: Target page, context or browser has been closed
    =========================== logs ===========================
    waiting for navigation to "**/sin-acceso" until "load"
      navigated to "http://127.0.0.1:4360/revisa-tu-correo"
    ============================================================

    [0m [90m 44 |[39m     [90m// cuentas de email+contraseña, no solo Google) -- "Crear mi[39m
     [90m 45 |[39m     [90m// organización" entra al wizard existente, que arranca igual que antes.[39m
    [31m[1m>[22m[39m[90m 46 |[39m     [36mawait[39m page[33m.[39mwaitForURL([32m"**/sin-acceso"[39m)[33m;[39m
     [90m    |[39m                [31m[1m^[22m[39m
     [90m 47 |[39m     [36mawait[39m expect(page[33m.[39mgetByRole([32m"heading"[39m[33m,[39m { level[33m:[39m [35m1[39m[33m,[39m name[33m:[39m [32m"Tu cuenta no está vinculada a ninguna organización"[39m }))[33m.[39mtoBeVisible()[33m;[39m
     [90m 48 |[39m     [36mawait[39m page[33m.[39mgetByRole([32m"link"[39m[33m,[39m { name[33m:[39m [32m"Crear mi organización"[39m })[33m.[39mclick()[33m;[39m
     [90m 49 |[39m[0m
    [2m    at /Users/javiercamaraportepetit/Documents/Codex/atiende-licitaciones-staging/apps/web/e2e/onboarding.spec.ts:46:16[22m

[2m    Error Context: test-results/onboarding-Onboarding-prim-7b433-el-checklist-real-del-panel-chromium/error-context.md[22m

[2m    attachment #2: [1mtrace[2m (application/zip) [2m─────────────────────────────────────────────────────────[2m[22m
[2m    test-results/onboarding-Onboarding-prim-7b433-el-checklist-real-del-panel-chromium/trace.zip[22m
[2m    Usage:[22m

[2m        npx playwright show-trace test-results/onboarding-Onboarding-prim-7b433-el-checklist-real-del-panel-chromium/trace.zip[22m

[2m    [2m────────────────────────────────────────────────────────────────────────────────────────────────[2m[22m

[90m    Retry #1 [2m───────────────────────────────────────────────────────────────────────────────────────[22m[39m

    [31mTest timeout of 60000ms exceeded.[39m

    Error: page.waitForURL: Target page, context or browser has been closed
    =========================== logs ===========================
    waiting for navigation to "**/sin-acceso" until "load"
      navigated to "http://127.0.0.1:4360/revisa-tu-correo"
    ============================================================

    [0m [90m 44 |[39m     [90m// cuentas de email+contraseña, no solo Google) -- "Crear mi[39m
     [90m 45 |[39m     [90m// organización" entra al wizard existente, que arranca igual que antes.[39m
    [31m[1m>[22m[39m[90m 46 |[39m     [36mawait[39m page[33m.[39mwaitForURL([32m"**/sin-acceso"[39m)[33m;[39m
     [90m    |[39m                [31m[1m^[22m[39m
     [90m 47 |[39m     [36mawait[39m expect(page[33m.[39mgetByRole([32m"heading"[39m[33m,[39m { level[33m:[39m [35m1[39m[33m,[39m name[33m:[39m [32m"Tu cuenta no está vinculada a ninguna organización"[39m }))[33m.[39mtoBeVisible()[33m;[39m
     [90m 48 |[39m     [36mawait[39m page[33m.[39mgetByRole([32m"link"[39m[33m,[39m { name[33m:[39m [32m"Crear mi organización"[39m })[33m.[39mclick()[33m;[39m
     [90m 49 |[39m[0m
    [2m    at /Users/javiercamaraportepetit/Documents/Codex/atiende-licitaciones-staging/apps/web/e2e/onboarding.spec.ts:46:16[22m

[2m    Error Context: test-results/onboarding-Onboarding-prim-7b433-el-checklist-real-del-panel-chromium-retry1/error-context.md[22m

[2m    attachment #2: [1mtrace[2m (application/zip) [2m─────────────────────────────────────────────────────────[2m[22m
[2m    test-results/onboarding-Onboarding-prim-7b433-el-checklist-real-del-panel-chromium-retry1/trace.zip[22m
[2m    Usage:[22m

[2m        npx playwright show-trace test-results/onboarding-Onboarding-prim-7b433-el-checklist-real-del-panel-chromium-retry1/trace.zip[22m

[2m    [2m────────────────────────────────────────────────────────────────────────────────────────────────[2m[22m

[31m  2 failed[39m
[31m    [chromium] › e2e/landing.spec.ts:21:3 › Landing pública (/) › enlaza el pie a /privacidad y /legal/terminos [39m
[31m    [chromium] › e2e/onboarding.spec.ts:26:3 › Onboarding: primer login sin organizaciones › wizard completo hasta el checklist real del panel [39m
[32m  140 passed[39m[2m (5.7m)[22m
npm error Lifecycle script `test:e2e` failed with error:
npm error code 1
npm error path /Users/javiercamaraportepetit/Documents/Codex/atiende-licitaciones-staging/apps/web
npm error workspace @atiende/web@0.1.0
npm error location /Users/javiercamaraportepetit/Documents/Codex/atiende-licitaciones-staging/apps/web
npm error command failed
npm error command sh -c npm run build && playwright test
[test:e2e:full] apagando apps/api y el proveedor OIDC falso…
[test:e2e:full] test:e2e:full FALLÓ (exit 1).
npm error Lifecycle script `test:e2e:full` failed with error:
npm error code 1
npm error path /Users/javiercamaraportepetit/Documents/Codex/atiende-licitaciones-staging/apps/web
npm error workspace @atiende/web@0.1.0
npm error location /Users/javiercamaraportepetit/Documents/Codex/atiende-licitaciones-staging/apps/web
npm error command failed
npm error command sh -c node scripts/e2e-full.mjs
exit=1

=== Ronda 8b — cierre (reanudación tras corte por límite semanal, 2026-09-08) ===
Contexto: el agente anterior fue cortado a mitad de una edición. `useAuth.tsx`
aparecía borrado y `useAuth.bak` sin rastrear; diff bak vs `HEAD:useAuth.tsx`
fue VACÍO (idéntico), así que se restauró con `cp` (sin `git checkout`) y se
borró el .bak. `npm run -w apps/web typecheck` en verde de inmediato.

Mientras tanto se integró en main el merge 2d06943 (45 commits remotos del
7-sep: REQ-193 EmptyState, fixes de CI para Select/MutationObserver,
sitemap, y E19/E21 -- seguridad de cuenta real en ConfiguracionPage.tsx).
Verificado: NotificationPreferencesSection (ronda 8b) y las 4 secciones de
seguridad nuevas (TwoFactorSection/ChangePasswordSection/GoogleAccountSection/
SessionsSection) conviven en el mismo ConfiguracionPage.tsx sin duplicar
pantalla, cada una en su propio describe/sección. typecheck y lint en verde
tras el merge.

Quedaban 2 fallas reales de `test:e2e:full` (corrida previa, líneas arriba):
1) e2e/landing.spec.ts "enlaza el pie a /privacidad y /legal/terminos":
   `getByRole('link', {name: 'Aviso de privacidad'})` (case-insensitive en
   Playwright) resolvía A DOS enlaces -- el nuevo formulario de contacto
   (REQ-196) agregó su propio enlace "aviso de privacidad" (minúscula) en la
   letra pequeña, además del enlace del `<footer>`. Fix: acotar el locator al
   `<footer>` (role `contentinfo`) antes de buscar el link.
2) e2e/onboarding.spec.ts "wizard completo...": `test:e2e:full` arranca la
   API con REQUIRE_EMAIL_VERIFICATION=true (ronda 8b) y este spec registraba
   una cuenta y hacía login directo, sin confirmarla -- ahora la API responde
   403 `email-not-verified` y la SPA aterriza en /revisa-tu-correo en vez de
   /sin-acceso. Fix: el test lee el enlace real de `/verificar-correo` de la
   bandeja de captura (mail-capture.ts, ya usado por correo-cuenta.spec.ts) y
   llama a `client.verifyEmail({d,s})` server-a-server antes del login; se
   salta si no hay bandeja configurada (mismo criterio que correo-cuenta).

Hallazgo aparte, PRE-EXISTENTE y ajeno a esta ronda: `npm run -w apps/web
test` en LOCAL (sin CI=true, workers en paralelo) es flaky en
RevisionPage.test.tsx > "admin pide el step-up..." (R5-09) por contención de
un <Select> de Radix (mismo patrón que 147d02c/14ef0d4 ya corrigieron SOLO
para CI vía `maxWorkers: process.env.CI === "true" ? 1 : ...`,
apps/web/vite.config.ts:264). Reproducido 2 veces en paralelo (falla) y 1 vez
con CI=true (verde, 244/244) -- se usa CI=true en las corridas de cierre de
abajo para no fingir estabilidad que el propio repo ya documentó como
dependiente del modo de ejecución.


=== $ npm run -w apps/web typecheck (pasada 1/2) ===

> @atiende/web@0.1.0 typecheck
> tsc -b --noEmit


=== $ npm run -w apps/web lint (pasada 1/2) ===

> @atiende/web@0.1.0 lint
> eslint .


=== $ CI=true npm run -w apps/web test (pasada 1/2) ===

> @atiende/web@0.1.0 test
> NODE_OPTIONS=--no-experimental-webstorage vitest run --reporter=dot


 RUN  v4.1.11 /Users/javiercamaraportepetit/Documents/Codex/atiende-licitaciones-staging/apps/web

·stderr | src/pages/entrega/PaqueteDescargablePage.test.tsx > PaqueteDescargablePage > nunca muestra 'Listo para presentar' cuando el servidor deriva 'draft' (A14)
Select is changing from uncontrolled to controlled. Components should not switch from controlled to uncontrolled (or vice versa). Decide between using a controlled or uncontrolled value for the lifetime of the component.

·stderr | src/pages/entrega/PaqueteDescargablePage.test.tsx > PaqueteDescargablePage > muestra 'Listo para presentar' solo cuando el servidor deriva 'ready'
Select is changing from uncontrolled to controlled. Components should not switch from controlled to uncontrolled (or vice versa). Decide between using a controlled or uncontrolled value for the lifetime of the component.

·stderr | src/pages/preparacion/RevisionPage.test.tsx > RevisionPage > A12: un rol indebido (writer) no puede aprobar -- el botón de aprobar no se ofrece
Select is changing from uncontrolled to controlled. Components should not switch from controlled to uncontrolled (or vice versa). Decide between using a controlled or uncontrolled value for the lifetime of the component.

·stderr | src/pages/preparacion/RevisionPage.test.tsx > RevisionPage > muestra una aprobación invalidada tras un cambio (A11)
Select is changing from uncontrolled to controlled. Components should not switch from controlled to uncontrolled (or vice versa). Decide between using a controlled or uncontrolled value for the lifetime of the component.

·stderr | src/pages/preparacion/RevisionPage.test.tsx > RevisionPage > admin pide el step-up con la organización activa (X-Org-Id) y el propósito exacto de la acción (R5-09)
Select is changing from uncontrolled to controlled. Components should not switch from controlled to uncontrolled (or vice versa). Decide between using a controlled or uncontrolled value for the lifetime of the component.

·stderr | src/pages/evaluacion/AnalisisBasesPage.test.tsx > AnalisisBasesPage > muestra requires_ocr de forma explícita para un documento sin capa de texto
Select is changing from uncontrolled to controlled. Components should not switch from controlled to uncontrolled (or vice versa). Decide between using a controlled or uncontrolled value for the lifetime of the component.

··stderr | src/pages/entrega/SeguimientoPage.test.tsx > SeguimientoPage > muestra calendarNote y legalRegime reales para un seguimiento de tipo pago
Select is changing from uncontrolled to controlled. Components should not switch from controlled to uncontrolled (or vice versa). Decide between using a controlled or uncontrolled value for the lifetime of the component.

····stderr | src/pages/entrega/EntregasPage.test.tsx > EntregasPage > permite declarar una presentación (fecha + notas) sin enviar nada a un portal externo
Select is changing from uncontrolled to controlled. Components should not switch from controlled to uncontrolled (or vice versa). Decide between using a controlled or uncontrolled value for the lifetime of the component.

·stderr | src/pages/preparacion/RedaccionPage.test.tsx > RedaccionPage > muestra una sección bloqueada como PENDIENTE, nunca un valor inventado
Select is changing from uncontrolled to controlled. Components should not switch from controlled to uncontrolled (or vice versa). Decide between using a controlled or uncontrolled value for the lifetime of the component.

·stderr | src/pages/preparacion/CumplimientoDocumentalPage.test.tsx > CumplimientoDocumentalPage > muestra el resultado real por dimensión del checklist de integridad
Select is changing from uncontrolled to controlled. Components should not switch from controlled to uncontrolled (or vice versa). Decide between using a controlled or uncontrolled value for the lifetime of the component.

·stderr | src/pages/preparacion/ExpedientePage.test.tsx > ExpedientePage > resume el estado real del expediente por convocatoria con enlaces a cada módulo
Select is changing from uncontrolled to controlled. Components should not switch from controlled to uncontrolled (or vice versa). Decide between using a controlled or uncontrolled value for the lifetime of the component.

·········································Error: Not implemented: HTMLCanvasElement.prototype.getContext (without installing the canvas npm package)
    at module.exports (/Users/javiercamaraportepetit/Documents/Codex/atiende-licitaciones-staging/node_modules/jsdom/lib/jsdom/browser/not-implemented.js:9:17)
    at HTMLCanvasElementImpl.getContext (/Users/javiercamaraportepetit/Documents/Codex/atiende-licitaciones-staging/node_modules/jsdom/lib/jsdom/living/nodes/HTMLCanvasElement-impl.js:42:5)
    at HTMLCanvasElement.getContext (/Users/javiercamaraportepetit/Documents/Codex/atiende-licitaciones-staging/node_modules/jsdom/lib/jsdom/living/generated/HTMLCanvasElement.js:131:58)
    at /Users/javiercamaraportepetit/Documents/Codex/atiende-licitaciones-staging/node_modules/axe-core/axe.js:17088:49
    at Object.get (/Users/javiercamaraportepetit/Documents/Codex/atiende-licitaciones-staging/node_modules/axe-core/axe.js:11246:23)
    at _isIconLigature (/Users/javiercamaraportepetit/Documents/Codex/atiende-licitaciones-staging/node_modules/axe-core/axe.js:17087:41)
    at /Users/javiercamaraportepetit/Documents/Codex/atiende-licitaciones-staging/node_modules/axe-core/axe.js:28725:54
    at Array.some (<anonymous>)
    at hasRealTextChildren (/Users/javiercamaraportepetit/Documents/Codex/atiende-licitaciones-staging/node_modules/axe-core/axe.js:28724:35)
    at Rule.colorContrastMatches [as matches] (/Users/javiercamaraportepetit/Documents/Codex/atiende-licitaciones-staging/node_modules/axe-core/axe.js:28686:12) [90mundefined[39m
·····Error: Not implemented: HTMLCanvasElement.prototype.getContext (without installing the canvas npm package)
    at module.exports (/Users/javiercamaraportepetit/Documents/Codex/atiende-licitaciones-staging/node_modules/jsdom/lib/jsdom/browser/not-implemented.js:9:17)
    at HTMLCanvasElementImpl.getContext (/Users/javiercamaraportepetit/Documents/Codex/atiende-licitaciones-staging/node_modules/jsdom/lib/jsdom/living/nodes/HTMLCanvasElement-impl.js:42:5)
    at HTMLCanvasElement.getContext (/Users/javiercamaraportepetit/Documents/Codex/atiende-licitaciones-staging/node_modules/jsdom/lib/jsdom/living/generated/HTMLCanvasElement.js:131:58)
    at /Users/javiercamaraportepetit/Documents/Codex/atiende-licitaciones-staging/node_modules/axe-core/axe.js:17088:49
    at Object.get (/Users/javiercamaraportepetit/Documents/Codex/atiende-licitaciones-staging/node_modules/axe-core/axe.js:11246:23)
    at _isIconLigature (/Users/javiercamaraportepetit/Documents/Codex/atiende-licitaciones-staging/node_modules/axe-core/axe.js:17087:41)
    at /Users/javiercamaraportepetit/Documents/Codex/atiende-licitaciones-staging/node_modules/axe-core/axe.js:28725:54
    at Array.some (<anonymous>)
    at hasRealTextChildren (/Users/javiercamaraportepetit/Documents/Codex/atiende-licitaciones-staging/node_modules/axe-core/axe.js:28724:35)
    at Rule.colorContrastMatches [as matches] (/Users/javiercamaraportepetit/Documents/Codex/atiende-licitaciones-staging/node_modules/axe-core/axe.js:28686:12) [90mundefined[39m
·······Error: Not implemented: HTMLCanvasElement.prototype.getContext (without installing the canvas npm package)
    at module.exports (/Users/javiercamaraportepetit/Documents/Codex/atiende-licitaciones-staging/node_modules/jsdom/lib/jsdom/browser/not-implemented.js:9:17)
    at HTMLCanvasElementImpl.getContext (/Users/javiercamaraportepetit/Documents/Codex/atiende-licitaciones-staging/node_modules/jsdom/lib/jsdom/living/nodes/HTMLCanvasElement-impl.js:42:5)
    at HTMLCanvasElement.getContext (/Users/javiercamaraportepetit/Documents/Codex/atiende-licitaciones-staging/node_modules/jsdom/lib/jsdom/living/generated/HTMLCanvasElement.js:131:58)
    at /Users/javiercamaraportepetit/Documents/Codex/atiende-licitaciones-staging/node_modules/axe-core/axe.js:17088:49
    at Object.get (/Users/javiercamaraportepetit/Documents/Codex/atiende-licitaciones-staging/node_modules/axe-core/axe.js:11246:23)
    at _isIconLigature (/Users/javiercamaraportepetit/Documents/Codex/atiende-licitaciones-staging/node_modules/axe-core/axe.js:17087:41)
    at /Users/javiercamaraportepetit/Documents/Codex/atiende-licitaciones-staging/node_modules/axe-core/axe.js:28725:54
    at Array.some (<anonymous>)
    at hasRealTextChildren (/Users/javiercamaraportepetit/Documents/Codex/atiende-licitaciones-staging/node_modules/axe-core/axe.js:28724:35)
    at Rule.colorContrastMatches [as matches] (/Users/javiercamaraportepetit/Documents/Codex/atiende-licitaciones-staging/node_modules/axe-core/axe.js:28686:12) [90mundefined[39m
······Error: Not implemented: HTMLCanvasElement.prototype.getContext (without installing the canvas npm package)
    at module.exports (/Users/javiercamaraportepetit/Documents/Codex/atiende-licitaciones-staging/node_modules/jsdom/lib/jsdom/browser/not-implemented.js:9:17)
    at HTMLCanvasElementImpl.getContext (/Users/javiercamaraportepetit/Documents/Codex/atiende-licitaciones-staging/node_modules/jsdom/lib/jsdom/living/nodes/HTMLCanvasElement-impl.js:42:5)
    at HTMLCanvasElement.getContext (/Users/javiercamaraportepetit/Documents/Codex/atiende-licitaciones-staging/node_modules/jsdom/lib/jsdom/living/generated/HTMLCanvasElement.js:131:58)
    at /Users/javiercamaraportepetit/Documents/Codex/atiende-licitaciones-staging/node_modules/axe-core/axe.js:17088:49
    at Object.get (/Users/javiercamaraportepetit/Documents/Codex/atiende-licitaciones-staging/node_modules/axe-core/axe.js:11246:23)
    at _isIconLigature (/Users/javiercamaraportepetit/Documents/Codex/atiende-licitaciones-staging/node_modules/axe-core/axe.js:17087:41)
    at /Users/javiercamaraportepetit/Documents/Codex/atiende-licitaciones-staging/node_modules/axe-core/axe.js:28725:54
    at Array.some (<anonymous>)
    at hasRealTextChildren (/Users/javiercamaraportepetit/Documents/Codex/atiende-licitaciones-staging/node_modules/axe-core/axe.js:28724:35)
    at Rule.colorContrastMatches [as matches] (/Users/javiercamaraportepetit/Documents/Codex/atiende-licitaciones-staging/node_modules/axe-core/axe.js:28686:12) [90mundefined[39m
···········Error: Not implemented: HTMLCanvasElement.prototype.getContext (without installing the canvas npm package)
    at module.exports (/Users/javiercamaraportepetit/Documents/Codex/atiende-licitaciones-staging/node_modules/jsdom/lib/jsdom/browser/not-implemented.js:9:17)
    at HTMLCanvasElementImpl.getContext (/Users/javiercamaraportepetit/Documents/Codex/atiende-licitaciones-staging/node_modules/jsdom/lib/jsdom/living/nodes/HTMLCanvasElement-impl.js:42:5)
    at HTMLCanvasElement.getContext (/Users/javiercamaraportepetit/Documents/Codex/atiende-licitaciones-staging/node_modules/jsdom/lib/jsdom/living/generated/HTMLCanvasElement.js:131:58)
    at /Users/javiercamaraportepetit/Documents/Codex/atiende-licitaciones-staging/node_modules/axe-core/axe.js:17088:49
    at Object.get (/Users/javiercamaraportepetit/Documents/Codex/atiende-licitaciones-staging/node_modules/axe-core/axe.js:11246:23)
    at _isIconLigature (/Users/javiercamaraportepetit/Documents/Codex/atiende-licitaciones-staging/node_modules/axe-core/axe.js:17087:41)
    at /Users/javiercamaraportepetit/Documents/Codex/atiende-licitaciones-staging/node_modules/axe-core/axe.js:28725:54
    at Array.some (<anonymous>)
    at hasRealTextChildren (/Users/javiercamaraportepetit/Documents/Codex/atiende-licitaciones-staging/node_modules/axe-core/axe.js:28724:35)
    at Rule.colorContrastMatches [as matches] (/Users/javiercamaraportepetit/Documents/Codex/atiende-licitaciones-staging/node_modules/axe-core/axe.js:28686:12) [90mundefined[39m
··········Error: Not implemented: HTMLCanvasElement.prototype.getContext (without installing the canvas npm package)
    at module.exports (/Users/javiercamaraportepetit/Documents/Codex/atiende-licitaciones-staging/node_modules/jsdom/lib/jsdom/browser/not-implemented.js:9:17)
    at HTMLCanvasElementImpl.getContext (/Users/javiercamaraportepetit/Documents/Codex/atiende-licitaciones-staging/node_modules/jsdom/lib/jsdom/living/nodes/HTMLCanvasElement-impl.js:42:5)
    at HTMLCanvasElement.getContext (/Users/javiercamaraportepetit/Documents/Codex/atiende-licitaciones-staging/node_modules/jsdom/lib/jsdom/living/generated/HTMLCanvasElement.js:131:58)
    at /Users/javiercamaraportepetit/Documents/Codex/atiende-licitaciones-staging/node_modules/axe-core/axe.js:17088:49
    at Object.get (/Users/javiercamaraportepetit/Documents/Codex/atiende-licitaciones-staging/node_modules/axe-core/axe.js:11246:23)
    at _isIconLigature (/Users/javiercamaraportepetit/Documents/Codex/atiende-licitaciones-staging/node_modules/axe-core/axe.js:17087:41)
    at /Users/javiercamaraportepetit/Documents/Codex/atiende-licitaciones-staging/node_modules/axe-core/axe.js:28725:54
    at Array.some (<anonymous>)
    at hasRealTextChildren (/Users/javiercamaraportepetit/Documents/Codex/atiende-licitaciones-staging/node_modules/axe-core/axe.js:28724:35)
    at Rule.colorContrastMatches [as matches] (/Users/javiercamaraportepetit/Documents/Codex/atiende-licitaciones-staging/node_modules/axe-core/axe.js:28686:12) [90mundefined[39m
···········Error: Not implemented: HTMLCanvasElement.prototype.getContext (without installing the canvas npm package)
    at module.exports (/Users/javiercamaraportepetit/Documents/Codex/atiende-licitaciones-staging/node_modules/jsdom/lib/jsdom/browser/not-implemented.js:9:17)
    at HTMLCanvasElementImpl.getContext (/Users/javiercamaraportepetit/Documents/Codex/atiende-licitaciones-staging/node_modules/jsdom/lib/jsdom/living/nodes/HTMLCanvasElement-impl.js:42:5)
    at HTMLCanvasElement.getContext (/Users/javiercamaraportepetit/Documents/Codex/atiende-licitaciones-staging/node_modules/jsdom/lib/jsdom/living/generated/HTMLCanvasElement.js:131:58)
    at /Users/javiercamaraportepetit/Documents/Codex/atiende-licitaciones-staging/node_modules/axe-core/axe.js:17088:49
    at Object.get (/Users/javiercamaraportepetit/Documents/Codex/atiende-licitaciones-staging/node_modules/axe-core/axe.js:11246:23)
    at _isIconLigature (/Users/javiercamaraportepetit/Documents/Codex/atiende-licitaciones-staging/node_modules/axe-core/axe.js:17087:41)
    at /Users/javiercamaraportepetit/Documents/Codex/atiende-licitaciones-staging/node_modules/axe-core/axe.js:28725:54
    at Array.some (<anonymous>)
    at hasRealTextChildren (/Users/javiercamaraportepetit/Documents/Codex/atiende-licitaciones-staging/node_modules/axe-core/axe.js:28724:35)
    at Rule.colorContrastMatches [as matches] (/Users/javiercamaraportepetit/Documents/Codex/atiende-licitaciones-staging/node_modules/axe-core/axe.js:28686:12) [90mundefined[39m
···Error: Not implemented: HTMLCanvasElement.prototype.getContext (without installing the canvas npm package)
    at module.exports (/Users/javiercamaraportepetit/Documents/Codex/atiende-licitaciones-staging/node_modules/jsdom/lib/jsdom/browser/not-implemented.js:9:17)
    at HTMLCanvasElementImpl.getContext (/Users/javiercamaraportepetit/Documents/Codex/atiende-licitaciones-staging/node_modules/jsdom/lib/jsdom/living/nodes/HTMLCanvasElement-impl.js:42:5)
    at HTMLCanvasElement.getContext (/Users/javiercamaraportepetit/Documents/Codex/atiende-licitaciones-staging/node_modules/jsdom/lib/jsdom/living/generated/HTMLCanvasElement.js:131:58)
    at /Users/javiercamaraportepetit/Documents/Codex/atiende-licitaciones-staging/node_modules/axe-core/axe.js:17088:49
    at Object.get (/Users/javiercamaraportepetit/Documents/Codex/atiende-licitaciones-staging/node_modules/axe-core/axe.js:11246:23)
    at _isIconLigature (/Users/javiercamaraportepetit/Documents/Codex/atiende-licitaciones-staging/node_modules/axe-core/axe.js:17087:41)
    at /Users/javiercamaraportepetit/Documents/Codex/atiende-licitaciones-staging/node_modules/axe-core/axe.js:28725:54
    at Array.some (<anonymous>)
    at hasRealTextChildren (/Users/javiercamaraportepetit/Documents/Codex/atiende-licitaciones-staging/node_modules/axe-core/axe.js:28724:35)
    at Rule.colorContrastMatches [as matches] (/Users/javiercamaraportepetit/Documents/Codex/atiende-licitaciones-staging/node_modules/axe-core/axe.js:28686:12) [90mundefined[39m
·······················Error: Not implemented: HTMLCanvasElement.prototype.getContext (without installing the canvas npm package)
    at module.exports (/Users/javiercamaraportepetit/Documents/Codex/atiende-licitaciones-staging/node_modules/jsdom/lib/jsdom/browser/not-implemented.js:9:17)
    at HTMLCanvasElementImpl.getContext (/Users/javiercamaraportepetit/Documents/Codex/atiende-licitaciones-staging/node_modules/jsdom/lib/jsdom/living/nodes/HTMLCanvasElement-impl.js:42:5)
    at HTMLCanvasElement.getContext (/Users/javiercamaraportepetit/Documents/Codex/atiende-licitaciones-staging/node_modules/jsdom/lib/jsdom/living/generated/HTMLCanvasElement.js:131:58)
    at /Users/javiercamaraportepetit/Documents/Codex/atiende-licitaciones-staging/node_modules/axe-core/axe.js:17088:49
    at Object.get (/Users/javiercamaraportepetit/Documents/Codex/atiende-licitaciones-staging/node_modules/axe-core/axe.js:11246:23)
    at _isIconLigature (/Users/javiercamaraportepetit/Documents/Codex/atiende-licitaciones-staging/node_modules/axe-core/axe.js:17087:41)
    at /Users/javiercamaraportepetit/Documents/Codex/atiende-licitaciones-staging/node_modules/axe-core/axe.js:28725:54
    at Array.some (<anonymous>)
    at hasRealTextChildren (/Users/javiercamaraportepetit/Documents/Codex/atiende-licitaciones-staging/node_modules/axe-core/axe.js:28724:35)
    at Rule.colorContrastMatches [as matches] (/Users/javiercamaraportepetit/Documents/Codex/atiende-licitaciones-staging/node_modules/axe-core/axe.js:28686:12) [90mundefined[39m
········Error: Not implemented: HTMLCanvasElement.prototype.getContext (without installing the canvas npm package)
    at module.exports (/Users/javiercamaraportepetit/Documents/Codex/atiende-licitaciones-staging/node_modules/jsdom/lib/jsdom/browser/not-implemented.js:9:17)
    at HTMLCanvasElementImpl.getContext (/Users/javiercamaraportepetit/Documents/Codex/atiende-licitaciones-staging/node_modules/jsdom/lib/jsdom/living/nodes/HTMLCanvasElement-impl.js:42:5)
    at HTMLCanvasElement.getContext (/Users/javiercamaraportepetit/Documents/Codex/atiende-licitaciones-staging/node_modules/jsdom/lib/jsdom/living/generated/HTMLCanvasElement.js:131:58)
    at /Users/javiercamaraportepetit/Documents/Codex/atiende-licitaciones-staging/node_modules/axe-core/axe.js:17088:49
    at Object.get (/Users/javiercamaraportepetit/Documents/Codex/atiende-licitaciones-staging/node_modules/axe-core/axe.js:11246:23)
    at _isIconLigature (/Users/javiercamaraportepetit/Documents/Codex/atiende-licitaciones-staging/node_modules/axe-core/axe.js:17087:41)
    at /Users/javiercamaraportepetit/Documents/Codex/atiende-licitaciones-staging/node_modules/axe-core/axe.js:28725:54
    at Array.some (<anonymous>)
    at hasRealTextChildren (/Users/javiercamaraportepetit/Documents/Codex/atiende-licitaciones-staging/node_modules/axe-core/axe.js:28724:35)
    at Rule.colorContrastMatches [as matches] (/Users/javiercamaraportepetit/Documents/Codex/atiende-licitaciones-staging/node_modules/axe-core/axe.js:28686:12) [90mundefined[39m
·············Error: Not implemented: HTMLCanvasElement.prototype.getContext (without installing the canvas npm package)
    at module.exports (/Users/javiercamaraportepetit/Documents/Codex/atiende-licitaciones-staging/node_modules/jsdom/lib/jsdom/browser/not-implemented.js:9:17)
    at HTMLCanvasElementImpl.getContext (/Users/javiercamaraportepetit/Documents/Codex/atiende-licitaciones-staging/node_modules/jsdom/lib/jsdom/living/nodes/HTMLCanvasElement-impl.js:42:5)
    at HTMLCanvasElement.getContext (/Users/javiercamaraportepetit/Documents/Codex/atiende-licitaciones-staging/node_modules/jsdom/lib/jsdom/living/generated/HTMLCanvasElement.js:131:58)
    at /Users/javiercamaraportepetit/Documents/Codex/atiende-licitaciones-staging/node_modules/axe-core/axe.js:17088:49
    at Object.get (/Users/javiercamaraportepetit/Documents/Codex/atiende-licitaciones-staging/node_modules/axe-core/axe.js:11246:23)
    at _isIconLigature (/Users/javiercamaraportepetit/Documents/Codex/atiende-licitaciones-staging/node_modules/axe-core/axe.js:17087:41)
    at /Users/javiercamaraportepetit/Documents/Codex/atiende-licitaciones-staging/node_modules/axe-core/axe.js:28725:54
    at Array.some (<anonymous>)
    at hasRealTextChildren (/Users/javiercamaraportepetit/Documents/Codex/atiende-licitaciones-staging/node_modules/axe-core/axe.js:28724:35)
    at Rule.colorContrastMatches [as matches] (/Users/javiercamaraportepetit/Documents/Codex/atiende-licitaciones-staging/node_modules/axe-core/axe.js:28686:12) [90mundefined[39m
·····Error: Not implemented: HTMLCanvasElement.prototype.getContext (without installing the canvas npm package)
    at module.exports (/Users/javiercamaraportepetit/Documents/Codex/atiende-licitaciones-staging/node_modules/jsdom/lib/jsdom/browser/not-implemented.js:9:17)
    at HTMLCanvasElementImpl.getContext (/Users/javiercamaraportepetit/Documents/Codex/atiende-licitaciones-staging/node_modules/jsdom/lib/jsdom/living/nodes/HTMLCanvasElement-impl.js:42:5)
    at HTMLCanvasElement.getContext (/Users/javiercamaraportepetit/Documents/Codex/atiende-licitaciones-staging/node_modules/jsdom/lib/jsdom/living/generated/HTMLCanvasElement.js:131:58)
    at /Users/javiercamaraportepetit/Documents/Codex/atiende-licitaciones-staging/node_modules/axe-core/axe.js:17088:49
    at Object.get (/Users/javiercamaraportepetit/Documents/Codex/atiende-licitaciones-staging/node_modules/axe-core/axe.js:11246:23)
    at _isIconLigature (/Users/javiercamaraportepetit/Documents/Codex/atiende-licitaciones-staging/node_modules/axe-core/axe.js:17087:41)
    at /Users/javiercamaraportepetit/Documents/Codex/atiende-licitaciones-staging/node_modules/axe-core/axe.js:28725:54
    at Array.some (<anonymous>)
    at hasRealTextChildren (/Users/javiercamaraportepetit/Documents/Codex/atiende-licitaciones-staging/node_modules/axe-core/axe.js:28724:35)
    at Rule.colorContrastMatches [as matches] (/Users/javiercamaraportepetit/Documents/Codex/atiende-licitaciones-staging/node_modules/axe-core/axe.js:28686:12) [90mundefined[39m
······················································································

 Test Files  48 passed (48)
      Tests  244 passed (244)
   Start at  21:56:16
   Duration  556.62s (transform 746ms, setup 3.83s, import 205.05s, tests 336.31s, environment 7.17s)


=== $ npm run -w apps/web typecheck (pasada 2/2) ===

> @atiende/web@0.1.0 typecheck
> tsc -b --noEmit


=== $ npm run -w apps/web lint (pasada 2/2) ===

> @atiende/web@0.1.0 lint
> eslint .


=== $ CI=true npm run -w apps/web test (pasada 2/2) ===

> @atiende/web@0.1.0 test
> NODE_OPTIONS=--no-experimental-webstorage vitest run --reporter=dot


 RUN  v4.1.11 /Users/javiercamaraportepetit/Documents/Codex/atiende-licitaciones-staging/apps/web

stderr | src/pages/evaluacion/AnalisisBasesPage.test.tsx > AnalisisBasesPage > muestra requires_ocr de forma explícita para un documento sin capa de texto
Select is changing from uncontrolled to controlled. Components should not switch from controlled to uncontrolled (or vice versa). Decide between using a controlled or uncontrolled value for the lifetime of the component.

··stderr | src/pages/preparacion/RedaccionPage.test.tsx > RedaccionPage > muestra una sección bloqueada como PENDIENTE, nunca un valor inventado
Select is changing from uncontrolled to controlled. Components should not switch from controlled to uncontrolled (or vice versa). Decide between using a controlled or uncontrolled value for the lifetime of the component.

··stderr | src/pages/entrega/PaqueteDescargablePage.test.tsx > PaqueteDescargablePage > nunca muestra 'Listo para presentar' cuando el servidor deriva 'draft' (A14)
Select is changing from uncontrolled to controlled. Components should not switch from controlled to uncontrolled (or vice versa). Decide between using a controlled or uncontrolled value for the lifetime of the component.

·stderr | src/pages/entrega/PaqueteDescargablePage.test.tsx > PaqueteDescargablePage > muestra 'Listo para presentar' solo cuando el servidor deriva 'ready'
Select is changing from uncontrolled to controlled. Components should not switch from controlled to uncontrolled (or vice versa). Decide between using a controlled or uncontrolled value for the lifetime of the component.

·stderr | src/pages/preparacion/RevisionPage.test.tsx > RevisionPage > A12: un rol indebido (writer) no puede aprobar -- el botón de aprobar no se ofrece
Select is changing from uncontrolled to controlled. Components should not switch from controlled to uncontrolled (or vice versa). Decide between using a controlled or uncontrolled value for the lifetime of the component.

·stderr | src/pages/preparacion/RevisionPage.test.tsx > RevisionPage > muestra una aprobación invalidada tras un cambio (A11)
Select is changing from uncontrolled to controlled. Components should not switch from controlled to uncontrolled (or vice versa). Decide between using a controlled or uncontrolled value for the lifetime of the component.

·stderr | src/pages/preparacion/RevisionPage.test.tsx > RevisionPage > admin pide el step-up con la organización activa (X-Org-Id) y el propósito exacto de la acción (R5-09)
Select is changing from uncontrolled to controlled. Components should not switch from controlled to uncontrolled (or vice versa). Decide between using a controlled or uncontrolled value for the lifetime of the component.

·stderr | src/pages/preparacion/ExpedientePage.test.tsx > ExpedientePage > resume el estado real del expediente por convocatoria con enlaces a cada módulo
Select is changing from uncontrolled to controlled. Components should not switch from controlled to uncontrolled (or vice versa). Decide between using a controlled or uncontrolled value for the lifetime of the component.

··stderr | src/pages/entrega/EntregasPage.test.tsx > EntregasPage > permite declarar una presentación (fecha + notas) sin enviar nada a un portal externo
Select is changing from uncontrolled to controlled. Components should not switch from controlled to uncontrolled (or vice versa). Decide between using a controlled or uncontrolled value for the lifetime of the component.

···stderr | src/pages/entrega/SeguimientoPage.test.tsx > SeguimientoPage > muestra calendarNote y legalRegime reales para un seguimiento de tipo pago
Select is changing from uncontrolled to controlled. Components should not switch from controlled to uncontrolled (or vice versa). Decide between using a controlled or uncontrolled value for the lifetime of the component.

·stderr | src/pages/preparacion/CumplimientoDocumentalPage.test.tsx > CumplimientoDocumentalPage > muestra el resultado real por dimensión del checklist de integridad
Select is changing from uncontrolled to controlled. Components should not switch from controlled to uncontrolled (or vice versa). Decide between using a controlled or uncontrolled value for the lifetime of the component.

········································Error: Not implemented: HTMLCanvasElement.prototype.getContext (without installing the canvas npm package)
    at module.exports (/Users/javiercamaraportepetit/Documents/Codex/atiende-licitaciones-staging/node_modules/jsdom/lib/jsdom/browser/not-implemented.js:9:17)
    at HTMLCanvasElementImpl.getContext (/Users/javiercamaraportepetit/Documents/Codex/atiende-licitaciones-staging/node_modules/jsdom/lib/jsdom/living/nodes/HTMLCanvasElement-impl.js:42:5)
    at HTMLCanvasElement.getContext (/Users/javiercamaraportepetit/Documents/Codex/atiende-licitaciones-staging/node_modules/jsdom/lib/jsdom/living/generated/HTMLCanvasElement.js:131:58)
    at /Users/javiercamaraportepetit/Documents/Codex/atiende-licitaciones-staging/node_modules/axe-core/axe.js:17088:49
    at Object.get (/Users/javiercamaraportepetit/Documents/Codex/atiende-licitaciones-staging/node_modules/axe-core/axe.js:11246:23)
    at _isIconLigature (/Users/javiercamaraportepetit/Documents/Codex/atiende-licitaciones-staging/node_modules/axe-core/axe.js:17087:41)
    at /Users/javiercamaraportepetit/Documents/Codex/atiende-licitaciones-staging/node_modules/axe-core/axe.js:28725:54
    at Array.some (<anonymous>)
    at hasRealTextChildren (/Users/javiercamaraportepetit/Documents/Codex/atiende-licitaciones-staging/node_modules/axe-core/axe.js:28724:35)
    at Rule.colorContrastMatches [as matches] (/Users/javiercamaraportepetit/Documents/Codex/atiende-licitaciones-staging/node_modules/axe-core/axe.js:28686:12) [90mundefined[39m
·······Error: Not implemented: HTMLCanvasElement.prototype.getContext (without installing the canvas npm package)
    at module.exports (/Users/javiercamaraportepetit/Documents/Codex/atiende-licitaciones-staging/node_modules/jsdom/lib/jsdom/browser/not-implemented.js:9:17)
    at HTMLCanvasElementImpl.getContext (/Users/javiercamaraportepetit/Documents/Codex/atiende-licitaciones-staging/node_modules/jsdom/lib/jsdom/living/nodes/HTMLCanvasElement-impl.js:42:5)
    at HTMLCanvasElement.getContext (/Users/javiercamaraportepetit/Documents/Codex/atiende-licitaciones-staging/node_modules/jsdom/lib/jsdom/living/generated/HTMLCanvasElement.js:131:58)
    at /Users/javiercamaraportepetit/Documents/Codex/atiende-licitaciones-staging/node_modules/axe-core/axe.js:17088:49
    at Object.get (/Users/javiercamaraportepetit/Documents/Codex/atiende-licitaciones-staging/node_modules/axe-core/axe.js:11246:23)
    at _isIconLigature (/Users/javiercamaraportepetit/Documents/Codex/atiende-licitaciones-staging/node_modules/axe-core/axe.js:17087:41)
    at /Users/javiercamaraportepetit/Documents/Codex/atiende-licitaciones-staging/node_modules/axe-core/axe.js:28725:54
    at Array.some (<anonymous>)
    at hasRealTextChildren (/Users/javiercamaraportepetit/Documents/Codex/atiende-licitaciones-staging/node_modules/axe-core/axe.js:28724:35)
    at Rule.colorContrastMatches [as matches] (/Users/javiercamaraportepetit/Documents/Codex/atiende-licitaciones-staging/node_modules/axe-core/axe.js:28686:12) [90mundefined[39m
··········Error: Not implemented: HTMLCanvasElement.prototype.getContext (without installing the canvas npm package)
    at module.exports (/Users/javiercamaraportepetit/Documents/Codex/atiende-licitaciones-staging/node_modules/jsdom/lib/jsdom/browser/not-implemented.js:9:17)
    at HTMLCanvasElementImpl.getContext (/Users/javiercamaraportepetit/Documents/Codex/atiende-licitaciones-staging/node_modules/jsdom/lib/jsdom/living/nodes/HTMLCanvasElement-impl.js:42:5)
    at HTMLCanvasElement.getContext (/Users/javiercamaraportepetit/Documents/Codex/atiende-licitaciones-staging/node_modules/jsdom/lib/jsdom/living/generated/HTMLCanvasElement.js:131:58)
    at /Users/javiercamaraportepetit/Documents/Codex/atiende-licitaciones-staging/node_modules/axe-core/axe.js:17088:49
    at Object.get (/Users/javiercamaraportepetit/Documents/Codex/atiende-licitaciones-staging/node_modules/axe-core/axe.js:11246:23)
    at _isIconLigature (/Users/javiercamaraportepetit/Documents/Codex/atiende-licitaciones-staging/node_modules/axe-core/axe.js:17087:41)
    at /Users/javiercamaraportepetit/Documents/Codex/atiende-licitaciones-staging/node_modules/axe-core/axe.js:28725:54
    at Array.some (<anonymous>)
    at hasRealTextChildren (/Users/javiercamaraportepetit/Documents/Codex/atiende-licitaciones-staging/node_modules/axe-core/axe.js:28724:35)
    at Rule.colorContrastMatches [as matches] (/Users/javiercamaraportepetit/Documents/Codex/atiende-licitaciones-staging/node_modules/axe-core/axe.js:28686:12) [90mundefined[39m
·····Error: Not implemented: HTMLCanvasElement.prototype.getContext (without installing the canvas npm package)
    at module.exports (/Users/javiercamaraportepetit/Documents/Codex/atiende-licitaciones-staging/node_modules/jsdom/lib/jsdom/browser/not-implemented.js:9:17)
    at HTMLCanvasElementImpl.getContext (/Users/javiercamaraportepetit/Documents/Codex/atiende-licitaciones-staging/node_modules/jsdom/lib/jsdom/living/nodes/HTMLCanvasElement-impl.js:42:5)
    at HTMLCanvasElement.getContext (/Users/javiercamaraportepetit/Documents/Codex/atiende-licitaciones-staging/node_modules/jsdom/lib/jsdom/living/generated/HTMLCanvasElement.js:131:58)
    at /Users/javiercamaraportepetit/Documents/Codex/atiende-licitaciones-staging/node_modules/axe-core/axe.js:17088:49
    at Object.get (/Users/javiercamaraportepetit/Documents/Codex/atiende-licitaciones-staging/node_modules/axe-core/axe.js:11246:23)
    at _isIconLigature (/Users/javiercamaraportepetit/Documents/Codex/atiende-licitaciones-staging/node_modules/axe-core/axe.js:17087:41)
    at /Users/javiercamaraportepetit/Documents/Codex/atiende-licitaciones-staging/node_modules/axe-core/axe.js:28725:54
    at Array.some (<anonymous>)
    at hasRealTextChildren (/Users/javiercamaraportepetit/Documents/Codex/atiende-licitaciones-staging/node_modules/axe-core/axe.js:28724:35)
    at Rule.colorContrastMatches [as matches] (/Users/javiercamaraportepetit/Documents/Codex/atiende-licitaciones-staging/node_modules/axe-core/axe.js:28686:12) [90mundefined[39m
···········Error: Not implemented: HTMLCanvasElement.prototype.getContext (without installing the canvas npm package)
    at module.exports (/Users/javiercamaraportepetit/Documents/Codex/atiende-licitaciones-staging/node_modules/jsdom/lib/jsdom/browser/not-implemented.js:9:17)
    at HTMLCanvasElementImpl.getContext (/Users/javiercamaraportepetit/Documents/Codex/atiende-licitaciones-staging/node_modules/jsdom/lib/jsdom/living/nodes/HTMLCanvasElement-impl.js:42:5)
    at HTMLCanvasElement.getContext (/Users/javiercamaraportepetit/Documents/Codex/atiende-licitaciones-staging/node_modules/jsdom/lib/jsdom/living/generated/HTMLCanvasElement.js:131:58)
    at /Users/javiercamaraportepetit/Documents/Codex/atiende-licitaciones-staging/node_modules/axe-core/axe.js:17088:49
    at Object.get (/Users/javiercamaraportepetit/Documents/Codex/atiende-licitaciones-staging/node_modules/axe-core/axe.js:11246:23)
    at _isIconLigature (/Users/javiercamaraportepetit/Documents/Codex/atiende-licitaciones-staging/node_modules/axe-core/axe.js:17087:41)
    at /Users/javiercamaraportepetit/Documents/Codex/atiende-licitaciones-staging/node_modules/axe-core/axe.js:28725:54
    at Array.some (<anonymous>)
    at hasRealTextChildren (/Users/javiercamaraportepetit/Documents/Codex/atiende-licitaciones-staging/node_modules/axe-core/axe.js:28724:35)
    at Rule.colorContrastMatches [as matches] (/Users/javiercamaraportepetit/Documents/Codex/atiende-licitaciones-staging/node_modules/axe-core/axe.js:28686:12) [90mundefined[39m
····Error: Not implemented: HTMLCanvasElement.prototype.getContext (without installing the canvas npm package)
    at module.exports (/Users/javiercamaraportepetit/Documents/Codex/atiende-licitaciones-staging/node_modules/jsdom/lib/jsdom/browser/not-implemented.js:9:17)
    at HTMLCanvasElementImpl.getContext (/Users/javiercamaraportepetit/Documents/Codex/atiende-licitaciones-staging/node_modules/jsdom/lib/jsdom/living/nodes/HTMLCanvasElement-impl.js:42:5)
    at HTMLCanvasElement.getContext (/Users/javiercamaraportepetit/Documents/Codex/atiende-licitaciones-staging/node_modules/jsdom/lib/jsdom/living/generated/HTMLCanvasElement.js:131:58)
    at /Users/javiercamaraportepetit/Documents/Codex/atiende-licitaciones-staging/node_modules/axe-core/axe.js:17088:49
    at Object.get (/Users/javiercamaraportepetit/Documents/Codex/atiende-licitaciones-staging/node_modules/axe-core/axe.js:11246:23)
    at _isIconLigature (/Users/javiercamaraportepetit/Documents/Codex/atiende-licitaciones-staging/node_modules/axe-core/axe.js:17087:41)
    at /Users/javiercamaraportepetit/Documents/Codex/atiende-licitaciones-staging/node_modules/axe-core/axe.js:28725:54
    at Array.some (<anonymous>)
    at hasRealTextChildren (/Users/javiercamaraportepetit/Documents/Codex/atiende-licitaciones-staging/node_modules/axe-core/axe.js:28724:35)
    at Rule.colorContrastMatches [as matches] (/Users/javiercamaraportepetit/Documents/Codex/atiende-licitaciones-staging/node_modules/axe-core/axe.js:28686:12) [90mundefined[39m
···············Error: Not implemented: HTMLCanvasElement.prototype.getContext (without installing the canvas npm package)
    at module.exports (/Users/javiercamaraportepetit/Documents/Codex/atiende-licitaciones-staging/node_modules/jsdom/lib/jsdom/browser/not-implemented.js:9:17)
    at HTMLCanvasElementImpl.getContext (/Users/javiercamaraportepetit/Documents/Codex/atiende-licitaciones-staging/node_modules/jsdom/lib/jsdom/living/nodes/HTMLCanvasElement-impl.js:42:5)
    at HTMLCanvasElement.getContext (/Users/javiercamaraportepetit/Documents/Codex/atiende-licitaciones-staging/node_modules/jsdom/lib/jsdom/living/generated/HTMLCanvasElement.js:131:58)
    at /Users/javiercamaraportepetit/Documents/Codex/atiende-licitaciones-staging/node_modules/axe-core/axe.js:17088:49
    at Object.get (/Users/javiercamaraportepetit/Documents/Codex/atiende-licitaciones-staging/node_modules/axe-core/axe.js:11246:23)
    at _isIconLigature (/Users/javiercamaraportepetit/Documents/Codex/atiende-licitaciones-staging/node_modules/axe-core/axe.js:17087:41)
    at /Users/javiercamaraportepetit/Documents/Codex/atiende-licitaciones-staging/node_modules/axe-core/axe.js:28725:54
    at Array.some (<anonymous>)
    at hasRealTextChildren (/Users/javiercamaraportepetit/Documents/Codex/atiende-licitaciones-staging/node_modules/axe-core/axe.js:28724:35)
    at Rule.colorContrastMatches [as matches] (/Users/javiercamaraportepetit/Documents/Codex/atiende-licitaciones-staging/node_modules/axe-core/axe.js:28686:12) [90mundefined[39m
························Error: Not implemented: HTMLCanvasElement.prototype.getContext (without installing the canvas npm package)
    at module.exports (/Users/javiercamaraportepetit/Documents/Codex/atiende-licitaciones-staging/node_modules/jsdom/lib/jsdom/browser/not-implemented.js:9:17)
    at HTMLCanvasElementImpl.getContext (/Users/javiercamaraportepetit/Documents/Codex/atiende-licitaciones-staging/node_modules/jsdom/lib/jsdom/living/nodes/HTMLCanvasElement-impl.js:42:5)
    at HTMLCanvasElement.getContext (/Users/javiercamaraportepetit/Documents/Codex/atiende-licitaciones-staging/node_modules/jsdom/lib/jsdom/living/generated/HTMLCanvasElement.js:131:58)
    at /Users/javiercamaraportepetit/Documents/Codex/atiende-licitaciones-staging/node_modules/axe-core/axe.js:17088:49
    at Object.get (/Users/javiercamaraportepetit/Documents/Codex/atiende-licitaciones-staging/node_modules/axe-core/axe.js:11246:23)
    at _isIconLigature (/Users/javiercamaraportepetit/Documents/Codex/atiende-licitaciones-staging/node_modules/axe-core/axe.js:17087:41)
    at /Users/javiercamaraportepetit/Documents/Codex/atiende-licitaciones-staging/node_modules/axe-core/axe.js:28725:54
    at Array.some (<anonymous>)
    at hasRealTextChildren (/Users/javiercamaraportepetit/Documents/Codex/atiende-licitaciones-staging/node_modules/axe-core/axe.js:28724:35)
    at Rule.colorContrastMatches [as matches] (/Users/javiercamaraportepetit/Documents/Codex/atiende-licitaciones-staging/node_modules/axe-core/axe.js:28686:12) [90mundefined[39m
······npm error Lifecycle script `test` failed with error:
npm error code 143
npm error path /Users/javiercamaraportepetit/Documents/Codex/atiende-licitaciones-staging/apps/web
npm error workspace @atiende/web@0.1.0
npm error location /Users/javiercamaraportepetit/Documents/Codex/atiende-licitaciones-staging/apps/web
npm error command failed
npm error command sh -c NODE_OPTIONS=--no-experimental-webstorage vitest run --reporter=dot

=== $ CI=true npm run -w apps/web test (pasada 2/2, reintento) ===

> @atiende/web@0.1.0 test
> NODE_OPTIONS=--no-experimental-webstorage vitest run --reporter=dot


 RUN  v4.1.11 /Users/javiercamaraportepetit/Documents/Codex/atiende-licitaciones-staging/apps/web

stderr | src/pages/evaluacion/AnalisisBasesPage.test.tsx > AnalisisBasesPage > muestra requires_ocr de forma explícita para un documento sin capa de texto
Select is changing from uncontrolled to controlled. Components should not switch from controlled to uncontrolled (or vice versa). Decide between using a controlled or uncontrolled value for the lifetime of the component.

··x·
=== $ CI=true npm run -w apps/web test (pasada 2/2, reintento en primer plano) ===

> @atiende/web@0.1.0 test
> NODE_OPTIONS=--no-experimental-webstorage vitest run --reporter=dot


 RUN  v4.1.11 /Users/javiercamaraportepetit/Documents/Codex/atiende-licitaciones-staging/apps/web

stderr | src/pages/evaluacion/AnalisisBasesPage.test.tsx > AnalisisBasesPage > muestra requires_ocr de forma explícita para un documento sin capa de texto
Select is changing from uncontrolled to controlled. Components should not switch from controlled to uncontrolled (or vice versa). Decide between using a controlled or uncontrolled value for the lifetime of the component.

··stderr | src/pages/preparacion/RedaccionPage.test.tsx > RedaccionPage > muestra una sección bloqueada como PENDIENTE, nunca un valor inventado
Select is changing from uncontrolled to controlled. Components should not switch from controlled to uncontrolled (or vice versa). Decide between using a controlled or uncontrolled value for the lifetime of the component.

··stderr | src/pages/entrega/PaqueteDescargablePage.test.tsx > PaqueteDescargablePage > nunca muestra 'Listo para presentar' cuando el servidor deriva 'draft' (A14)
Select is changing from uncontrolled to controlled. Components should not switch from controlled to uncontrolled (or vice versa). Decide between using a controlled or uncontrolled value for the lifetime of the component.

·
[CIERRE ORDENADO 2026-09-08 23:xx -- pasada 2/2 de 'test' INTERRUMPIDA a mitad, sin resultado: no se afirma verde. Pendiente: reintentar test (pasada 2/2), test:coverage x2, build y test:e2e:full en la siguiente sesión.]
